equipment/character/swordman/avatar/aura/101590001.equ	[aurora avatar]	
equipment/character/swordman/avatar/aura/101590002.equ	[aurora avatar]	
equipment/character/swordman/avatar/aura/101590003.equ	[aurora avatar]	
equipment/character/swordman/avatar/aura/101590007.equ	[aurora avatar]	
equipment/character/swordman/avatar/aura/101590008.equ	[aurora avatar]	
equipment/character/swordman/avatar/aura/101590009.equ	[aurora avatar]	
equipment/character/swordman/avatar/aura/101590010.equ	[aurora avatar]	
equipment/character/swordman/avatar/aura/101590054.equ	[aurora avatar]	
equipment/character/swordman/avatar/aura/101590310.equ	[aurora avatar]	
equipment/character/swordman/avatar/aura/101590560.equ	[aurora avatar]	
equipment/character/swordman/avatar/aura/101590561.equ	[aurora avatar]	
equipment/character/swordman/avatar/aura/202204550.equ	[aurora avatar]	
equipment/character/swordman/avatar/aura/202204551.equ	[aurora avatar]	
equipment/character/swordman/avatar/aura/202257.equ	[aurora avatar]	
equipment/character/swordman/avatar/aura/302392817.equ	[aurora avatar]	
equipment/character/swordman/avatar/aura/400590004.equ	[aurora avatar]	
equipment/character/swordman/avatar/aura/401590001.equ	[aurora avatar]	
equipment/character/swordman/avatar/aura/401590002.equ	[aurora avatar]	
equipment/character/swordman/avatar/aura/401590003.equ	[aurora avatar]	
equipment/character/swordman/avatar/aura/401590004.equ	[aurora avatar]	
equipment/character/swordman/avatar/aura/401590005.equ	[aurora avatar]	
equipment/character/swordman/avatar/aura/401590006.equ	[aurora avatar]	
equipment/character/swordman/avatar/aura/401590009.equ	[aurora avatar]	
equipment/character/swordman/avatar/aura/401590013.equ	[aurora avatar]	
equipment/character/swordman/avatar/aura/401590016.equ	[aurora avatar]	
equipment/character/swordman/avatar/aura/401590017.equ	[aurora avatar]	
equipment/character/swordman/avatar/aura/401590018.equ	[aurora avatar]	
equipment/character/swordman/avatar/aura/401590019.equ	[aurora avatar]	
equipment/character/swordman/avatar/aura/401590020.equ	[aurora avatar]	
equipment/character/swordman/avatar/aura/401590022.equ	[aurora avatar]	
equipment/character/swordman/avatar/aura/401590023.equ	[aurora avatar]	
equipment/character/swordman/avatar/aura/401590024.equ	[aurora avatar]	
equipment/character/swordman/avatar/aura/401590025.equ	[aurora avatar]	
equipment/character/swordman/avatar/aura/401590026.equ	[aurora avatar]	
equipment/character/swordman/avatar/aura/401590031.equ	[aurora avatar]	
equipment/character/swordman/avatar/aura/401590032.equ	[aurora avatar]	
equipment/character/swordman/avatar/aura/401590033.equ	[aurora avatar]	
equipment/character/swordman/avatar/aura/401590034.equ	[aurora avatar]	
equipment/character/swordman/avatar/aura/401590036.equ	[aurora avatar]	
equipment/character/swordman/avatar/aura/401590037.equ	[aurora avatar]	
equipment/character/swordman/avatar/aura/401590041.equ	[aurora avatar]	
equipment/character/swordman/avatar/aura/401590042.equ	[aurora avatar]	
equipment/character/swordman/avatar/aura/401590043.equ	[aurora avatar]	
equipment/character/swordman/avatar/aura/401590044.equ	[aurora avatar]	
equipment/character/swordman/avatar/aura/401590058.equ	[aurora avatar]	
equipment/character/swordman/avatar/aura/401590062.equ	[aurora avatar]	
equipment/character/swordman/avatar/aura/401590065.equ	[aurora avatar]	
equipment/character/swordman/avatar/aura/401590068.equ	[aurora avatar]	
equipment/character/swordman/avatar/aura/401590069.equ	[aurora avatar]	
equipment/character/swordman/avatar/aura/401590070.equ	[aurora avatar]	
equipment/character/swordman/avatar/aura/401590071.equ	[aurora avatar]	
equipment/character/swordman/avatar/aura/401590072.equ	[aurora avatar]	
equipment/character/swordman/avatar/aura/401590073.equ	[aurora avatar]	
equipment/character/swordman/avatar/aura/401590074.equ	[aurora avatar]	
equipment/character/swordman/avatar/aura/401590075.equ	[aurora avatar]	
equipment/character/swordman/avatar/aura/401590076.equ	[aurora avatar]	
equipment/character/swordman/avatar/aura/401590077.equ	[aurora avatar]	
equipment/character/swordman/avatar/aura/401590083.equ	[aurora avatar]	
equipment/character/swordman/avatar/aura/401590084.equ	[aurora avatar]	
equipment/character/swordman/avatar/aura/401590085.equ	[aurora avatar]	
equipment/character/swordman/avatar/aura/401590086.equ	[aurora avatar]	
equipment/character/swordman/avatar/aura/401590106.equ	[aurora avatar]	
equipment/character/swordman/avatar/aura/401590112.equ	[aurora avatar]	
equipment/character/swordman/avatar/aura/401590113.equ	[aurora avatar]	
equipment/character/swordman/avatar/aura/406590000.equ	[aurora avatar]	
equipment/character/swordman/avatar/aura/412590201.equ	[aurora avatar]	
equipment/character/swordman/avatar/aura/413590006.equ	[aurora avatar]	
equipment/character/swordman/avatar/aura/413590007.equ	[aurora avatar]	
equipment/character/swordman/avatar/aura/413590008.equ	[aurora avatar]	
equipment/character/swordman/avatar/aura/415554154.equ	[aurora avatar]	
equipment/character/swordman/avatar/aura/415554155.equ	[aurora avatar]	
equipment/character/swordman/avatar/aura/415590000.equ	[aurora avatar]	
equipment/character/swordman/avatar/aura/415590004.equ	[aurora avatar]	
equipment/character/swordman/avatar/aura/415590021.equ	[aurora avatar]	
equipment/character/swordman/avatar/aura/601590000.equ	[aurora avatar]	
equipment/character/swordman/avatar/aura/601590001.equ	[aurora avatar]	
equipment/character/swordman/avatar/aura/601590002.equ	[aurora avatar]	
equipment/character/swordman/avatar/aura/601590003.equ	[aurora avatar]	
equipment/character/swordman/avatar/aura/601590004.equ	[aurora avatar]	
equipment/character/swordman/avatar/aura/601590005.equ	[aurora avatar]	
equipment/character/swordman/avatar/aura/601590011.equ	[aurora avatar]	
equipment/character/swordman/avatar/aura/601590012.equ	[aurora avatar]	
equipment/character/swordman/avatar/aura/601590054.equ	[aurora avatar]	
equipment/character/swordman/avatar/aura/601590055.equ	[aurora avatar]	
equipment/character/swordman/avatar/aura/601590056.equ	[aurora avatar]	
equipment/character/swordman/avatar/aura/601590057.equ	[aurora avatar]	
equipment/character/swordman/avatar/aura/aura_42700.equ	[aurora avatar]	
equipment/character/swordman/avatar/aura/aura_42701.equ	[aurora avatar]	
equipment/character/swordman/avatar/aura/aura_42702.equ	[aurora avatar]	
equipment/character/swordman/avatar/aura/aura_42703.equ	[aurora avatar]	
equipment/character/swordman/avatar/aura/aura_42704.equ	[aurora avatar]	
equipment/character/swordman/avatar/aura/aura_42705.equ	[aurora avatar]	
equipment/character/swordman/avatar/aura/aura_42706.equ	[aurora avatar]	
equipment/character/swordman/avatar/aura/chn_401590027.equ	[aurora avatar]	
equipment/character/swordman/avatar/aura/chn_401590035.equ	[aurora avatar]	
equipment/character/swordman/avatar/aura/chn_401590089.equ	[aurora avatar]	
equipment/character/swordman/avatar/aura/chn_401590090.equ	[aurora avatar]	
equipment/character/swordman/avatar/aura/chn_401590091.equ	[aurora avatar]	
equipment/character/swordman/avatar/aura/chn_401590092.equ	[aurora avatar]	
equipment/character/swordman/avatar/aura/chn_401590093.equ	[aurora avatar]	
equipment/character/swordman/avatar/aura/chn_401590094.equ	[aurora avatar]	
equipment/character/swordman/avatar/aura/chn_401590095.equ	[aurora avatar]	
equipment/character/swordman/avatar/aura/chn_401590096.equ	[aurora avatar]	
equipment/character/swordman/avatar/aura/chn_401590097.equ	[aurora avatar]	
equipment/character/swordman/avatar/aura/chn_401590101.equ	[aurora avatar]	
equipment/character/swordman/avatar/aura/chn_401590103.equ	[aurora avatar]	
equipment/character/swordman/avatar/aura/chn_401590104.equ	[aurora avatar]	
equipment/character/swordman/avatar/aura/chn_401590105.equ	[aurora avatar]	
equipment/character/swordman/avatar/aura/chn_401590108.equ	[aurora avatar]	
equipment/character/swordman/avatar/aura/chn_401590114.equ	[aurora avatar]	
equipment/character/swordman/avatar/aura/chn_401590124.equ	[aurora avatar]	
equipment/character/swordman/avatar/aura/chn_equ_pvp_avatar_swordman_aura_101590044.equ	[aurora avatar]	
equipment/character/swordman/avatar/aura/chn_equ_pvp_avatar_swordman_aura_101590045.equ	[aurora avatar]	
equipment/character/swordman/avatar/aura/chn_equ_pvp_avatar_swordman_aura_101590046.equ	[aurora avatar]	
equipment/character/swordman/avatar/aura/chn_equ_special_avatar_swordman_aura_101590019.equ	[aurora avatar]	
equipment/character/swordman/avatar/aura/chn_equ_special_avatar_swordman_aura_101590020.equ	[aurora avatar]	
equipment/character/swordman/avatar/aura/chn_equ_special_avatar_swordman_aura_101590021.equ	[aurora avatar]	
equipment/character/swordman/avatar/aura/chn_equ_special_avatar_swordman_aura_101590022.equ	[aurora avatar]	
equipment/character/swordman/avatar/aura/chn_equ_special_avatar_swordman_aura_101590025.equ	[aurora avatar]	
equipment/character/swordman/avatar/aura/chn_equ_special_avatar_swordman_aura_101590027.equ	[aurora avatar]	
equipment/character/swordman/avatar/aura/chn_equ_special_avatar_swordman_aura_101590028.equ	[aurora avatar]	
equipment/character/swordman/avatar/aura/chn_equ_special_avatar_swordman_aura_101590029.equ	[aurora avatar]	
equipment/character/swordman/avatar/aura/chn_equ_special_avatar_swordman_aura_101590030.equ	[aurora avatar]	
equipment/character/swordman/avatar/aura/chn_equ_special_avatar_swordman_aura_101590031.equ	[aurora avatar]	
equipment/character/swordman/avatar/aura/chn_equ_special_avatar_swordman_aura_101590032.equ	[aurora avatar]	
equipment/character/swordman/avatar/aura/chn_equ_special_avatar_swordman_aura_101590033.equ	[aurora avatar]	
equipment/character/swordman/avatar/aura/chn_equ_special_avatar_swordman_aura_101590035.equ	[aurora avatar]	
equipment/character/swordman/avatar/aura/chn_equ_special_avatar_swordman_aura_101590036.equ	[aurora avatar]	
equipment/character/swordman/avatar/aura/chn_equ_special_avatar_swordman_aura_101590037.equ	[aurora avatar]	
equipment/character/swordman/avatar/aura/chn_equ_special_avatar_swordman_aura_101590038.equ	[aurora avatar]	
equipment/character/swordman/avatar/aura/chn_equ_special_avatar_swordman_aura_101590040.equ	[aurora avatar]	
equipment/character/swordman/avatar/aura/chn_equ_special_avatar_swordman_aura_101590041.equ	[aurora avatar]	
equipment/character/swordman/avatar/aura/chn_equ_special_avatar_swordman_aura_101590042.equ	[aurora avatar]	
equipment/character/swordman/avatar/aura/chn_equ_special_avatar_swordman_aura_101590043.equ	[aurora avatar]	
equipment/character/swordman/avatar/aura/chn_equ_special_avatar_swordman_aura_101590047.equ	[aurora avatar]	
equipment/character/swordman/avatar/aura/chn_equ_special_avatar_swordman_aura_101590048.equ	[aurora avatar]	
equipment/character/swordman/avatar/aura/chn_equ_special_avatar_swordman_aura_101590049.equ	[aurora avatar]	
equipment/character/swordman/avatar/aura/chn_equ_special_avatar_swordman_aura_101590050.equ	[aurora avatar]	
equipment/character/swordman/avatar/aura/chn_equ_special_avatar_swordman_aura_101590051.equ	[aurora avatar]	
equipment/character/swordman/avatar/aura/chn_equ_special_avatar_swordman_aura_101590052.equ	[aurora avatar]	
equipment/character/swordman/avatar/aura/chn_equ_special_avatar_swordman_aura_101590053.equ	[aurora avatar]	
equipment/character/swordman/avatar/aura/chn_equ_special_avatar_swordman_aura_101590055.equ	[aurora avatar]	
equipment/character/swordman/avatar/aura/chn_equ_special_avatar_swordman_aura_101590056.equ	[aurora avatar]	
equipment/character/swordman/avatar/aura/chn_equ_special_avatar_swordman_aura_101590059.equ	[aurora avatar]	
equipment/character/swordman/avatar/aura/chn_equ_special_avatar_swordman_aura_101590060.equ	[aurora avatar]	
equipment/character/swordman/avatar/aura/chn_equ_special_avatar_swordman_aura_101590061.equ	[aurora avatar]	
equipment/character/swordman/avatar/aura/chn_equ_special_avatar_swordman_aura_101590067.equ	[aurora avatar]	
equipment/character/swordman/avatar/aura/chn_equ_special_avatar_swordman_aura_101590068.equ	[aurora avatar]	
equipment/character/swordman/avatar/aura/chn_equ_special_avatar_swordman_aura_101590069.equ	[aurora avatar]	
equipment/character/swordman/avatar/aura/chn_equ_special_avatar_swordman_aura_101590075.equ	[aurora avatar]	
equipment/character/swordman/avatar/aura/chn_equ_special_avatar_swordman_aura_101590076.equ	[aurora avatar]	
equipment/character/swordman/avatar/aura/chn_equ_special_avatar_swordman_aura_101590081.equ	[aurora avatar]	
equipment/character/swordman/avatar/aura/chn_equ_special_avatar_swordman_aura_101590084.equ	[aurora avatar]	
equipment/character/swordman/avatar/aura/chn_equ_special_avatar_swordman_aura_101590093.equ	[aurora avatar]	
equipment/character/swordman/avatar/aura/chn_equ_special_avatar_swordman_aura_101590094.equ	[aurora avatar]	
equipment/character/swordman/avatar/aura/chn_equ_special_avatar_swordman_aura_101590096.equ	[aurora avatar]	
equipment/character/swordman/avatar/aura/chn_equ_special_avatar_swordman_aura_101590098.equ	[aurora avatar]	
equipment/character/swordman/avatar/aura/chn_equ_special_avatar_swordman_aura_101590099.equ	[aurora avatar]	
equipment/character/swordman/avatar/aura/chn_equ_special_avatar_swordman_aura_101590100.equ	[aurora avatar]	
equipment/character/swordman/avatar/aura/chn_equ_special_avatar_swordman_aura_101590107.equ	[aurora avatar]	
equipment/character/swordman/avatar/aura/hanfu15.equ	[aurora avatar]	
equipment/character/swordman/avatar/belt/101530274.equ	[waist avatar]	20	3
equipment/character/swordman/avatar/belt/101530275.equ	[waist avatar]	23	0
equipment/character/swordman/avatar/belt/101530276.equ	[waist avatar]	23	1
equipment/character/swordman/avatar/belt/101530277.equ	[waist avatar]	23	2
equipment/character/swordman/avatar/belt/101530278.equ	[waist avatar]	23	3
equipment/character/swordman/avatar/belt/101530279.equ	[waist avatar]	24	0
equipment/character/swordman/avatar/belt/101530280.equ	[waist avatar]	24	1
equipment/character/swordman/avatar/belt/101530281.equ	[waist avatar]	24	2
equipment/character/swordman/avatar/belt/101530282.equ	[waist avatar]	25	0
equipment/character/swordman/avatar/belt/101530283.equ	[waist avatar]	25	1
equipment/character/swordman/avatar/belt/101530284.equ	[waist avatar]	25	2
equipment/character/swordman/avatar/belt/101530285.equ	[waist avatar]	25	3
equipment/character/swordman/avatar/belt/101530286.equ	[waist avatar]	30	3
equipment/character/swordman/avatar/belt/101530287.equ	[waist avatar]	32	0
equipment/character/swordman/avatar/belt/101530288.equ	[waist avatar]	32	1
equipment/character/swordman/avatar/belt/101530289.equ	[waist avatar]	32	2
equipment/character/swordman/avatar/belt/101530290.equ	[waist avatar]	32	3
equipment/character/swordman/avatar/belt/101530291.equ	[waist avatar]	37	0
equipment/character/swordman/avatar/belt/101530292.equ	[waist avatar]	37	1
equipment/character/swordman/avatar/belt/101530293.equ	[waist avatar]	37	2
equipment/character/swordman/avatar/belt/101530294.equ	[waist avatar]	37	3
equipment/character/swordman/avatar/belt/101530295.equ	[waist avatar]	46	1
equipment/character/swordman/avatar/belt/101530296.equ	[waist avatar]	46	2
equipment/character/swordman/avatar/belt/101530297.equ	[waist avatar]	46	3
equipment/character/swordman/avatar/belt/101530298.equ	[waist avatar]	50	0
equipment/character/swordman/avatar/belt/101530299.equ	[waist avatar]	50	1
equipment/character/swordman/avatar/belt/101530300.equ	[waist avatar]	50	2
equipment/character/swordman/avatar/belt/101530301.equ	[waist avatar]	50	3
equipment/character/swordman/avatar/belt/101530302.equ	[waist avatar]	53	0
equipment/character/swordman/avatar/belt/101530303.equ	[waist avatar]	63	0
equipment/character/swordman/avatar/belt/101530304.equ	[waist avatar]	63	1
equipment/character/swordman/avatar/belt/101530305.equ	[waist avatar]	63	2
equipment/character/swordman/avatar/belt/101530306.equ	[waist avatar]	63	3
equipment/character/swordman/avatar/belt/101530307.equ	[waist avatar]	79	1
equipment/character/swordman/avatar/belt/101530308.equ	[waist avatar]	79	2
equipment/character/swordman/avatar/belt/101530309.equ	[waist avatar]	79	3
equipment/character/swordman/avatar/belt/101530310.equ	[waist avatar]	81	0
equipment/character/swordman/avatar/belt/101530311.equ	[waist avatar]	81	1
equipment/character/swordman/avatar/belt/101530312.equ	[waist avatar]	81	2
equipment/character/swordman/avatar/belt/101530313.equ	[waist avatar]	81	3
equipment/character/swordman/avatar/belt/101530314.equ	[waist avatar]	
equipment/character/swordman/avatar/belt/101530315.equ	[waist avatar]	0	0
equipment/character/swordman/avatar/belt/101530316.equ	[waist avatar]	0	1
equipment/character/swordman/avatar/belt/101530317.equ	[waist avatar]	0	2
equipment/character/swordman/avatar/belt/101530318.equ	[waist avatar]	0	3
equipment/character/swordman/avatar/belt/101530319.equ	[waist avatar]	1	0
equipment/character/swordman/avatar/belt/101530320.equ	[waist avatar]	1	1
equipment/character/swordman/avatar/belt/101530321.equ	[waist avatar]	1	2
equipment/character/swordman/avatar/belt/101530322.equ	[waist avatar]	1	3
equipment/character/swordman/avatar/belt/101530323.equ	[waist avatar]	2	0
equipment/character/swordman/avatar/belt/101530324.equ	[waist avatar]	2	1
equipment/character/swordman/avatar/belt/101530325.equ	[waist avatar]	18	0
equipment/character/swordman/avatar/belt/101530326.equ	[waist avatar]	18	1
equipment/character/swordman/avatar/belt/101530327.equ	[waist avatar]	18	2
equipment/character/swordman/avatar/belt/101530328.equ	[waist avatar]	18	3
equipment/character/swordman/avatar/belt/101530329.equ	[waist avatar]	17	0
equipment/character/swordman/avatar/belt/101530330.equ	[waist avatar]	17	1
equipment/character/swordman/avatar/belt/101530331.equ	[waist avatar]	17	2
equipment/character/swordman/avatar/belt/101530332.equ	[waist avatar]	17	3
equipment/character/swordman/avatar/belt/101530333.equ	[waist avatar]	20	0
equipment/character/swordman/avatar/belt/101530334.equ	[waist avatar]	20	1
equipment/character/swordman/avatar/belt/101530335.equ	[waist avatar]	20	2
equipment/character/swordman/avatar/belt/101530336.equ	[waist avatar]	24	3
equipment/character/swordman/avatar/belt/101530337.equ	[waist avatar]	28	0
equipment/character/swordman/avatar/belt/101530338.equ	[waist avatar]	28	1
equipment/character/swordman/avatar/belt/101530339.equ	[waist avatar]	28	2
equipment/character/swordman/avatar/belt/101530340.equ	[waist avatar]	28	3
equipment/character/swordman/avatar/belt/101530341.equ	[waist avatar]	30	0
equipment/character/swordman/avatar/belt/101530342.equ	[waist avatar]	30	1
equipment/character/swordman/avatar/belt/101530343.equ	[waist avatar]	30	2
equipment/character/swordman/avatar/belt/101530344.equ	[waist avatar]	38	0
equipment/character/swordman/avatar/belt/101530345.equ	[waist avatar]	38	1
equipment/character/swordman/avatar/belt/101530346.equ	[waist avatar]	38	2
equipment/character/swordman/avatar/belt/101530347.equ	[waist avatar]	38	3
equipment/character/swordman/avatar/belt/101530348.equ	[waist avatar]	40	0
equipment/character/swordman/avatar/belt/101530349.equ	[waist avatar]	40	1
equipment/character/swordman/avatar/belt/101530350.equ	[waist avatar]	40	2
equipment/character/swordman/avatar/belt/101530351.equ	[waist avatar]	40	3
equipment/character/swordman/avatar/belt/101530352.equ	[waist avatar]	44	0
equipment/character/swordman/avatar/belt/101530353.equ	[waist avatar]	44	1
equipment/character/swordman/avatar/belt/101530354.equ	[waist avatar]	44	2
equipment/character/swordman/avatar/belt/101530355.equ	[waist avatar]	44	3
equipment/character/swordman/avatar/belt/101530356.equ	[waist avatar]	45	0
equipment/character/swordman/avatar/belt/101530357.equ	[waist avatar]	45	1
equipment/character/swordman/avatar/belt/101530358.equ	[waist avatar]	45	2
equipment/character/swordman/avatar/belt/101530359.equ	[waist avatar]	45	3
equipment/character/swordman/avatar/belt/101530360.equ	[waist avatar]	46	0
equipment/character/swordman/avatar/belt/101530361.equ	[waist avatar]	53	1
equipment/character/swordman/avatar/belt/101530362.equ	[waist avatar]	53	2
equipment/character/swordman/avatar/belt/101530363.equ	[waist avatar]	53	3
equipment/character/swordman/avatar/belt/101530364.equ	[waist avatar]	71	0
equipment/character/swordman/avatar/belt/101530365.equ	[waist avatar]	71	1
equipment/character/swordman/avatar/belt/101530366.equ	[waist avatar]	71	2
equipment/character/swordman/avatar/belt/101530367.equ	[waist avatar]	71	3
equipment/character/swordman/avatar/belt/101530368.equ	[waist avatar]	75	0
equipment/character/swordman/avatar/belt/101530369.equ	[waist avatar]	75	1
equipment/character/swordman/avatar/belt/101530370.equ	[waist avatar]	75	2
equipment/character/swordman/avatar/belt/101530371.equ	[waist avatar]	75	3
equipment/character/swordman/avatar/belt/101530372.equ	[waist avatar]	79	0
equipment/character/swordman/avatar/belt/101530373.equ	[waist avatar]	2	2
equipment/character/swordman/avatar/belt/101530374.equ	[waist avatar]	2	3
equipment/character/swordman/avatar/belt/101530375.equ	[waist avatar]	22	0
equipment/character/swordman/avatar/belt/101530388.equ	[waist avatar]	91	0
equipment/character/swordman/avatar/belt/101530389.equ	[waist avatar]	91	1
equipment/character/swordman/avatar/belt/101530390.equ	[waist avatar]	91	2
equipment/character/swordman/avatar/belt/101530391.equ	[waist avatar]	91	3
equipment/character/swordman/avatar/belt/101530392.equ	[waist avatar]	91	0
equipment/character/swordman/avatar/belt/101530393.equ	[waist avatar]	91	1
equipment/character/swordman/avatar/belt/101530394.equ	[waist avatar]	91	2
equipment/character/swordman/avatar/belt/101530395.equ	[waist avatar]	91	3
equipment/character/swordman/avatar/belt/101530396.equ	[waist avatar]	78	0
equipment/character/swordman/avatar/belt/101530397.equ	[waist avatar]	78	0
equipment/character/swordman/avatar/belt/101530403.equ	[waist avatar]	88	0
equipment/character/swordman/avatar/belt/101530404.equ	[waist avatar]	88	1
equipment/character/swordman/avatar/belt/101530405.equ	[waist avatar]	98	0
equipment/character/swordman/avatar/belt/101530406.equ	[waist avatar]	98	1
equipment/character/swordman/avatar/belt/101530407.equ	[waist avatar]	98	2
equipment/character/swordman/avatar/belt/101530408.equ	[waist avatar]	98	3
equipment/character/swordman/avatar/belt/101530409.equ	[waist avatar]	98	0
equipment/character/swordman/avatar/belt/101530410.equ	[waist avatar]	98	1
equipment/character/swordman/avatar/belt/101530411.equ	[waist avatar]	98	2
equipment/character/swordman/avatar/belt/101530412.equ	[waist avatar]	98	3
equipment/character/swordman/avatar/belt/101530414.equ	[waist avatar]	39	0
equipment/character/swordman/avatar/belt/101530415.equ	[waist avatar]	39	0
equipment/character/swordman/avatar/belt/101530416.equ	[waist avatar]	39	0
equipment/character/swordman/avatar/belt/101530417.equ	[waist avatar]	39	0
equipment/character/swordman/avatar/belt/101530418.equ	[waist avatar]	39	0
equipment/character/swordman/avatar/belt/101530419.equ	[waist avatar]	39	0
equipment/character/swordman/avatar/belt/101530420.equ	[waist avatar]	39	0
equipment/character/swordman/avatar/belt/101530421.equ	[waist avatar]	39	0
equipment/character/swordman/avatar/belt/101530422.equ	[waist avatar]	39	0
equipment/character/swordman/avatar/belt/101530423.equ	[waist avatar]	39	0
equipment/character/swordman/avatar/belt/101530424.equ	[waist avatar]	39	0
equipment/character/swordman/avatar/belt/101530425.equ	[waist avatar]	39	0
equipment/character/swordman/avatar/belt/101530426.equ	[waist avatar]	39	0
equipment/character/swordman/avatar/belt/101530427.equ	[waist avatar]	39	0
equipment/character/swordman/avatar/belt/101530428.equ	[waist avatar]	39	0
equipment/character/swordman/avatar/belt/101531433.equ	[waist avatar]	41	2
equipment/character/swordman/avatar/belt/101531481.equ	[waist avatar]	150	0
equipment/character/swordman/avatar/belt/101531482.equ	[waist avatar]	150	1
equipment/character/swordman/avatar/belt/101531483.equ	[waist avatar]	150	2
equipment/character/swordman/avatar/belt/101531484.equ	[waist avatar]	150	3
equipment/character/swordman/avatar/belt/101531567.equ	[waist avatar]	174	0
equipment/character/swordman/avatar/belt/101531571.equ	[waist avatar]	175	0
equipment/character/swordman/avatar/belt/101531575.equ	[waist avatar]	176	0
equipment/character/swordman/avatar/belt/101531579.equ	[waist avatar]	177	0
equipment/character/swordman/avatar/belt/1060000.equ	[waist avatar]	0	0
equipment/character/swordman/avatar/belt/1060001.equ	[waist avatar]	0	1
equipment/character/swordman/avatar/belt/1060002.equ	[waist avatar]	0	2
equipment/character/swordman/avatar/belt/1060003.equ	[waist avatar]	0	3
equipment/character/swordman/avatar/belt/1060004.equ	[waist avatar]	1	0
equipment/character/swordman/avatar/belt/1060005.equ	[waist avatar]	1	1
equipment/character/swordman/avatar/belt/1060006.equ	[waist avatar]	1	2
equipment/character/swordman/avatar/belt/1060007.equ	[waist avatar]	1	3
equipment/character/swordman/avatar/belt/1060008.equ	[waist avatar]	2	0
equipment/character/swordman/avatar/belt/1060009.equ	[waist avatar]	2	1
equipment/character/swordman/avatar/belt/1060010.equ	[waist avatar]	2	2
equipment/character/swordman/avatar/belt/1060011.equ	[waist avatar]	2	3
equipment/character/swordman/avatar/belt/601530000.equ	[waist avatar]	62	2
equipment/character/swordman/avatar/belt/601530001.equ	[waist avatar]	62	3
equipment/character/swordman/avatar/belt/601530002.equ	[waist avatar]	0	0
equipment/character/swordman/avatar/belt/601530003.equ	[waist avatar]	0	1
equipment/character/swordman/avatar/belt/601530004.equ	[waist avatar]	0	2
equipment/character/swordman/avatar/belt/601530005.equ	[waist avatar]	0	3
equipment/character/swordman/avatar/belt/601530006.equ	[waist avatar]	2	0
equipment/character/swordman/avatar/belt/601530007.equ	[waist avatar]	2	1
equipment/character/swordman/avatar/belt/601530008.equ	[waist avatar]	2	2
equipment/character/swordman/avatar/belt/601530009.equ	[waist avatar]	71	0
equipment/character/swordman/avatar/belt/601530010.equ	[waist avatar]	71	3
equipment/character/swordman/avatar/belt/601530011.equ	[waist avatar]	67	0
equipment/character/swordman/avatar/belt/601530012.equ	[waist avatar]	67	1
equipment/character/swordman/avatar/belt/601530013.equ	[waist avatar]	67	2
equipment/character/swordman/avatar/belt/601530014.equ	[waist avatar]	67	3
equipment/character/swordman/avatar/belt/601530016.equ	[waist avatar]	80	0
equipment/character/swordman/avatar/belt/601530017.equ	[waist avatar]	63	0
equipment/character/swordman/avatar/belt/601530018.equ	[waist avatar]	63	1
equipment/character/swordman/avatar/belt/601530019.equ	[waist avatar]	63	2
equipment/character/swordman/avatar/belt/601530020.equ	[waist avatar]	63	3
equipment/character/swordman/avatar/belt/601530021.equ	[waist avatar]	71	1
equipment/character/swordman/avatar/belt/601530022.equ	[waist avatar]	71	2
equipment/character/swordman/avatar/belt/601530023.equ	[waist avatar]	90	0
equipment/character/swordman/avatar/belt/601530024.equ	[waist avatar]	90	1
equipment/character/swordman/avatar/belt/601530025.equ	[waist avatar]	90	2
equipment/character/swordman/avatar/belt/601530026.equ	[waist avatar]	90	3
equipment/character/swordman/avatar/belt/601530027.equ	[waist avatar]	41	3
equipment/character/swordman/avatar/belt/601530028.equ	[waist avatar]	74	0
equipment/character/swordman/avatar/belt/601530029.equ	[waist avatar]	74	1
equipment/character/swordman/avatar/belt/601530030.equ	[waist avatar]	74	2
equipment/character/swordman/avatar/belt/601530031.equ	[waist avatar]	74	3
equipment/character/swordman/avatar/belt/601530032.equ	[waist avatar]	26	0
equipment/character/swordman/avatar/belt/601530033.equ	[waist avatar]	26	1
equipment/character/swordman/avatar/belt/601530034.equ	[waist avatar]	2	0
equipment/character/swordman/avatar/belt/601530035.equ	[waist avatar]	53	0
equipment/character/swordman/avatar/belt/601530036.equ	[waist avatar]	53	1
equipment/character/swordman/avatar/belt/601530037.equ	[waist avatar]	53	2
equipment/character/swordman/avatar/belt/601530038.equ	[waist avatar]	53	3
equipment/character/swordman/avatar/belt/601530039.equ	[waist avatar]	78	0
equipment/character/swordman/avatar/belt/601530040.equ	[waist avatar]	95	0
equipment/character/swordman/avatar/belt/601530041.equ	[waist avatar]	95	1
equipment/character/swordman/avatar/belt/601530042.equ	[waist avatar]	95	2
equipment/character/swordman/avatar/belt/601530043.equ	[waist avatar]	41	0
equipment/character/swordman/avatar/belt/601530044.equ	[waist avatar]	87	0
equipment/character/swordman/avatar/belt/601530045.equ	[waist avatar]	87	1
equipment/character/swordman/avatar/belt/601530046.equ	[waist avatar]	62	2
equipment/character/swordman/avatar/belt/601530047.equ	[waist avatar]	0	0
equipment/character/swordman/avatar/belt/601530048.equ	[waist avatar]	2	0
equipment/character/swordman/avatar/belt/601530049.equ	[waist avatar]	93	0
equipment/character/swordman/avatar/belt/601530050.equ	[waist avatar]	93	1
equipment/character/swordman/avatar/belt/601530051.equ	[waist avatar]	93	2
equipment/character/swordman/avatar/belt/601530052.equ	[waist avatar]	93	3
equipment/character/swordman/avatar/belt/601530053.equ	[waist avatar]	108	0
equipment/character/swordman/avatar/belt/601530054.equ	[waist avatar]	108	1
equipment/character/swordman/avatar/belt/601530055.equ	[waist avatar]	108	2
equipment/character/swordman/avatar/belt/601530056.equ	[waist avatar]	108	3
equipment/character/swordman/avatar/belt/601530057.equ	[waist avatar]	70	1
equipment/character/swordman/avatar/belt/601530058.equ	[waist avatar]	
equipment/character/swordman/avatar/belt/601530059.equ	[waist avatar]	105	0
equipment/character/swordman/avatar/belt/601530060.equ	[waist avatar]	105	1
equipment/character/swordman/avatar/belt/601530061.equ	[waist avatar]	103	0
equipment/character/swordman/avatar/belt/601530062.equ	[waist avatar]	103	1
equipment/character/swordman/avatar/belt/601530063.equ	[waist avatar]	103	2
equipment/character/swordman/avatar/belt/601530064.equ	[waist avatar]	103	3
equipment/character/swordman/avatar/belt/601530065.equ	[waist avatar]	103	4
equipment/character/swordman/avatar/belt/601530066.equ	[waist avatar]	103	5
equipment/character/swordman/avatar/belt/601530068.equ	[waist avatar]	109	0
equipment/character/swordman/avatar/belt/601530069.equ	[waist avatar]	109	1
equipment/character/swordman/avatar/belt/601530070.equ	[waist avatar]	109	2
equipment/character/swordman/avatar/belt/601530071.equ	[waist avatar]	109	3
equipment/character/swordman/avatar/belt/601530080.equ	[waist avatar]	
equipment/character/swordman/avatar/belt/601530083.equ	[waist avatar]	117	0
equipment/character/swordman/avatar/belt/601530084.equ	[waist avatar]	117	1
equipment/character/swordman/avatar/belt/601530085.equ	[waist avatar]	110	0
equipment/character/swordman/avatar/belt/601530086.equ	[waist avatar]	110	1
equipment/character/swordman/avatar/belt/601530111.equ	[waist avatar]	
equipment/character/swordman/avatar/belt/601531021.equ	[waist avatar]	144	0
equipment/character/swordman/avatar/belt/601531022.equ	[waist avatar]	144	1
equipment/character/swordman/avatar/belt/601531023.equ	[waist avatar]	144	2
equipment/character/swordman/avatar/belt/601531024.equ	[waist avatar]	144	3
equipment/character/swordman/avatar/belt/601531025.equ	[waist avatar]	150	0
equipment/character/swordman/avatar/belt/601531026.equ	[waist avatar]	150	1
equipment/character/swordman/avatar/belt/601531027.equ	[waist avatar]	150	2
equipment/character/swordman/avatar/belt/601531028.equ	[waist avatar]	150	3
equipment/character/swordman/avatar/belt/601531029.equ	[waist avatar]	153	0
equipment/character/swordman/avatar/belt/601531030.equ	[waist avatar]	153	1
equipment/character/swordman/avatar/belt/601531031.equ	[waist avatar]	153	2
equipment/character/swordman/avatar/belt/601531032.equ	[waist avatar]	153	3
equipment/character/swordman/avatar/belt/601531033.equ	[waist avatar]	142	0
equipment/character/swordman/avatar/belt/601531034.equ	[waist avatar]	142	1
equipment/character/swordman/avatar/belt/601531035.equ	[waist avatar]	142	2
equipment/character/swordman/avatar/belt/601531036.equ	[waist avatar]	142	3
equipment/character/swordman/avatar/belt/601531040.equ	[waist avatar]	125	0
equipment/character/swordman/avatar/belt/601531041.equ	[waist avatar]	125	1
equipment/character/swordman/avatar/belt/601531042.equ	[waist avatar]	125	2
equipment/character/swordman/avatar/belt/601531043.equ	[waist avatar]	125	3
equipment/character/swordman/avatar/belt/aadorn_bkchain.equ	[waist avatar]	24	1
equipment/character/swordman/avatar/belt/aadorn_glchain.equ	[waist avatar]	24	2
equipment/character/swordman/avatar/belt/aadorn_rdchain.equ	[waist avatar]	24	3
equipment/character/swordman/avatar/belt/aadorn_svchain.equ	[waist avatar]	24	0
equipment/character/swordman/avatar/belt/aband_brsilkwaist.equ	[waist avatar]	27	1
equipment/character/swordman/avatar/belt/aband_wtsilkwaist.equ	[waist avatar]	27	0
equipment/character/swordman/avatar/belt/abando_black.equ	[waist avatar]	6	1
equipment/character/swordman/avatar/belt/abando_blue.equ	[waist avatar]	6	2
equipment/character/swordman/avatar/belt/abando_brown.equ	[waist avatar]	6	3
equipment/character/swordman/avatar/belt/abando_green.equ	[waist avatar]	6	0
equipment/character/swordman/avatar/belt/abbelt_bkmoogak.equ	[waist avatar]	31	1
equipment/character/swordman/avatar/belt/abbelt_glmoogak.equ	[waist avatar]	31	0
equipment/character/swordman/avatar/belt/abelt_41536.equ	[waist avatar]	40	0
equipment/character/swordman/avatar/belt/abelt_41537.equ	[waist avatar]	40	1
equipment/character/swordman/avatar/belt/abelt_41538.equ	[waist avatar]	40	2
equipment/character/swordman/avatar/belt/abelt_41539.equ	[waist avatar]	40	3
equipment/character/swordman/avatar/belt/abelt_41540.equ	[waist avatar]	41	0
equipment/character/swordman/avatar/belt/abelt_41541.equ	[waist avatar]	41	1
equipment/character/swordman/avatar/belt/abelt_41542.equ	[waist avatar]	42	0
equipment/character/swordman/avatar/belt/abelt_41543.equ	[waist avatar]	42	1
equipment/character/swordman/avatar/belt/abelt_41544.equ	[waist avatar]	42	2
equipment/character/swordman/avatar/belt/abelt_41545.equ	[waist avatar]	43	0
equipment/character/swordman/avatar/belt/abelt_41546.equ	[waist avatar]	43	1
equipment/character/swordman/avatar/belt/abelt_41547.equ	[waist avatar]	34	0
equipment/character/swordman/avatar/belt/abelt_41548.equ	[waist avatar]	35	0
equipment/character/swordman/avatar/belt/abelt_41549.equ	[waist avatar]	36	0
equipment/character/swordman/avatar/belt/abelt_41550.equ	[waist avatar]	44	0
equipment/character/swordman/avatar/belt/abelt_41551.equ	[waist avatar]	44	1
equipment/character/swordman/avatar/belt/abelt_41552.equ	[waist avatar]	44	2
equipment/character/swordman/avatar/belt/abelt_41553.equ	[waist avatar]	44	3
equipment/character/swordman/avatar/belt/abelt_41554.equ	[waist avatar]	45	0
equipment/character/swordman/avatar/belt/abelt_41555.equ	[waist avatar]	45	1
equipment/character/swordman/avatar/belt/abelt_41556.equ	[waist avatar]	45	2
equipment/character/swordman/avatar/belt/abelt_41557.equ	[waist avatar]	45	3
equipment/character/swordman/avatar/belt/abelt_41558.equ	[waist avatar]	2	0
equipment/character/swordman/avatar/belt/abelt_41559.equ	[waist avatar]	46	0
equipment/character/swordman/avatar/belt/abelt_41560.equ	[waist avatar]	46	1
equipment/character/swordman/avatar/belt/abelt_41561.equ	[waist avatar]	46	2
equipment/character/swordman/avatar/belt/abelt_41562.equ	[waist avatar]	46	3
equipment/character/swordman/avatar/belt/abelt_41563.equ	[waist avatar]	50	0
equipment/character/swordman/avatar/belt/abelt_41564.equ	[waist avatar]	50	1
equipment/character/swordman/avatar/belt/abelt_41565.equ	[waist avatar]	50	2
equipment/character/swordman/avatar/belt/abelt_41566.equ	[waist avatar]	50	3
equipment/character/swordman/avatar/belt/abelt_41567.equ	[waist avatar]	52	0
equipment/character/swordman/avatar/belt/abelt_41568.equ	[waist avatar]	52	1
equipment/character/swordman/avatar/belt/abelt_41569.equ	[waist avatar]	52	2
equipment/character/swordman/avatar/belt/abelt_41570.equ	[waist avatar]	15	0
equipment/character/swordman/avatar/belt/abelt_41571.equ	[waist avatar]	15	0
equipment/character/swordman/avatar/belt/abelt_41572.equ	[waist avatar]	54	0
equipment/character/swordman/avatar/belt/abelt_41573.equ	[waist avatar]	54	1
equipment/character/swordman/avatar/belt/abelt_41574.equ	[waist avatar]	59	0
equipment/character/swordman/avatar/belt/abelt_41575.equ	[waist avatar]	59	1
equipment/character/swordman/avatar/belt/abelt_41576.equ	[waist avatar]	59	2
equipment/character/swordman/avatar/belt/abelt_41577.equ	[waist avatar]	59	3
equipment/character/swordman/avatar/belt/abelt_41578.equ	[waist avatar]	64	0
equipment/character/swordman/avatar/belt/abelt_41579.equ	[waist avatar]	64	1
equipment/character/swordman/avatar/belt/abelt_41580.equ	[waist avatar]	65	1
equipment/character/swordman/avatar/belt/abelt_41585.equ	[waist avatar]	69	0
equipment/character/swordman/avatar/belt/abelt_41586.equ	[waist avatar]	69	1
equipment/character/swordman/avatar/belt/abelt_41587.equ	[waist avatar]	69	2
equipment/character/swordman/avatar/belt/abelt_41588.equ	[waist avatar]	69	3
equipment/character/swordman/avatar/belt/abelt_41589.equ	[waist avatar]	53	0
equipment/character/swordman/avatar/belt/abelt_41590.equ	[waist avatar]	53	1
equipment/character/swordman/avatar/belt/abelt_41591.equ	[waist avatar]	53	2
equipment/character/swordman/avatar/belt/abelt_41592.equ	[waist avatar]	53	3
equipment/character/swordman/avatar/belt/abelt_41593.equ	[waist avatar]	70	0
equipment/character/swordman/avatar/belt/abelt_41594.equ	[waist avatar]	70	1
equipment/character/swordman/avatar/belt/abelt_41595.equ	[waist avatar]	55	0
equipment/character/swordman/avatar/belt/abelt_41596.equ	[waist avatar]	55	1
equipment/character/swordman/avatar/belt/abelt_41597.equ	[waist avatar]	55	2
equipment/character/swordman/avatar/belt/abelt_41598.equ	[waist avatar]	55	3
equipment/character/swordman/avatar/belt/abelt_41599.equ	[waist avatar]	73	0
equipment/character/swordman/avatar/belt/abelt_41600.equ	[waist avatar]	73	1
equipment/character/swordman/avatar/belt/abelt_41601.equ	[waist avatar]	71	0
equipment/character/swordman/avatar/belt/abelt_41602.equ	[waist avatar]	71	1
equipment/character/swordman/avatar/belt/abelt_41603.equ	[waist avatar]	71	2
equipment/character/swordman/avatar/belt/abelt_41604.equ	[waist avatar]	71	3
equipment/character/swordman/avatar/belt/abelt_41605.equ	[waist avatar]	77	0
equipment/character/swordman/avatar/belt/abelt_41606.equ	[waist avatar]	80	0
equipment/character/swordman/avatar/belt/abelt_41607.equ	[waist avatar]	80	1
equipment/character/swordman/avatar/belt/abelt_41608.equ	[waist avatar]	80	2
equipment/character/swordman/avatar/belt/abelt_41609.equ	[waist avatar]	80	3
equipment/character/swordman/avatar/belt/abelt_41610.equ	[waist avatar]	901	0
equipment/character/swordman/avatar/belt/abelt_41613.equ	[waist avatar]	84	0
equipment/character/swordman/avatar/belt/abelt_41614.equ	[waist avatar]	84	1
equipment/character/swordman/avatar/belt/abelt_41615.equ	[waist avatar]	84	2
equipment/character/swordman/avatar/belt/abelt_41624.equ	[waist avatar]	85	0
equipment/character/swordman/avatar/belt/abelt_41625.equ	[waist avatar]	75	0
equipment/character/swordman/avatar/belt/abelt_41626.equ	[waist avatar]	75	1
equipment/character/swordman/avatar/belt/abelt_41627.equ	[waist avatar]	75	2
equipment/character/swordman/avatar/belt/abelt_41628.equ	[waist avatar]	75	3
equipment/character/swordman/avatar/belt/abelt_41629.equ	[waist avatar]	79	0
equipment/character/swordman/avatar/belt/abelt_41630.equ	[waist avatar]	79	1
equipment/character/swordman/avatar/belt/abelt_41631.equ	[waist avatar]	79	2
equipment/character/swordman/avatar/belt/abelt_41632.equ	[waist avatar]	79	3
equipment/character/swordman/avatar/belt/abelt_41633.equ	[waist avatar]	81	0
equipment/character/swordman/avatar/belt/abelt_41634.equ	[waist avatar]	81	1
equipment/character/swordman/avatar/belt/abelt_41635.equ	[waist avatar]	81	2
equipment/character/swordman/avatar/belt/abelt_41636.equ	[waist avatar]	81	3
equipment/character/swordman/avatar/belt/abelt_bkblhobnail.equ	[waist avatar]	15	2
equipment/character/swordman/avatar/belt/abelt_bkcharm.equ	[waist avatar]	21	0
equipment/character/swordman/avatar/belt/abelt_bkcomkf.equ	[waist avatar]	39	0
equipment/character/swordman/avatar/belt/abelt_bkcross.equ	[waist avatar]	37	3
equipment/character/swordman/avatar/belt/abelt_bkhobnail.equ	[waist avatar]	15	1
equipment/character/swordman/avatar/belt/abelt_bkmetal.equ	[waist avatar]	0	2
equipment/character/swordman/avatar/belt/abelt_bkswordman.equ	[waist avatar]	14	2
equipment/character/swordman/avatar/belt/abelt_blghostface.equ	[waist avatar]	5	3
equipment/character/swordman/avatar/belt/abelt_blmetal.equ	[waist avatar]	0	1
equipment/character/swordman/avatar/belt/abelt_blpouch.equ	[waist avatar]	18	1
equipment/character/swordman/avatar/belt/abelt_brcross.equ	[waist avatar]	37	0
equipment/character/swordman/avatar/belt/abelt_brpouch.equ	[waist avatar]	18	0
equipment/character/swordman/avatar/belt/abelt_brswordman.equ	[waist avatar]	14	3
equipment/character/swordman/avatar/belt/abelt_cpchain.equ	[waist avatar]	4	3
equipment/character/swordman/avatar/belt/abelt_cpchain2.equ	[waist avatar]	4	3
equipment/character/swordman/avatar/belt/abelt_dkbrhobnail.equ	[waist avatar]	15	0
equipment/character/swordman/avatar/belt/abelt_dkgrcharm.equ	[waist avatar]	21	2
equipment/character/swordman/avatar/belt/abelt_dkgrhobnail.equ	[waist avatar]	15	3
equipment/character/swordman/avatar/belt/abelt_dpgycharm.equ	[waist avatar]	21	3
equipment/character/swordman/avatar/belt/abelt_gdchain.equ	[waist avatar]	4	2
equipment/character/swordman/avatar/belt/abelt_gdchain2.equ	[waist avatar]	4	2
equipment/character/swordman/avatar/belt/abelt_gdghostface.equ	[waist avatar]	5	0
equipment/character/swordman/avatar/belt/abelt_lgcloth.equ	[waist avatar]	8	3
equipment/character/swordman/avatar/belt/abelt_metal.equ	[waist avatar]	0	0
equipment/character/swordman/avatar/belt/abelt_noblegoldlong.equ	[waist avatar]	26	0
equipment/character/swordman/avatar/belt/abelt_olpouch.equ	[waist avatar]	18	2
equipment/character/swordman/avatar/belt/abelt_ppcloth.equ	[waist avatar]	8	2
equipment/character/swordman/avatar/belt/abelt_ppcomkf.equ	[waist avatar]	39	1
equipment/character/swordman/avatar/belt/abelt_ppmetal.equ	[waist avatar]	0	3
equipment/character/swordman/avatar/belt/abelt_rdcharm.equ	[waist avatar]	21	1
equipment/character/swordman/avatar/belt/abelt_rdcloth.equ	[waist avatar]	8	0
equipment/character/swordman/avatar/belt/abelt_rdcross.equ	[waist avatar]	37	2
equipment/character/swordman/avatar/belt/abelt_rdghostface.equ	[waist avatar]	5	2
equipment/character/swordman/avatar/belt/abelt_rdpouch.equ	[waist avatar]	18	3
equipment/character/swordman/avatar/belt/abelt_ripebana.equ	[waist avatar]	38	1
equipment/character/swordman/avatar/belt/abelt_rotbana.equ	[waist avatar]	38	3
equipment/character/swordman/avatar/belt/abelt_sdbrswordman.equ	[waist avatar]	14	0
equipment/character/swordman/avatar/belt/abelt_stchain.equ	[waist avatar]	4	1
equipment/character/swordman/avatar/belt/abelt_stchain2.equ	[waist avatar]	4	1
equipment/character/swordman/avatar/belt/abelt_svchain.equ	[waist avatar]	4	0
equipment/character/swordman/avatar/belt/abelt_svchain2.equ	[waist avatar]	4	0
equipment/character/swordman/avatar/belt/abelt_svghostface.equ	[waist avatar]	5	1
equipment/character/swordman/avatar/belt/abelt_upripebana.equ	[waist avatar]	38	2
equipment/character/swordman/avatar/belt/abelt_wtcloth.equ	[waist avatar]	8	1
equipment/character/swordman/avatar/belt/abelt_wtswordman.equ	[waist avatar]	14	1
equipment/character/swordman/avatar/belt/abelt_ylbana.equ	[waist avatar]	38	0
equipment/character/swordman/avatar/belt/abelt_ylcross.equ	[waist avatar]	37	1
equipment/character/swordman/avatar/belt/abuckle_brswordman.equ	[waist avatar]	12	3
equipment/character/swordman/avatar/belt/abuckle_cpcross.equ	[waist avatar]	13	3
equipment/character/swordman/avatar/belt/abuckle_gdcross.equ	[waist avatar]	13	1
equipment/character/swordman/avatar/belt/abuckle_gdswordman.equ	[waist avatar]	12	0
equipment/character/swordman/avatar/belt/abuckle_ircross.equ	[waist avatar]	13	2
equipment/character/swordman/avatar/belt/abuckle_slswordman.equ	[waist avatar]	12	1
equipment/character/swordman/avatar/belt/abuckle_stswordman.equ	[waist avatar]	12	2
equipment/character/swordman/avatar/belt/abuckle_svcross.equ	[waist avatar]	13	0
equipment/character/swordman/avatar/belt/acbelt_buckleadornbk.equ	[waist avatar]	30	0
equipment/character/swordman/avatar/belt/acbelt_buckleadornbl.equ	[waist avatar]	30	1
equipment/character/swordman/avatar/belt/acbelt_buckleadornpp.equ	[waist avatar]	30	3
equipment/character/swordman/avatar/belt/acbelt_buckleadornrd.equ	[waist avatar]	30	2
equipment/character/swordman/avatar/belt/aclub_bzhobgoblin.equ	[waist avatar]	10	0
equipment/character/swordman/avatar/belt/aclub_cphobgoblin.equ	[waist avatar]	10	2
equipment/character/swordman/avatar/belt/aclub_sthobgoblin.equ	[waist avatar]	10	1
equipment/character/swordman/avatar/belt/aclub_tnhobgoblin.equ	[waist avatar]	10	3
equipment/character/swordman/avatar/belt/adoll_gralien.equ	[waist avatar]	23	0
equipment/character/swordman/avatar/belt/adoll_rdalien.equ	[waist avatar]	23	2
equipment/character/swordman/avatar/belt/adoll_snowman.equ	[waist avatar]	29	0
equipment/character/swordman/avatar/belt/adoll_wtalien.equ	[waist avatar]	23	3
equipment/character/swordman/avatar/belt/adoll_ylalien.equ	[waist avatar]	23	1
equipment/character/swordman/avatar/belt/agsword_dpgrbrass.equ	[waist avatar]	28	1
equipment/character/swordman/avatar/belt/agsword_gybrbrass.equ	[waist avatar]	28	0
equipment/character/swordman/avatar/belt/agsword_ltgybrass.equ	[waist avatar]	28	3
equipment/character/swordman/avatar/belt/agsword_ylbrass.equ	[waist avatar]	28	2
equipment/character/swordman/avatar/belt/aguard_bkskulladorn.equ	[waist avatar]	32	0
equipment/character/swordman/avatar/belt/aguard_bkwild.equ	[waist avatar]	25	2
equipment/character/swordman/avatar/belt/aguard_blgrwild.equ	[waist avatar]	25	0
equipment/character/swordman/avatar/belt/aguard_blskulladorn.equ	[waist avatar]	32	3
equipment/character/swordman/avatar/belt/aguard_dpbrwild.equ	[waist avatar]	25	3
equipment/character/swordman/avatar/belt/aguard_rdskulladorn.equ	[waist avatar]	32	1
equipment/character/swordman/avatar/belt/aguard_rdwild.equ	[waist avatar]	25	1
equipment/character/swordman/avatar/belt/aguard_vlskulladorn.equ	[waist avatar]	32	2
equipment/character/swordman/avatar/belt/aorna_bkamber.equ	[waist avatar]	11	2
equipment/character/swordman/avatar/belt/aorna_gramber.equ	[waist avatar]	11	3
equipment/character/swordman/avatar/belt/aorna_orgamber.equ	[waist avatar]	11	1
equipment/character/swordman/avatar/belt/aorna_ylamber.equ	[waist avatar]	11	0
equipment/character/swordman/avatar/belt/aornament_ashminkfur.equ	[waist avatar]	2	0
equipment/character/swordman/avatar/belt/aornament_indigominkfur.equ	[waist avatar]	2	3
equipment/character/swordman/avatar/belt/aornament_ivoryminkfur.equ	[waist avatar]	2	1
equipment/character/swordman/avatar/belt/aornament_pomeminkfur.equ	[waist avatar]	2	2
equipment/character/swordman/avatar/belt/asack_blackhip.equ	[waist avatar]	9	0
equipment/character/swordman/avatar/belt/asack_bluehip.equ	[waist avatar]	9	2
equipment/character/swordman/avatar/belt/asack_brownhip.equ	[waist avatar]	9	1
equipment/character/swordman/avatar/belt/asack_greenhip.equ	[waist avatar]	9	3
equipment/character/swordman/avatar/belt/asheath_blue.equ	[waist avatar]	3	1
equipment/character/swordman/avatar/belt/asheath_blue2.equ	[waist avatar]	3	1
equipment/character/swordman/avatar/belt/asheath_gold.equ	[waist avatar]	3	0
equipment/character/swordman/avatar/belt/asheath_gold2.equ	[waist avatar]	3	0
equipment/character/swordman/avatar/belt/asheath_green.equ	[waist avatar]	3	3
equipment/character/swordman/avatar/belt/asheath_green2.equ	[waist avatar]	3	3
equipment/character/swordman/avatar/belt/asheath_silver.equ	[waist avatar]	3	2
equipment/character/swordman/avatar/belt/asheath_silver2.equ	[waist avatar]	3	2
equipment/character/swordman/avatar/belt/aswd_bkblthree.equ	[waist avatar]	20	2
equipment/character/swordman/avatar/belt/aswd_bkthree.equ	[waist avatar]	20	0
equipment/character/swordman/avatar/belt/aswd_brthree.equ	[waist avatar]	20	1
equipment/character/swordman/avatar/belt/aswd_vlthree.equ	[waist avatar]	20	3
equipment/character/swordman/avatar/belt/atail_bear.equ	[waist avatar]	22	0
equipment/character/swordman/avatar/belt/atail_bkfallangel.equ	[waist avatar]	17	0
equipment/character/swordman/avatar/belt/atail_brfallangel.equ	[waist avatar]	17	2
equipment/character/swordman/avatar/belt/atail_dblfallangel.equ	[waist avatar]	17	3
equipment/character/swordman/avatar/belt/atail_rdfallangel.equ	[waist avatar]	17	1
equipment/character/swordman/avatar/belt/awaist_clonesw.equ	[waist avatar]	
equipment/character/swordman/avatar/belt/awaist_rareclonesw.equ	[waist avatar]	
equipment/character/swordman/avatar/belt/aweapon_arrogantprince.equ	[waist avatar]	9	0
equipment/character/swordman/avatar/belt/awguard_dkknight.equ	[waist avatar]	16	0
equipment/character/swordman/avatar/belt/chn_equ_avatar_swordman_belt_101530482.equ	[waist avatar]	108	0
equipment/character/swordman/avatar/belt/chn_equ_avatar_swordman_belt_101530483.equ	[waist avatar]	108	1
equipment/character/swordman/avatar/belt/chn_equ_avatar_swordman_belt_101530484.equ	[waist avatar]	108	2
equipment/character/swordman/avatar/belt/chn_equ_avatar_swordman_belt_101530485.equ	[waist avatar]	108	3
equipment/character/swordman/avatar/belt/chn_equ_avatar_swordman_belt_101530495.equ	[waist avatar]	112	0
equipment/character/swordman/avatar/belt/chn_equ_avatar_swordman_belt_101530496.equ	[waist avatar]	112	1
equipment/character/swordman/avatar/belt/chn_equ_avatar_swordman_belt_101530497.equ	[waist avatar]	112	2
equipment/character/swordman/avatar/belt/chn_equ_avatar_swordman_belt_101530498.equ	[waist avatar]	112	3
equipment/character/swordman/avatar/belt/chn_equ_avatar_swordman_belt_101530514.equ	[waist avatar]	119	0
equipment/character/swordman/avatar/belt/chn_equ_avatar_swordman_belt_101530515.equ	[waist avatar]	119	1
equipment/character/swordman/avatar/belt/chn_equ_avatar_swordman_belt_101530516.equ	[waist avatar]	119	2
equipment/character/swordman/avatar/belt/chn_equ_avatar_swordman_belt_101530517.equ	[waist avatar]	119	3
equipment/character/swordman/avatar/belt/chn_equ_avatar_swordman_belt_601534760.equ	[waist avatar]	47	0
equipment/character/swordman/avatar/belt/chn_equ_avatar_swordman_belt_601534761.equ	[waist avatar]	47	1
equipment/character/swordman/avatar/belt/chn_equ_avatar_swordman_belt_601534762.equ	[waist avatar]	47	2
equipment/character/swordman/avatar/belt/chn_equ_avatar_swordman_belt_601534763.equ	[waist avatar]	47	3
equipment/character/swordman/avatar/belt/chn_equ_avatar_swordman_belt_601534764.equ	[waist avatar]	48	0
equipment/character/swordman/avatar/belt/chn_equ_avatar_swordman_belt_601534765.equ	[waist avatar]	48	1
equipment/character/swordman/avatar/belt/chn_equ_avatar_swordman_belt_601534766.equ	[waist avatar]	48	2
equipment/character/swordman/avatar/belt/chn_equ_avatar_swordman_belt_601534767.equ	[waist avatar]	48	3
equipment/character/swordman/avatar/belt/chn_equ_avatar_swordman_belt_601534768.equ	[waist avatar]	49	0
equipment/character/swordman/avatar/belt/chn_equ_avatar_swordman_belt_601534769.equ	[waist avatar]	49	1
equipment/character/swordman/avatar/belt/chn_equ_avatar_swordman_belt_601534770.equ	[waist avatar]	49	2
equipment/character/swordman/avatar/belt/chn_equ_avatar_swordman_belt_601534771.equ	[waist avatar]	49	3
equipment/character/swordman/avatar/belt/chn_equ_avatar_swordman_belt_601534776.equ	[waist avatar]	55	0
equipment/character/swordman/avatar/belt/chn_equ_avatar_swordman_belt_601534777.equ	[waist avatar]	55	1
equipment/character/swordman/avatar/belt/chn_equ_avatar_swordman_belt_601534778.equ	[waist avatar]	55	2
equipment/character/swordman/avatar/belt/chn_equ_avatar_swordman_belt_601534779.equ	[waist avatar]	55	3
equipment/character/swordman/avatar/belt/chn_equ_avatar_swordman_belt_601534784.equ	[waist avatar]	62	0
equipment/character/swordman/avatar/belt/chn_equ_avatar_swordman_belt_601534785.equ	[waist avatar]	62	1
equipment/character/swordman/avatar/belt/chn_equ_avatar_swordman_belt_601534786.equ	[waist avatar]	62	2
equipment/character/swordman/avatar/belt/chn_equ_avatar_swordman_belt_601534787.equ	[waist avatar]	62	3
equipment/character/swordman/avatar/belt/chn_equ_avatar_swordman_belt_601534788.equ	[waist avatar]	63	0
equipment/character/swordman/avatar/belt/chn_equ_avatar_swordman_belt_601534789.equ	[waist avatar]	63	1
equipment/character/swordman/avatar/belt/chn_equ_avatar_swordman_belt_601534790.equ	[waist avatar]	63	2
equipment/character/swordman/avatar/belt/chn_equ_avatar_swordman_belt_601534791.equ	[waist avatar]	63	3
equipment/character/swordman/avatar/belt/chn_equ_avatar_swordman_belt_601534792.equ	[waist avatar]	65	0
equipment/character/swordman/avatar/belt/chn_equ_avatar_swordman_belt_601534793.equ	[waist avatar]	65	1
equipment/character/swordman/avatar/belt/chn_equ_avatar_swordman_belt_601534794.equ	[waist avatar]	65	2
equipment/character/swordman/avatar/belt/chn_equ_avatar_swordman_belt_601534795.equ	[waist avatar]	65	3
equipment/character/swordman/avatar/belt/chn_equ_avatar_swordman_belt_601534796.equ	[waist avatar]	51	0
equipment/character/swordman/avatar/belt/chn_equ_avatar_swordman_belt_601534797.equ	[waist avatar]	51	1
equipment/character/swordman/avatar/belt/chn_equ_avatar_swordman_belt_601534798.equ	[waist avatar]	51	2
equipment/character/swordman/avatar/belt/chn_equ_avatar_swordman_belt_601534799.equ	[waist avatar]	51	3
equipment/character/swordman/avatar/belt/chn_equ_avatar_swordman_belt_601534804.equ	[waist avatar]	66	0
equipment/character/swordman/avatar/belt/chn_equ_avatar_swordman_belt_601534805.equ	[waist avatar]	66	1
equipment/character/swordman/avatar/belt/chn_equ_avatar_swordman_belt_601534806.equ	[waist avatar]	66	2
equipment/character/swordman/avatar/belt/chn_equ_avatar_swordman_belt_601534807.equ	[waist avatar]	66	3
equipment/character/swordman/avatar/belt/chn_equ_avatar_swordman_belt_601534808.equ	[waist avatar]	71	0
equipment/character/swordman/avatar/belt/chn_equ_avatar_swordman_belt_601534809.equ	[waist avatar]	71	1
equipment/character/swordman/avatar/belt/chn_equ_avatar_swordman_belt_601534810.equ	[waist avatar]	71	2
equipment/character/swordman/avatar/belt/chn_equ_avatar_swordman_belt_601534811.equ	[waist avatar]	71	3
equipment/character/swordman/avatar/belt/chn_equ_avatar_swordman_belt_601534813.equ	[waist avatar]	72	0
equipment/character/swordman/avatar/belt/chn_equ_avatar_swordman_belt_601534814.equ	[waist avatar]	72	1
equipment/character/swordman/avatar/belt/chn_equ_avatar_swordman_belt_601534815.equ	[waist avatar]	72	2
equipment/character/swordman/avatar/belt/chn_equ_avatar_swordman_belt_601534816.equ	[waist avatar]	72	3
equipment/character/swordman/avatar/belt/chn_equ_avatar_swordman_belt_601534821.equ	[waist avatar]	74	0
equipment/character/swordman/avatar/belt/chn_equ_avatar_swordman_belt_601534822.equ	[waist avatar]	74	1
equipment/character/swordman/avatar/belt/chn_equ_avatar_swordman_belt_601534823.equ	[waist avatar]	74	2
equipment/character/swordman/avatar/belt/chn_equ_avatar_swordman_belt_601534824.equ	[waist avatar]	74	3
equipment/character/swordman/avatar/belt/chn_equ_avatar_swordman_belt_601534842.equ	[waist avatar]	86	0
equipment/character/swordman/avatar/belt/chn_equ_avatar_swordman_belt_601534843.equ	[waist avatar]	86	1
equipment/character/swordman/avatar/belt/chn_equ_avatar_swordman_belt_601534844.equ	[waist avatar]	86	2
equipment/character/swordman/avatar/belt/chn_equ_avatar_swordman_belt_601534845.equ	[waist avatar]	86	3
equipment/character/swordman/avatar/belt/chn_equ_avatar_swordman_belt_601534854.equ	[waist avatar]	76	0
equipment/character/swordman/avatar/belt/chn_equ_avatar_swordman_belt_601534855.equ	[waist avatar]	76	1
equipment/character/swordman/avatar/belt/chn_equ_avatar_swordman_belt_601534856.equ	[waist avatar]	76	2
equipment/character/swordman/avatar/belt/chn_equ_avatar_swordman_belt_601534857.equ	[waist avatar]	76	3
equipment/character/swordman/avatar/belt/chn_equ_avatar_swordman_belt_601534865.equ	[waist avatar]	78	0
equipment/character/swordman/avatar/belt/chn_equ_avatar_swordman_belt_601534866.equ	[waist avatar]	78	1
equipment/character/swordman/avatar/belt/chn_equ_avatar_swordman_belt_601534867.equ	[waist avatar]	78	2
equipment/character/swordman/avatar/belt/chn_equ_avatar_swordman_belt_601534868.equ	[waist avatar]	78	3
equipment/character/swordman/avatar/belt/chn_equ_special_avatar_swordman_belt_101530480.equ	[waist avatar]	
equipment/character/swordman/avatar/belt/chn_equ_special_avatar_swordman_belt_101530500.equ	[waist avatar]	116	0
equipment/character/swordman/avatar/belt/chn_equ_special_avatar_swordman_belt_101530501.equ	[waist avatar]	116	1
equipment/character/swordman/avatar/belt/chn_equ_special_avatar_swordman_belt_101530510.equ	[waist avatar]	120	0
equipment/character/swordman/avatar/belt/chn_equ_special_avatar_swordman_belt_101530511.equ	[waist avatar]	120	1
equipment/character/swordman/avatar/belt/chn_equ_special_avatar_swordman_belt_101530512.equ	[waist avatar]	120	2
equipment/character/swordman/avatar/belt/chn_equ_special_avatar_swordman_belt_101530513.equ	[waist avatar]	120	3
equipment/character/swordman/avatar/belt/chn_equ_special_avatar_swordman_belt_101530523.equ	[waist avatar]	
equipment/character/swordman/avatar/belt/chn_equ_special_avatar_swordman_belt_101530525.equ	[waist avatar]	130	0
equipment/character/swordman/avatar/belt/chn_equ_special_avatar_swordman_belt_101530526.equ	[waist avatar]	130	1
equipment/character/swordman/avatar/belt/chn_equ_special_avatar_swordman_belt_101530527.equ	[waist avatar]	130	2
equipment/character/swordman/avatar/belt/chn_equ_special_avatar_swordman_belt_101530528.equ	[waist avatar]	130	3
equipment/character/swordman/avatar/belt/chn_equ_special_avatar_swordman_belt_101530535.equ	[waist avatar]	128	0
equipment/character/swordman/avatar/belt/chn_equ_special_avatar_swordman_belt_101530536.equ	[waist avatar]	128	1
equipment/character/swordman/avatar/belt/chn_equ_special_avatar_swordman_belt_101530537.equ	[waist avatar]	128	2
equipment/character/swordman/avatar/belt/chn_equ_special_avatar_swordman_belt_101530538.equ	[waist avatar]	128	3
equipment/character/swordman/avatar/belt/chn_equ_special_avatar_swordman_belt_101530541.equ	[waist avatar]	121	0
equipment/character/swordman/avatar/belt/chn_equ_special_avatar_swordman_belt_101530542.equ	[waist avatar]	121	1
equipment/character/swordman/avatar/belt/chn_equ_special_avatar_swordman_belt_101530543.equ	[waist avatar]	121	2
equipment/character/swordman/avatar/belt/chn_equ_special_avatar_swordman_belt_101530546.equ	[waist avatar]	
equipment/character/swordman/avatar/belt/chn_equ_special_avatar_swordman_belt_101530554.equ	[waist avatar]	137	0
equipment/character/swordman/avatar/belt/chn_equ_special_avatar_swordman_belt_101530555.equ	[waist avatar]	137	1
equipment/character/swordman/avatar/belt/chn_equ_special_avatar_swordman_belt_101530556.equ	[waist avatar]	137	2
equipment/character/swordman/avatar/belt/chn_equ_special_avatar_swordman_belt_101530557.equ	[waist avatar]	137	3
equipment/character/swordman/avatar/belt/chn_equ_special_avatar_swordman_belt_101530562.equ	[waist avatar]	143	0
equipment/character/swordman/avatar/belt/chn_equ_special_avatar_swordman_belt_101530563.equ	[waist avatar]	143	1
equipment/character/swordman/avatar/belt/chn_equ_special_avatar_swordman_belt_101530564.equ	[waist avatar]	143	2
equipment/character/swordman/avatar/belt/chn_equ_special_avatar_swordman_belt_101530565.equ	[waist avatar]	143	3
equipment/character/swordman/avatar/belt/chn_equ_special_avatar_swordman_belt_101530567.equ	[waist avatar]	113	0
equipment/character/swordman/avatar/belt/chn_equ_special_avatar_swordman_belt_101530568.equ	[waist avatar]	113	1
equipment/character/swordman/avatar/belt/chn_equ_special_avatar_swordman_belt_101530571.equ	[waist avatar]	
equipment/character/swordman/avatar/belt/chn_equ_special_avatar_swordman_belt_101530575.equ	[waist avatar]	122	0
equipment/character/swordman/avatar/belt/chn_equ_special_avatar_swordman_belt_101530576.equ	[waist avatar]	122	1
equipment/character/swordman/avatar/belt/chn_equ_special_avatar_swordman_belt_101530577.equ	[waist avatar]	122	2
equipment/character/swordman/avatar/belt/chn_equ_special_avatar_swordman_belt_101530578.equ	[waist avatar]	149	0
equipment/character/swordman/avatar/belt/chn_equ_special_avatar_swordman_belt_101530579.equ	[waist avatar]	149	1
equipment/character/swordman/avatar/belt/chn_equ_special_avatar_swordman_belt_101530580.equ	[waist avatar]	149	2
equipment/character/swordman/avatar/belt/chn_equ_special_avatar_swordman_belt_101530581.equ	[waist avatar]	149	3
equipment/character/swordman/avatar/belt/chn_equ_special_avatar_swordman_belt_2684780.equ	[waist avatar]	60	0
equipment/character/swordman/avatar/belt/chn_equ_special_avatar_swordman_belt_2684781.equ	[waist avatar]	60	1
equipment/character/swordman/avatar/belt/chn_equ_special_avatar_swordman_belt_2684782.equ	[waist avatar]	60	2
equipment/character/swordman/avatar/belt/chn_equ_special_avatar_swordman_belt_2684783.equ	[waist avatar]	60	3
equipment/character/swordman/avatar/belt/chn_equ_special_avatar_swordman_belt_2684800.equ	[waist avatar]	68	0
equipment/character/swordman/avatar/belt/chn_equ_special_avatar_swordman_belt_2684801.equ	[waist avatar]	68	1
equipment/character/swordman/avatar/belt/chn_equ_special_avatar_swordman_belt_2684802.equ	[waist avatar]	68	2
equipment/character/swordman/avatar/belt/chn_equ_special_avatar_swordman_belt_2684803.equ	[waist avatar]	68	3
equipment/character/swordman/avatar/belt/chn_equ_special_avatar_swordman_belt_2684817.equ	[waist avatar]	52	0
equipment/character/swordman/avatar/belt/chn_equ_special_avatar_swordman_belt_2684818.equ	[waist avatar]	52	1
equipment/character/swordman/avatar/belt/chn_equ_special_avatar_swordman_belt_2684819.equ	[waist avatar]	52	2
equipment/character/swordman/avatar/belt/chn_equ_special_avatar_swordman_belt_2684820.equ	[waist avatar]	52	3
equipment/character/swordman/avatar/belt/chn_equ_upper_avatar_swordman_belt_101530462.equ	[waist avatar]	99	0
equipment/character/swordman/avatar/belt/chn_equ_upper_avatar_swordman_belt_101530463.equ	[waist avatar]	99	1
equipment/character/swordman/avatar/belt/chn_equ_upper_avatar_swordman_belt_101530464.equ	[waist avatar]	99	2
equipment/character/swordman/avatar/belt/chn_equ_upper_avatar_swordman_belt_101530465.equ	[waist avatar]	99	3
equipment/character/swordman/avatar/belt/chn_equ_upper_avatar_swordman_belt_101530486.equ	[waist avatar]	111	0
equipment/character/swordman/avatar/belt/chn_equ_upper_avatar_swordman_belt_101530487.equ	[waist avatar]	111	1
equipment/character/swordman/avatar/belt/chn_equ_upper_avatar_swordman_belt_101530488.equ	[waist avatar]	111	2
equipment/character/swordman/avatar/belt/chn_equ_upper_avatar_swordman_belt_101530489.equ	[waist avatar]	111	3
equipment/character/swordman/avatar/belt/chn_equ_upper_avatar_swordman_belt_101530502.equ	[waist avatar]	53	0
equipment/character/swordman/avatar/belt/chn_equ_upper_avatar_swordman_belt_101530503.equ	[waist avatar]	53	1
equipment/character/swordman/avatar/belt/chn_equ_upper_avatar_swordman_belt_101530504.equ	[waist avatar]	53	2
equipment/character/swordman/avatar/belt/chn_equ_upper_avatar_swordman_belt_101530505.equ	[waist avatar]	53	3
equipment/character/swordman/avatar/belt/chn_equ_upper_avatar_swordman_belt_101530596.equ	[waist avatar]	154	0
equipment/character/swordman/avatar/belt/chn_equ_upper_avatar_swordman_belt_101530597.equ	[waist avatar]	154	1
equipment/character/swordman/avatar/belt/chn_equ_upper_avatar_swordman_belt_101530598.equ	[waist avatar]	154	2
equipment/character/swordman/avatar/belt/chn_equ_upper_avatar_swordman_belt_101530599.equ	[waist avatar]	154	3
equipment/character/swordman/avatar/belt/chn_equ_upper_avatar_swordman_belt_601534772.equ	[waist avatar]	56	0
equipment/character/swordman/avatar/belt/chn_equ_upper_avatar_swordman_belt_601534773.equ	[waist avatar]	56	1
equipment/character/swordman/avatar/belt/chn_equ_upper_avatar_swordman_belt_601534774.equ	[waist avatar]	56	2
equipment/character/swordman/avatar/belt/chn_equ_upper_avatar_swordman_belt_601534775.equ	[waist avatar]	56	3
equipment/character/swordman/avatar/belt/chn_equ_upper_avatar_swordman_belt_601534825.equ	[waist avatar]	75	0
equipment/character/swordman/avatar/belt/chn_equ_upper_avatar_swordman_belt_601534826.equ	[waist avatar]	75	1
equipment/character/swordman/avatar/belt/chn_equ_upper_avatar_swordman_belt_601534827.equ	[waist avatar]	75	2
equipment/character/swordman/avatar/belt/chn_equ_upper_avatar_swordman_belt_601534828.equ	[waist avatar]	75	3
equipment/character/swordman/avatar/belt/chn_equ_upper_avatar_swordman_belt_601534829.equ	[waist avatar]	79	0
equipment/character/swordman/avatar/belt/chn_equ_upper_avatar_swordman_belt_601534830.equ	[waist avatar]	79	1
equipment/character/swordman/avatar/belt/chn_equ_upper_avatar_swordman_belt_601534831.equ	[waist avatar]	79	2
equipment/character/swordman/avatar/belt/chn_equ_upper_avatar_swordman_belt_601534832.equ	[waist avatar]	79	3
equipment/character/swordman/avatar/belt/chn_equ_upper_avatar_swordman_belt_601534846.equ	[waist avatar]	81	0
equipment/character/swordman/avatar/belt/chn_equ_upper_avatar_swordman_belt_601534847.equ	[waist avatar]	81	1
equipment/character/swordman/avatar/belt/chn_equ_upper_avatar_swordman_belt_601534848.equ	[waist avatar]	81	2
equipment/character/swordman/avatar/belt/chn_equ_upper_avatar_swordman_belt_601534849.equ	[waist avatar]	81	3
equipment/character/swordman/avatar/belt/chn_equ_upper_avatar_swordman_belt_601534860.equ	[waist avatar]	92	0
equipment/character/swordman/avatar/belt/chn_equ_upper_avatar_swordman_belt_601534861.equ	[waist avatar]	92	1
equipment/character/swordman/avatar/belt/chn_equ_upper_avatar_swordman_belt_601534862.equ	[waist avatar]	92	2
equipment/character/swordman/avatar/belt/chn_equ_upper_avatar_swordman_belt_601534863.equ	[waist avatar]	92	3
equipment/character/swordman/avatar/belt/chn_equ_upper_avatar_swordman_belt_601534877.equ	[waist avatar]	94	0
equipment/character/swordman/avatar/belt/chn_equ_upper_avatar_swordman_belt_601534878.equ	[waist avatar]	94	1
equipment/character/swordman/avatar/belt/chn_equ_upper_avatar_swordman_belt_601534879.equ	[waist avatar]	94	2
equipment/character/swordman/avatar/belt/chn_equ_upper_avatar_swordman_belt_601534880.equ	[waist avatar]	94	3
equipment/character/swordman/avatar/belt/gm_sword_belt.equ	[waist avatar]	16	1
equipment/character/swordman/avatar/belt/goldaornament_ashminkfur.equ	[waist avatar]	2	0
equipment/character/swordman/avatar/belt/goldaornament_indigominkfur.equ	[waist avatar]	2	3
equipment/character/swordman/avatar/belt/goldaornament_ivoryminkfur.equ	[waist avatar]	2	1
equipment/character/swordman/avatar/belt/goldaornament_pomeminkfur.equ	[waist avatar]	2	2
equipment/character/swordman/avatar/belt/goldaswd_bkblthree.equ	[waist avatar]	20	2
equipment/character/swordman/avatar/belt/goldaswd_bkthree.equ	[waist avatar]	20	0
equipment/character/swordman/avatar/belt/goldaswd_brthree.equ	[waist avatar]	20	1
equipment/character/swordman/avatar/belt/goldaswd_vlthree.equ	[waist avatar]	20	3
equipment/character/swordman/avatar/belt/tattoo_blgothic.equ	[waist avatar]	1	2
equipment/character/swordman/avatar/belt/tattoo_gothic.equ	[waist avatar]	1	0
equipment/character/swordman/avatar/belt/tattoo_rdgothic.equ	[waist avatar]	1	1
equipment/character/swordman/avatar/belt/tattoo_wgothic.equ	[waist avatar]	1	3
equipment/character/swordman/avatar/cap/1000000.equ	[hat avatar]	0	0
equipment/character/swordman/avatar/cap/1000001.equ	[hat avatar]	1	0
equipment/character/swordman/avatar/cap/1000002.equ	[hat avatar]	2	0
equipment/character/swordman/avatar/cap/1000003.equ	[hat avatar]	0	1
equipment/character/swordman/avatar/cap/1000004.equ	[hat avatar]	0	2
equipment/character/swordman/avatar/cap/1000005.equ	[hat avatar]	0	3
equipment/character/swordman/avatar/cap/1000006.equ	[hat avatar]	1	1
equipment/character/swordman/avatar/cap/1000007.equ	[hat avatar]	1	2
equipment/character/swordman/avatar/cap/1000008.equ	[hat avatar]	1	3
equipment/character/swordman/avatar/cap/1000009.equ	[hat avatar]	2	1
equipment/character/swordman/avatar/cap/1000010.equ	[hat avatar]	2	2
equipment/character/swordman/avatar/cap/1000011.equ	[hat avatar]	2	3
equipment/character/swordman/avatar/cap/1000012.equ	[hat avatar]	3	0
equipment/character/swordman/avatar/cap/1000013.equ	[hat avatar]	4	0
equipment/character/swordman/avatar/cap/1000014.equ	[hat avatar]	3	1
equipment/character/swordman/avatar/cap/1000015.equ	[hat avatar]	3	2
equipment/character/swordman/avatar/cap/1000016.equ	[hat avatar]	3	3
equipment/character/swordman/avatar/cap/1000017.equ	[hat avatar]	4	1
equipment/character/swordman/avatar/cap/1000018.equ	[hat avatar]	4	2
equipment/character/swordman/avatar/cap/1000019.equ	[hat avatar]	4	3
equipment/character/swordman/avatar/cap/101550302.equ	[hat avatar]	97	1
equipment/character/swordman/avatar/cap/101550303.equ	[hat avatar]	97	2
equipment/character/swordman/avatar/cap/101550304.equ	[hat avatar]	97	3
equipment/character/swordman/avatar/cap/101550305.equ	[hat avatar]	24	0
equipment/character/swordman/avatar/cap/101550306.equ	[hat avatar]	24	1
equipment/character/swordman/avatar/cap/101550307.equ	[hat avatar]	24	2
equipment/character/swordman/avatar/cap/101550308.equ	[hat avatar]	24	3
equipment/character/swordman/avatar/cap/101550309.equ	[hat avatar]	28	0
equipment/character/swordman/avatar/cap/101550310.equ	[hat avatar]	28	1
equipment/character/swordman/avatar/cap/101550311.equ	[hat avatar]	28	2
equipment/character/swordman/avatar/cap/101550312.equ	[hat avatar]	31	1
equipment/character/swordman/avatar/cap/101550313.equ	[hat avatar]	31	2
equipment/character/swordman/avatar/cap/101550314.equ	[hat avatar]	31	3
equipment/character/swordman/avatar/cap/101550315.equ	[hat avatar]	33	0
equipment/character/swordman/avatar/cap/101550316.equ	[hat avatar]	33	1
equipment/character/swordman/avatar/cap/101550317.equ	[hat avatar]	33	2
equipment/character/swordman/avatar/cap/101550318.equ	[hat avatar]	33	3
equipment/character/swordman/avatar/cap/101550319.equ	[hat avatar]	41	0
equipment/character/swordman/avatar/cap/101550320.equ	[hat avatar]	41	1
equipment/character/swordman/avatar/cap/101550321.equ	[hat avatar]	41	2
equipment/character/swordman/avatar/cap/101550322.equ	[hat avatar]	41	3
equipment/character/swordman/avatar/cap/101550323.equ	[hat avatar]	44	0
equipment/character/swordman/avatar/cap/101550324.equ	[hat avatar]	44	1
equipment/character/swordman/avatar/cap/101550325.equ	[hat avatar]	44	2
equipment/character/swordman/avatar/cap/101550326.equ	[hat avatar]	44	3
equipment/character/swordman/avatar/cap/101550327.equ	[hat avatar]	48	2
equipment/character/swordman/avatar/cap/101550328.equ	[hat avatar]	48	3
equipment/character/swordman/avatar/cap/101550329.equ	[hat avatar]	53	3
equipment/character/swordman/avatar/cap/101550330.equ	[hat avatar]	54	0
equipment/character/swordman/avatar/cap/101550331.equ	[hat avatar]	54	1
equipment/character/swordman/avatar/cap/101550332.equ	[hat avatar]	54	2
equipment/character/swordman/avatar/cap/101550333.equ	[hat avatar]	54	3
equipment/character/swordman/avatar/cap/101550334.equ	[hat avatar]	73	0
equipment/character/swordman/avatar/cap/101550335.equ	[hat avatar]	73	1
equipment/character/swordman/avatar/cap/101550336.equ	[hat avatar]	73	2
equipment/character/swordman/avatar/cap/101550337.equ	[hat avatar]	73	3
equipment/character/swordman/avatar/cap/101550338.equ	[hat avatar]	0	0
equipment/character/swordman/avatar/cap/101550339.equ	[hat avatar]	1	0
equipment/character/swordman/avatar/cap/101550340.equ	[hat avatar]	2	0
equipment/character/swordman/avatar/cap/101550341.equ	[hat avatar]	0	1
equipment/character/swordman/avatar/cap/101550342.equ	[hat avatar]	0	2
equipment/character/swordman/avatar/cap/101550343.equ	[hat avatar]	0	3
equipment/character/swordman/avatar/cap/101550344.equ	[hat avatar]	1	1
equipment/character/swordman/avatar/cap/101550345.equ	[hat avatar]	1	2
equipment/character/swordman/avatar/cap/101550346.equ	[hat avatar]	1	3
equipment/character/swordman/avatar/cap/101550347.equ	[hat avatar]	2	1
equipment/character/swordman/avatar/cap/101550348.equ	[hat avatar]	92	0
equipment/character/swordman/avatar/cap/101550349.equ	[hat avatar]	92	1
equipment/character/swordman/avatar/cap/101550350.equ	[hat avatar]	92	2
equipment/character/swordman/avatar/cap/101550351.equ	[hat avatar]	92	3
equipment/character/swordman/avatar/cap/101550352.equ	[hat avatar]	95	0
equipment/character/swordman/avatar/cap/101550353.equ	[hat avatar]	95	1
equipment/character/swordman/avatar/cap/101550354.equ	[hat avatar]	95	2
equipment/character/swordman/avatar/cap/101550355.equ	[hat avatar]	95	3
equipment/character/swordman/avatar/cap/101550356.equ	[hat avatar]	97	0
equipment/character/swordman/avatar/cap/101550357.equ	[hat avatar]	25	0
equipment/character/swordman/avatar/cap/101550358.equ	[hat avatar]	25	1
equipment/character/swordman/avatar/cap/101550359.equ	[hat avatar]	25	2
equipment/character/swordman/avatar/cap/101550360.equ	[hat avatar]	25	3
equipment/character/swordman/avatar/cap/101550361.equ	[hat avatar]	28	3
equipment/character/swordman/avatar/cap/101550362.equ	[hat avatar]	30	0
equipment/character/swordman/avatar/cap/101550363.equ	[hat avatar]	30	1
equipment/character/swordman/avatar/cap/101550364.equ	[hat avatar]	30	2
equipment/character/swordman/avatar/cap/101550365.equ	[hat avatar]	30	3
equipment/character/swordman/avatar/cap/101550366.equ	[hat avatar]	31	0
equipment/character/swordman/avatar/cap/101550367.equ	[hat avatar]	37	0
equipment/character/swordman/avatar/cap/101550368.equ	[hat avatar]	37	1
equipment/character/swordman/avatar/cap/101550369.equ	[hat avatar]	37	2
equipment/character/swordman/avatar/cap/101550370.equ	[hat avatar]	37	3
equipment/character/swordman/avatar/cap/101550371.equ	[hat avatar]	39	0
equipment/character/swordman/avatar/cap/101550372.equ	[hat avatar]	39	1
equipment/character/swordman/avatar/cap/101550373.equ	[hat avatar]	39	2
equipment/character/swordman/avatar/cap/101550374.equ	[hat avatar]	39	3
equipment/character/swordman/avatar/cap/101550375.equ	[hat avatar]	45	0
equipment/character/swordman/avatar/cap/101550376.equ	[hat avatar]	45	1
equipment/character/swordman/avatar/cap/101550377.equ	[hat avatar]	45	2
equipment/character/swordman/avatar/cap/101550378.equ	[hat avatar]	45	3
equipment/character/swordman/avatar/cap/101550379.equ	[hat avatar]	48	0
equipment/character/swordman/avatar/cap/101550380.equ	[hat avatar]	48	1
equipment/character/swordman/avatar/cap/101550381.equ	[hat avatar]	53	0
equipment/character/swordman/avatar/cap/101550382.equ	[hat avatar]	53	1
equipment/character/swordman/avatar/cap/101550383.equ	[hat avatar]	53	2
equipment/character/swordman/avatar/cap/101550384.equ	[hat avatar]	55	0
equipment/character/swordman/avatar/cap/101550385.equ	[hat avatar]	55	1
equipment/character/swordman/avatar/cap/101550386.equ	[hat avatar]	55	2
equipment/character/swordman/avatar/cap/101550387.equ	[hat avatar]	55	3
equipment/character/swordman/avatar/cap/101550388.equ	[hat avatar]	61	0
equipment/character/swordman/avatar/cap/101550389.equ	[hat avatar]	61	1
equipment/character/swordman/avatar/cap/101550390.equ	[hat avatar]	61	2
equipment/character/swordman/avatar/cap/101550391.equ	[hat avatar]	61	3
equipment/character/swordman/avatar/cap/101550392.equ	[hat avatar]	64	0
equipment/character/swordman/avatar/cap/101550393.equ	[hat avatar]	64	1
equipment/character/swordman/avatar/cap/101550394.equ	[hat avatar]	64	2
equipment/character/swordman/avatar/cap/101550395.equ	[hat avatar]	64	3
equipment/character/swordman/avatar/cap/101550396.equ	[hat avatar]	65	0
equipment/character/swordman/avatar/cap/101550397.equ	[hat avatar]	65	1
equipment/character/swordman/avatar/cap/101550398.equ	[hat avatar]	65	2
equipment/character/swordman/avatar/cap/101550399.equ	[hat avatar]	65	3
equipment/character/swordman/avatar/cap/101550400.equ	[hat avatar]	87	0
equipment/character/swordman/avatar/cap/101550401.equ	[hat avatar]	87	1
equipment/character/swordman/avatar/cap/101550402.equ	[hat avatar]	87	2
equipment/character/swordman/avatar/cap/101550403.equ	[hat avatar]	87	3
equipment/character/swordman/avatar/cap/101550404.equ	[hat avatar]	
equipment/character/swordman/avatar/cap/101550405.equ	[hat avatar]	2	2
equipment/character/swordman/avatar/cap/101550406.equ	[hat avatar]	2	3
equipment/character/swordman/avatar/cap/101550407.equ	[hat avatar]	3	0
equipment/character/swordman/avatar/cap/101550408.equ	[hat avatar]	4	0
equipment/character/swordman/avatar/cap/101550409.equ	[hat avatar]	3	1
equipment/character/swordman/avatar/cap/101550410.equ	[hat avatar]	3	2
equipment/character/swordman/avatar/cap/101550411.equ	[hat avatar]	3	3
equipment/character/swordman/avatar/cap/101550412.equ	[hat avatar]	4	1
equipment/character/swordman/avatar/cap/101550413.equ	[hat avatar]	4	2
equipment/character/swordman/avatar/cap/101550414.equ	[hat avatar]	4	3
equipment/character/swordman/avatar/cap/101550415.equ	[hat avatar]	108	0
equipment/character/swordman/avatar/cap/101550416.equ	[hat avatar]	108	1
equipment/character/swordman/avatar/cap/101550417.equ	[hat avatar]	108	2
equipment/character/swordman/avatar/cap/101550418.equ	[hat avatar]	29	0
equipment/character/swordman/avatar/cap/101550434.equ	[hat avatar]	114	0
equipment/character/swordman/avatar/cap/101550435.equ	[hat avatar]	111	0
equipment/character/swordman/avatar/cap/101550436.equ	[hat avatar]	111	1
equipment/character/swordman/avatar/cap/101550437.equ	[hat avatar]	111	2
equipment/character/swordman/avatar/cap/101550438.equ	[hat avatar]	111	3
equipment/character/swordman/avatar/cap/101550439.equ	[hat avatar]	111	0
equipment/character/swordman/avatar/cap/101550440.equ	[hat avatar]	111	1
equipment/character/swordman/avatar/cap/101550441.equ	[hat avatar]	111	2
equipment/character/swordman/avatar/cap/101550442.equ	[hat avatar]	111	3
equipment/character/swordman/avatar/cap/101550443.equ	[hat avatar]	126	0
equipment/character/swordman/avatar/cap/101550444.equ	[hat avatar]	126	0
equipment/character/swordman/avatar/cap/101550450.equ	[hat avatar]	107	0
equipment/character/swordman/avatar/cap/101550451.equ	[hat avatar]	107	1
equipment/character/swordman/avatar/cap/101550453.equ	[hat avatar]	123	0
equipment/character/swordman/avatar/cap/101550454.equ	[hat avatar]	123	1
equipment/character/swordman/avatar/cap/101550455.equ	[hat avatar]	123	2
equipment/character/swordman/avatar/cap/101550456.equ	[hat avatar]	123	3
equipment/character/swordman/avatar/cap/101550457.equ	[hat avatar]	123	0
equipment/character/swordman/avatar/cap/101550458.equ	[hat avatar]	123	1
equipment/character/swordman/avatar/cap/101550459.equ	[hat avatar]	123	2
equipment/character/swordman/avatar/cap/101550460.equ	[hat avatar]	123	3
equipment/character/swordman/avatar/cap/101550461.equ	[hat avatar]	95	0
equipment/character/swordman/avatar/cap/101550462.equ	[hat avatar]	95	0
equipment/character/swordman/avatar/cap/101550464.equ	[hat avatar]	46	0
equipment/character/swordman/avatar/cap/101550465.equ	[hat avatar]	46	0
equipment/character/swordman/avatar/cap/101550466.equ	[hat avatar]	46	0
equipment/character/swordman/avatar/cap/101550467.equ	[hat avatar]	46	0
equipment/character/swordman/avatar/cap/101550468.equ	[hat avatar]	46	0
equipment/character/swordman/avatar/cap/101550469.equ	[hat avatar]	46	0
equipment/character/swordman/avatar/cap/101550470.equ	[hat avatar]	46	0
equipment/character/swordman/avatar/cap/101550471.equ	[hat avatar]	46	0
equipment/character/swordman/avatar/cap/101550472.equ	[hat avatar]	46	0
equipment/character/swordman/avatar/cap/101550473.equ	[hat avatar]	46	0
equipment/character/swordman/avatar/cap/101550474.equ	[hat avatar]	46	0
equipment/character/swordman/avatar/cap/101550475.equ	[hat avatar]	46	0
equipment/character/swordman/avatar/cap/101550476.equ	[hat avatar]	46	0
equipment/character/swordman/avatar/cap/101550477.equ	[hat avatar]	46	0
equipment/character/swordman/avatar/cap/101550478.equ	[hat avatar]	46	0
equipment/character/swordman/avatar/cap/101551558.equ	[hat avatar]	49	2
equipment/character/swordman/avatar/cap/101551614.equ	[hat avatar]	189	0
equipment/character/swordman/avatar/cap/101551615.equ	[hat avatar]	189	1
equipment/character/swordman/avatar/cap/101551616.equ	[hat avatar]	189	2
equipment/character/swordman/avatar/cap/101551617.equ	[hat avatar]	189	3
equipment/character/swordman/avatar/cap/101551710.equ	[hat avatar]	229	0
equipment/character/swordman/avatar/cap/101551714.equ	[hat avatar]	230	0
equipment/character/swordman/avatar/cap/101551718.equ	[hat avatar]	232	0
equipment/character/swordman/avatar/cap/101551722.equ	[hat avatar]	234	0
equipment/character/swordman/avatar/cap/601550000.equ	[hat avatar]	72	2
equipment/character/swordman/avatar/cap/601550001.equ	[hat avatar]	72	3
equipment/character/swordman/avatar/cap/601550002.equ	[hat avatar]	0	0
equipment/character/swordman/avatar/cap/601550003.equ	[hat avatar]	0	1
equipment/character/swordman/avatar/cap/601550004.equ	[hat avatar]	0	2
equipment/character/swordman/avatar/cap/601550005.equ	[hat avatar]	0	3
equipment/character/swordman/avatar/cap/601550006.equ	[hat avatar]	4	0
equipment/character/swordman/avatar/cap/601550007.equ	[hat avatar]	4	1
equipment/character/swordman/avatar/cap/601550008.equ	[hat avatar]	4	2
equipment/character/swordman/avatar/cap/601550009.equ	[hat avatar]	87	0
equipment/character/swordman/avatar/cap/601550010.equ	[hat avatar]	87	3
equipment/character/swordman/avatar/cap/601550011.equ	[hat avatar]	8	0
equipment/character/swordman/avatar/cap/601550012.equ	[hat avatar]	81	0
equipment/character/swordman/avatar/cap/601550013.equ	[hat avatar]	81	1
equipment/character/swordman/avatar/cap/601550014.equ	[hat avatar]	81	2
equipment/character/swordman/avatar/cap/601550015.equ	[hat avatar]	81	3
equipment/character/swordman/avatar/cap/601550017.equ	[hat avatar]	96	0
equipment/character/swordman/avatar/cap/601550018.equ	[hat avatar]	120	0
equipment/character/swordman/avatar/cap/601550019.equ	[hat avatar]	73	0
equipment/character/swordman/avatar/cap/601550020.equ	[hat avatar]	73	1
equipment/character/swordman/avatar/cap/601550021.equ	[hat avatar]	73	2
equipment/character/swordman/avatar/cap/601550022.equ	[hat avatar]	73	3
equipment/character/swordman/avatar/cap/601550023.equ	[hat avatar]	87	1
equipment/character/swordman/avatar/cap/601550024.equ	[hat avatar]	87	2
equipment/character/swordman/avatar/cap/601550025.equ	[hat avatar]	110	0
equipment/character/swordman/avatar/cap/601550026.equ	[hat avatar]	110	1
equipment/character/swordman/avatar/cap/601550027.equ	[hat avatar]	110	2
equipment/character/swordman/avatar/cap/601550028.equ	[hat avatar]	110	3
equipment/character/swordman/avatar/cap/601550029.equ	[hat avatar]	49	3
equipment/character/swordman/avatar/cap/601550030.equ	[hat avatar]	108	0
equipment/character/swordman/avatar/cap/601550031.equ	[hat avatar]	108	1
equipment/character/swordman/avatar/cap/601550032.equ	[hat avatar]	108	2
equipment/character/swordman/avatar/cap/601550033.equ	[hat avatar]	91	0
equipment/character/swordman/avatar/cap/601550034.equ	[hat avatar]	91	1
equipment/character/swordman/avatar/cap/601550035.equ	[hat avatar]	91	2
equipment/character/swordman/avatar/cap/601550036.equ	[hat avatar]	91	3
equipment/character/swordman/avatar/cap/601550037.equ	[hat avatar]	99	0
equipment/character/swordman/avatar/cap/601550038.equ	[hat avatar]	99	1
equipment/character/swordman/avatar/cap/601550039.equ	[hat avatar]	99	2
equipment/character/swordman/avatar/cap/601550040.equ	[hat avatar]	100	0
equipment/character/swordman/avatar/cap/601550041.equ	[hat avatar]	100	1
equipment/character/swordman/avatar/cap/601550042.equ	[hat avatar]	100	2
equipment/character/swordman/avatar/cap/601550043.equ	[hat avatar]	57	1
equipment/character/swordman/avatar/cap/601550044.equ	[hat avatar]	65	0
equipment/character/swordman/avatar/cap/601550045.equ	[hat avatar]	65	1
equipment/character/swordman/avatar/cap/601550046.equ	[hat avatar]	65	2
equipment/character/swordman/avatar/cap/601550047.equ	[hat avatar]	65	3
equipment/character/swordman/avatar/cap/601550048.equ	[hat avatar]	126	0
equipment/character/swordman/avatar/cap/601550049.equ	[hat avatar]	117	0
equipment/character/swordman/avatar/cap/601550050.equ	[hat avatar]	117	1
equipment/character/swordman/avatar/cap/601550051.equ	[hat avatar]	117	2
equipment/character/swordman/avatar/cap/601550052.equ	[hat avatar]	49	0
equipment/character/swordman/avatar/cap/601550053.equ	[hat avatar]	105	0
equipment/character/swordman/avatar/cap/601550054.equ	[hat avatar]	105	1
equipment/character/swordman/avatar/cap/601550055.equ	[hat avatar]	72	2
equipment/character/swordman/avatar/cap/601550056.equ	[hat avatar]	0	0
equipment/character/swordman/avatar/cap/601550057.equ	[hat avatar]	4	0
equipment/character/swordman/avatar/cap/601550058.equ	[hat avatar]	113	0
equipment/character/swordman/avatar/cap/601550059.equ	[hat avatar]	113	1
equipment/character/swordman/avatar/cap/601550060.equ	[hat avatar]	113	2
equipment/character/swordman/avatar/cap/601550061.equ	[hat avatar]	113	3
equipment/character/swordman/avatar/cap/601550062.equ	[hat avatar]	136	0
equipment/character/swordman/avatar/cap/601550063.equ	[hat avatar]	136	1
equipment/character/swordman/avatar/cap/601550064.equ	[hat avatar]	136	2
equipment/character/swordman/avatar/cap/601550065.equ	[hat avatar]	136	3
equipment/character/swordman/avatar/cap/601550066.equ	[hat avatar]	85	1
equipment/character/swordman/avatar/cap/601550067.equ	[hat avatar]	
equipment/character/swordman/avatar/cap/601550070.equ	[hat avatar]	131	0
equipment/character/swordman/avatar/cap/601550071.equ	[hat avatar]	131	1
equipment/character/swordman/avatar/cap/601550072.equ	[hat avatar]	129	0
equipment/character/swordman/avatar/cap/601550073.equ	[hat avatar]	129	1
equipment/character/swordman/avatar/cap/601550074.equ	[hat avatar]	129	2
equipment/character/swordman/avatar/cap/601550075.equ	[hat avatar]	129	3
equipment/character/swordman/avatar/cap/601550076.equ	[hat avatar]	129	4
equipment/character/swordman/avatar/cap/601550077.equ	[hat avatar]	129	5
equipment/character/swordman/avatar/cap/601550081.equ	[hat avatar]	137	0
equipment/character/swordman/avatar/cap/601550082.equ	[hat avatar]	137	1
equipment/character/swordman/avatar/cap/601550083.equ	[hat avatar]	137	2
equipment/character/swordman/avatar/cap/601550084.equ	[hat avatar]	137	3
equipment/character/swordman/avatar/cap/601550093.equ	[hat avatar]	
equipment/character/swordman/avatar/cap/601550096.equ	[hat avatar]	146	0
equipment/character/swordman/avatar/cap/601550097.equ	[hat avatar]	146	1
equipment/character/swordman/avatar/cap/601550098.equ	[hat avatar]	138	0
equipment/character/swordman/avatar/cap/601550099.equ	[hat avatar]	138	1
equipment/character/swordman/avatar/cap/601550202.equ	[hat avatar]	251	0
equipment/character/swordman/avatar/cap/601550203.equ	[hat avatar]	251	1
equipment/character/swordman/avatar/cap/601550204.equ	[hat avatar]	251	2
equipment/character/swordman/avatar/cap/601550205.equ	[hat avatar]	251	3
equipment/character/swordman/avatar/cap/601551081.equ	[hat avatar]	182	0
equipment/character/swordman/avatar/cap/601551082.equ	[hat avatar]	182	1
equipment/character/swordman/avatar/cap/601551083.equ	[hat avatar]	182	2
equipment/character/swordman/avatar/cap/601551084.equ	[hat avatar]	182	3
equipment/character/swordman/avatar/cap/601551085.equ	[hat avatar]	189	0
equipment/character/swordman/avatar/cap/601551086.equ	[hat avatar]	189	1
equipment/character/swordman/avatar/cap/601551087.equ	[hat avatar]	189	2
equipment/character/swordman/avatar/cap/601551088.equ	[hat avatar]	189	3
equipment/character/swordman/avatar/cap/601551089.equ	[hat avatar]	193	0
equipment/character/swordman/avatar/cap/601551090.equ	[hat avatar]	193	1
equipment/character/swordman/avatar/cap/601551091.equ	[hat avatar]	193	2
equipment/character/swordman/avatar/cap/601551092.equ	[hat avatar]	193	3
equipment/character/swordman/avatar/cap/601551093.equ	[hat avatar]	180	0
equipment/character/swordman/avatar/cap/601551094.equ	[hat avatar]	180	1
equipment/character/swordman/avatar/cap/601551095.equ	[hat avatar]	180	2
equipment/character/swordman/avatar/cap/601551096.equ	[hat avatar]	180	3
equipment/character/swordman/avatar/cap/601551102.equ	[hat avatar]	155	0
equipment/character/swordman/avatar/cap/601551103.equ	[hat avatar]	155	1
equipment/character/swordman/avatar/cap/601551104.equ	[hat avatar]	155	2
equipment/character/swordman/avatar/cap/601551105.equ	[hat avatar]	155	3
equipment/character/swordman/avatar/cap/aadorn_sharphornbl.equ	[hat avatar]	39	1
equipment/character/swordman/avatar/cap/aadorn_sharphorngr.equ	[hat avatar]	39	0
equipment/character/swordman/avatar/cap/aadorn_sharphornpk.equ	[hat avatar]	39	3
equipment/character/swordman/avatar/cap/aadorn_sharphornpp.equ	[hat avatar]	39	2
equipment/character/swordman/avatar/cap/aband_blackhair.equ	[hat avatar]	10	0
equipment/character/swordman/avatar/cap/aband_bluehair.equ	[hat avatar]	10	2
equipment/character/swordman/avatar/cap/aband_purplehair.equ	[hat avatar]	10	3
equipment/character/swordman/avatar/cap/aband_redhair.equ	[hat avatar]	10	1
equipment/character/swordman/avatar/cap/abandage_azurine.equ	[hat avatar]	16	1
equipment/character/swordman/avatar/cap/abandage_bk.equ	[hat avatar]	16	2
equipment/character/swordman/avatar/cap/abandage_wt.equ	[hat avatar]	16	0
equipment/character/swordman/avatar/cap/abandage_yl.equ	[hat avatar]	16	3
equipment/character/swordman/avatar/cap/abeanie_dpgrsummer.equ	[hat avatar]	31	2
equipment/character/swordman/avatar/cap/abeanie_rdsummer.equ	[hat avatar]	31	1
equipment/character/swordman/avatar/cap/abeanie_wtsummer.equ	[hat avatar]	31	0
equipment/character/swordman/avatar/cap/abeanie_ylsummer.equ	[hat avatar]	31	3
equipment/character/swordman/avatar/cap/aberet_bk.equ	[hat avatar]	8	1
equipment/character/swordman/avatar/cap/aberet_dpbl.equ	[hat avatar]	8	0
equipment/character/swordman/avatar/cap/aberet_dpbw.equ	[hat avatar]	8	2
equipment/character/swordman/avatar/cap/aberet_dprd.equ	[hat avatar]	8	3
equipment/character/swordman/avatar/cap/abunch_bkbandage.equ	[hat avatar]	37	1
equipment/character/swordman/avatar/cap/abunch_blbandage.equ	[hat avatar]	37	3
equipment/character/swordman/avatar/cap/abunch_wtbandage.equ	[hat avatar]	37	0
equipment/character/swordman/avatar/cap/abunch_ylbandage.equ	[hat avatar]	37	2
equipment/character/swordman/avatar/cap/acap_39291.equ	[hat avatar]	89	0
equipment/character/swordman/avatar/cap/acap_39292.equ	[hat avatar]	92	0
equipment/character/swordman/avatar/cap/acap_39293.equ	[hat avatar]	92	1
equipment/character/swordman/avatar/cap/acap_39294.equ	[hat avatar]	92	2
equipment/character/swordman/avatar/cap/acap_39295.equ	[hat avatar]	92	3
equipment/character/swordman/avatar/cap/acap_39296.equ	[hat avatar]	95	0
equipment/character/swordman/avatar/cap/acap_39297.equ	[hat avatar]	95	1
equipment/character/swordman/avatar/cap/acap_39298.equ	[hat avatar]	95	2
equipment/character/swordman/avatar/cap/acap_39299.equ	[hat avatar]	95	3
equipment/character/swordman/avatar/cap/acap_39300.equ	[hat avatar]	97	0
equipment/character/swordman/avatar/cap/acap_39301.equ	[hat avatar]	97	1
equipment/character/swordman/avatar/cap/acap_39302.equ	[hat avatar]	97	2
equipment/character/swordman/avatar/cap/acap_39303.equ	[hat avatar]	97	3
equipment/character/swordman/avatar/cap/acap_4eyegear.equ	[hat avatar]	1	0
equipment/character/swordman/avatar/cap/acap_azhorngear.equ	[hat avatar]	2	1
equipment/character/swordman/avatar/cap/acap_bkoplnhgear.equ	[hat avatar]	3	1
equipment/character/swordman/avatar/cap/acap_bl4eyegear.equ	[hat avatar]	1	1
equipment/character/swordman/avatar/cap/acap_blhgear.equ	[hat avatar]	0	3
equipment/character/swordman/avatar/cap/acap_blhorngear.equ	[hat avatar]	2	2
equipment/character/swordman/avatar/cap/acap_clonesw.equ	[hat avatar]	
equipment/character/swordman/avatar/cap/acap_cophgear.equ	[hat avatar]	4	2
equipment/character/swordman/avatar/cap/acap_emdlnhgear.equ	[hat avatar]	3	3
equipment/character/swordman/avatar/cap/acap_gr4eyegear.equ	[hat avatar]	1	2
equipment/character/swordman/avatar/cap/acap_grhgear.equ	[hat avatar]	0	1
equipment/character/swordman/avatar/cap/acap_hgear.equ	[hat avatar]	0	0
equipment/character/swordman/avatar/cap/acap_horngear.equ	[hat avatar]	2	0
equipment/character/swordman/avatar/cap/acap_lblnhgear.equ	[hat avatar]	3	2
equipment/character/swordman/avatar/cap/acap_lnhgear.equ	[hat avatar]	3	0
equipment/character/swordman/avatar/cap/acap_mthgear.equ	[hat avatar]	4	0
equipment/character/swordman/avatar/cap/acap_pphgear.equ	[hat avatar]	0	2
equipment/character/swordman/avatar/cap/acap_pphorngear.equ	[hat avatar]	2	3
equipment/character/swordman/avatar/cap/acap_rareclonesw.equ	[hat avatar]	
equipment/character/swordman/avatar/cap/acap_sthgear.equ	[hat avatar]	4	1
equipment/character/swordman/avatar/cap/acap_titanhgear.equ	[hat avatar]	4	3
equipment/character/swordman/avatar/cap/acap_yl4eyegear.equ	[hat avatar]	1	3
equipment/character/swordman/avatar/cap/aear_bkwolf.equ	[hat avatar]	30	0
equipment/character/swordman/avatar/cap/aear_rdwolf.equ	[hat avatar]	30	1
equipment/character/swordman/avatar/cap/aear_wtwolf.equ	[hat avatar]	30	2
equipment/character/swordman/avatar/cap/aear_ylwolf.equ	[hat avatar]	30	3
equipment/character/swordman/avatar/cap/aeye_gybandage.equ	[hat avatar]	36	1
equipment/character/swordman/avatar/cap/aeye_rdbandage.equ	[hat avatar]	36	0
equipment/character/swordman/avatar/cap/afancy_bkgothichair.equ	[hat avatar]	35	0
equipment/character/swordman/avatar/cap/afancy_bkgreaglehair.equ	[hat avatar]	33	2
equipment/character/swordman/avatar/cap/afancy_blgothichair.equ	[hat avatar]	35	2
equipment/character/swordman/avatar/cap/afancy_blgreaglehair.equ	[hat avatar]	33	0
equipment/character/swordman/avatar/cap/afancy_dpbrgreaglehair.equ	[hat avatar]	33	3
equipment/character/swordman/avatar/cap/afancy_gygothichair.equ	[hat avatar]	35	3
equipment/character/swordman/avatar/cap/afancy_rdgothichair.equ	[hat avatar]	35	1
equipment/character/swordman/avatar/cap/afancy_rdgreaglehair.equ	[hat avatar]	33	1
equipment/character/swordman/avatar/cap/afeather_red.equ	[hat avatar]	13	1
equipment/character/swordman/avatar/cap/afeather_violet.equ	[hat avatar]	13	3
equipment/character/swordman/avatar/cap/afeather_white.equ	[hat avatar]	13	0
equipment/character/swordman/avatar/cap/afeather_yellow.equ	[hat avatar]	13	2
equipment/character/swordman/avatar/cap/agear_blwyvern.equ	[hat avatar]	6	1
equipment/character/swordman/avatar/cap/agear_blwyvern2.equ	[hat avatar]	6	1
equipment/character/swordman/avatar/cap/agear_gdwyvern.equ	[hat avatar]	6	0
equipment/character/swordman/avatar/cap/agear_gdwyvern2.equ	[hat avatar]	6	0
equipment/character/swordman/avatar/cap/agear_grwyvern.equ	[hat avatar]	6	3
equipment/character/swordman/avatar/cap/agear_grwyvern2.equ	[hat avatar]	6	3
equipment/character/swordman/avatar/cap/agear_slwyvern.equ	[hat avatar]	6	2
equipment/character/swordman/avatar/cap/agear_slwyvern2.equ	[hat avatar]	6	2
equipment/character/swordman/avatar/cap/agoggle_bkrens.equ	[hat avatar]	24	0
equipment/character/swordman/avatar/cap/agoggle_blrens.equ	[hat avatar]	24	2
equipment/character/swordman/avatar/cap/agoggle_limpidrens.equ	[hat avatar]	24	3
equipment/character/swordman/avatar/cap/agoggle_rdrens.equ	[hat avatar]	24	1
equipment/character/swordman/avatar/cap/ahat_39168.equ	[hat avatar]	48	0
equipment/character/swordman/avatar/cap/ahat_39169.equ	[hat avatar]	48	1
equipment/character/swordman/avatar/cap/ahat_39170.equ	[hat avatar]	48	2
equipment/character/swordman/avatar/cap/ahat_39171.equ	[hat avatar]	48	3
equipment/character/swordman/avatar/cap/ahat_39172.equ	[hat avatar]	36	2
equipment/character/swordman/avatar/cap/ahat_39173.equ	[hat avatar]	49	0
equipment/character/swordman/avatar/cap/ahat_39174.equ	[hat avatar]	49	1
equipment/character/swordman/avatar/cap/ahat_39175.equ	[hat avatar]	50	0
equipment/character/swordman/avatar/cap/ahat_39176.equ	[hat avatar]	50	1
equipment/character/swordman/avatar/cap/ahat_39177.equ	[hat avatar]	50	2
equipment/character/swordman/avatar/cap/ahat_39178.equ	[hat avatar]	51	0
equipment/character/swordman/avatar/cap/ahat_39179.equ	[hat avatar]	51	0
equipment/character/swordman/avatar/cap/ahat_39180.equ	[hat avatar]	51	0
equipment/character/swordman/avatar/cap/ahat_39181.equ	[hat avatar]	19	0
equipment/character/swordman/avatar/cap/ahat_39182.equ	[hat avatar]	15	0
equipment/character/swordman/avatar/cap/ahat_39183.equ	[hat avatar]	20	0
equipment/character/swordman/avatar/cap/ahat_39184.equ	[hat avatar]	21	0
equipment/character/swordman/avatar/cap/ahat_39185.equ	[hat avatar]	22	0
equipment/character/swordman/avatar/cap/ahat_39186.equ	[hat avatar]	52	0
equipment/character/swordman/avatar/cap/ahat_39187.equ	[hat avatar]	52	1
equipment/character/swordman/avatar/cap/ahat_39188.equ	[hat avatar]	53	0
equipment/character/swordman/avatar/cap/ahat_39189.equ	[hat avatar]	53	1
equipment/character/swordman/avatar/cap/ahat_39190.equ	[hat avatar]	53	2
equipment/character/swordman/avatar/cap/ahat_39191.equ	[hat avatar]	53	3
equipment/character/swordman/avatar/cap/ahat_39192.equ	[hat avatar]	54	0
equipment/character/swordman/avatar/cap/ahat_39193.equ	[hat avatar]	54	1
equipment/character/swordman/avatar/cap/ahat_39194.equ	[hat avatar]	54	2
equipment/character/swordman/avatar/cap/ahat_39195.equ	[hat avatar]	54	3
equipment/character/swordman/avatar/cap/ahat_39196.equ	[hat avatar]	57	0
equipment/character/swordman/avatar/cap/ahat_39197.equ	[hat avatar]	57	1
equipment/character/swordman/avatar/cap/ahat_39198.equ	[hat avatar]	55	0
equipment/character/swordman/avatar/cap/ahat_39199.equ	[hat avatar]	55	1
equipment/character/swordman/avatar/cap/ahat_39200.equ	[hat avatar]	55	2
equipment/character/swordman/avatar/cap/ahat_39201.equ	[hat avatar]	55	3
equipment/character/swordman/avatar/cap/ahat_39202.equ	[hat avatar]	43	0
equipment/character/swordman/avatar/cap/ahat_39203.equ	[hat avatar]	60	0
equipment/character/swordman/avatar/cap/ahat_39204.equ	[hat avatar]	60	1
equipment/character/swordman/avatar/cap/ahat_39205.equ	[hat avatar]	60	2
equipment/character/swordman/avatar/cap/ahat_39206.equ	[hat avatar]	60	3
equipment/character/swordman/avatar/cap/ahat_39207.equ	[hat avatar]	61	0
equipment/character/swordman/avatar/cap/ahat_39208.equ	[hat avatar]	61	1
equipment/character/swordman/avatar/cap/ahat_39209.equ	[hat avatar]	61	2
equipment/character/swordman/avatar/cap/ahat_39210.equ	[hat avatar]	61	3
equipment/character/swordman/avatar/cap/ahat_39211.equ	[hat avatar]	63	0
equipment/character/swordman/avatar/cap/ahat_39212.equ	[hat avatar]	63	1
equipment/character/swordman/avatar/cap/ahat_39213.equ	[hat avatar]	63	2
equipment/character/swordman/avatar/cap/ahat_39214.equ	[hat avatar]	64	0
equipment/character/swordman/avatar/cap/ahat_39215.equ	[hat avatar]	64	1
equipment/character/swordman/avatar/cap/ahat_39216.equ	[hat avatar]	64	2
equipment/character/swordman/avatar/cap/ahat_39217.equ	[hat avatar]	64	3
equipment/character/swordman/avatar/cap/ahat_39218.equ	[hat avatar]	67	0
equipment/character/swordman/avatar/cap/ahat_39219.equ	[hat avatar]	67	1
equipment/character/swordman/avatar/cap/ahat_39220.equ	[hat avatar]	66	0
equipment/character/swordman/avatar/cap/ahat_39221.equ	[hat avatar]	66	1
equipment/character/swordman/avatar/cap/ahat_39222.equ	[hat avatar]	70	0
equipment/character/swordman/avatar/cap/ahat_39223.equ	[hat avatar]	70	1
equipment/character/swordman/avatar/cap/ahat_39224.equ	[hat avatar]	70	2
equipment/character/swordman/avatar/cap/ahat_39225.equ	[hat avatar]	70	3
equipment/character/swordman/avatar/cap/ahat_39226.equ	[hat avatar]	74	0
equipment/character/swordman/avatar/cap/ahat_39227.equ	[hat avatar]	74	0
equipment/character/swordman/avatar/cap/ahat_39228.equ	[hat avatar]	75	0
equipment/character/swordman/avatar/cap/ahat_39229.equ	[hat avatar]	75	0
equipment/character/swordman/avatar/cap/ahat_39230.equ	[hat avatar]	76	0
equipment/character/swordman/avatar/cap/ahat_39231.equ	[hat avatar]	76	1
equipment/character/swordman/avatar/cap/ahat_39232.equ	[hat avatar]	77	1
equipment/character/swordman/avatar/cap/ahat_39233.equ	[hat avatar]	78	0
equipment/character/swordman/avatar/cap/ahat_39238.equ	[hat avatar]	82	0
equipment/character/swordman/avatar/cap/ahat_39239.equ	[hat avatar]	82	0
equipment/character/swordman/avatar/cap/ahat_39240.equ	[hat avatar]	82	1
equipment/character/swordman/avatar/cap/ahat_39241.equ	[hat avatar]	82	1
equipment/character/swordman/avatar/cap/ahat_39242.equ	[hat avatar]	80	0
equipment/character/swordman/avatar/cap/ahat_39243.equ	[hat avatar]	80	1
equipment/character/swordman/avatar/cap/ahat_39244.equ	[hat avatar]	80	2
equipment/character/swordman/avatar/cap/ahat_39245.equ	[hat avatar]	84	0
equipment/character/swordman/avatar/cap/ahat_39246.equ	[hat avatar]	84	1
equipment/character/swordman/avatar/cap/ahat_39247.equ	[hat avatar]	84	2
equipment/character/swordman/avatar/cap/ahat_39248.equ	[hat avatar]	84	3
equipment/character/swordman/avatar/cap/ahat_39249.equ	[hat avatar]	86	0
equipment/character/swordman/avatar/cap/ahat_39250.equ	[hat avatar]	65	0
equipment/character/swordman/avatar/cap/ahat_39251.equ	[hat avatar]	65	1
equipment/character/swordman/avatar/cap/ahat_39252.equ	[hat avatar]	65	2
equipment/character/swordman/avatar/cap/ahat_39253.equ	[hat avatar]	65	3
equipment/character/swordman/avatar/cap/ahat_39254.equ	[hat avatar]	85	0
equipment/character/swordman/avatar/cap/ahat_39255.equ	[hat avatar]	85	1
equipment/character/swordman/avatar/cap/ahat_39256.equ	[hat avatar]	68	0
equipment/character/swordman/avatar/cap/ahat_39257.equ	[hat avatar]	68	1
equipment/character/swordman/avatar/cap/ahat_39258.equ	[hat avatar]	68	2
equipment/character/swordman/avatar/cap/ahat_39259.equ	[hat avatar]	68	3
equipment/character/swordman/avatar/cap/ahat_39260.equ	[hat avatar]	90	0
equipment/character/swordman/avatar/cap/ahat_39261.equ	[hat avatar]	90	1
equipment/character/swordman/avatar/cap/ahat_39262.equ	[hat avatar]	87	0
equipment/character/swordman/avatar/cap/ahat_39263.equ	[hat avatar]	87	1
equipment/character/swordman/avatar/cap/ahat_39264.equ	[hat avatar]	87	2
equipment/character/swordman/avatar/cap/ahat_39265.equ	[hat avatar]	87	3
equipment/character/swordman/avatar/cap/ahat_39266.equ	[hat avatar]	96	0
equipment/character/swordman/avatar/cap/ahat_39267.equ	[hat avatar]	96	1
equipment/character/swordman/avatar/cap/ahat_39268.equ	[hat avatar]	96	2
equipment/character/swordman/avatar/cap/ahat_39269.equ	[hat avatar]	96	3
equipment/character/swordman/avatar/cap/ahat_39270.equ	[hat avatar]	50	0
equipment/character/swordman/avatar/cap/ahat_39271.equ	[hat avatar]	42	0
equipment/character/swordman/avatar/cap/ahat_39279.equ	[hat avatar]	103	0
equipment/character/swordman/avatar/cap/ahat_39280.equ	[hat avatar]	104	0
equipment/character/swordman/avatar/cap/ahat_39281.equ	[hat avatar]	104	1
equipment/character/swordman/avatar/cap/ahat_39282.equ	[hat avatar]	104	2
equipment/character/swordman/avatar/cap/ahat_3thpeaked.equ	[hat avatar]	47	0
equipment/character/swordman/avatar/cap/ahat_bkblbamboo.equ	[hat avatar]	28	1
equipment/character/swordman/avatar/cap/ahat_bksoft.equ	[hat avatar]	25	0
equipment/character/swordman/avatar/cap/ahat_bkstrawsoft.equ	[hat avatar]	45	2
equipment/character/swordman/avatar/cap/ahat_blwtfur.equ	[hat avatar]	18	0
equipment/character/swordman/avatar/cap/ahat_brbamboo.equ	[hat avatar]	28	2
equipment/character/swordman/avatar/cap/ahat_brfur.equ	[hat avatar]	18	2
equipment/character/swordman/avatar/cap/ahat_brstrawsoft.equ	[hat avatar]	45	0
equipment/character/swordman/avatar/cap/ahat_default.equ	[hat avatar]	101	0
equipment/character/swordman/avatar/cap/ahat_dkblsoft.equ	[hat avatar]	25	3
equipment/character/swordman/avatar/cap/ahat_dkbrsoft.equ	[hat avatar]	25	2
equipment/character/swordman/avatar/cap/ahat_dkrdsoft.equ	[hat avatar]	25	1
equipment/character/swordman/avatar/cap/ahat_greyfur.equ	[hat avatar]	18	3
equipment/character/swordman/avatar/cap/ahat_gybamboo.equ	[hat avatar]	28	0
equipment/character/swordman/avatar/cap/ahat_gystrawsoft.equ	[hat avatar]	45	1
equipment/character/swordman/avatar/cap/ahat_hallowpk.equ	[hat avatar]	12	1
equipment/character/swordman/avatar/cap/ahat_ivoryfur.equ	[hat avatar]	18	1
equipment/character/swordman/avatar/cap/ahat_rdstrawsoft.equ	[hat avatar]	45	3
equipment/character/swordman/avatar/cap/ahat_wtbamboo.equ	[hat avatar]	28	3
equipment/character/swordman/avatar/cap/ahband_bkmoogak.equ	[hat avatar]	40	0
equipment/character/swordman/avatar/cap/ahband_rdmoogak.equ	[hat avatar]	40	1
equipment/character/swordman/avatar/cap/ahelm_bzswordman.equ	[hat avatar]	14	3
equipment/character/swordman/avatar/cap/ahelm_dkknight.equ	[hat avatar]	23	0
equipment/character/swordman/avatar/cap/ahelm_gdswordman.equ	[hat avatar]	14	0
equipment/character/swordman/avatar/cap/ahelm_slswordman.equ	[hat avatar]	14	1
equipment/character/swordman/avatar/cap/ahelm_stswordman.equ	[hat avatar]	14	2
equipment/character/swordman/avatar/cap/ahelmet_culadbone.equ	[hat avatar]	38	0
equipment/character/swordman/avatar/cap/ahgear_bkleather.equ	[hat avatar]	17	3
equipment/character/swordman/avatar/cap/ahgear_noblerdhawk.equ	[hat avatar]	34	0
equipment/character/swordman/avatar/cap/ahgear_rdleather.equ	[hat avatar]	17	0
equipment/character/swordman/avatar/cap/ahgear_wtleather.equ	[hat avatar]	17	1
equipment/character/swordman/avatar/cap/ahgear_ylleather.equ	[hat avatar]	17	2
equipment/character/swordman/avatar/cap/ahm_bkbtproof.equ	[hat avatar]	46	0
equipment/character/swordman/avatar/cap/ahm_ppbtproof.equ	[hat avatar]	46	1
equipment/character/swordman/avatar/cap/ahood_bkhair.equ	[hat avatar]	44	3
equipment/character/swordman/avatar/cap/ahood_blhair.equ	[hat avatar]	44	1
equipment/character/swordman/avatar/cap/ahood_grhair.equ	[hat avatar]	44	2
equipment/character/swordman/avatar/cap/ahood_rdhair.equ	[hat avatar]	44	0
equipment/character/swordman/avatar/cap/ahorn_blackdevil.equ	[hat avatar]	5	0
equipment/character/swordman/avatar/cap/ahorn_blhobgoblin.equ	[hat avatar]	11	3
equipment/character/swordman/avatar/cap/ahorn_blue.equ	[hat avatar]	7	2
equipment/character/swordman/avatar/cap/ahorn_blue2.equ	[hat avatar]	7	2
equipment/character/swordman/avatar/cap/ahorn_gdhobgoblin.equ	[hat avatar]	11	1
equipment/character/swordman/avatar/cap/ahorn_golddevil.equ	[hat avatar]	5	3
equipment/character/swordman/avatar/cap/ahorn_purpledevil.equ	[hat avatar]	5	2
equipment/character/swordman/avatar/cap/ahorn_rdhobgoblin.equ	[hat avatar]	11	2
equipment/character/swordman/avatar/cap/ahorn_red.equ	[hat avatar]	7	1
equipment/character/swordman/avatar/cap/ahorn_red2.equ	[hat avatar]	7	1
equipment/character/swordman/avatar/cap/ahorn_reddevil.equ	[hat avatar]	5	1
equipment/character/swordman/avatar/cap/ahorn_slhobgoblin.equ	[hat avatar]	11	0
equipment/character/swordman/avatar/cap/ahorn_white.equ	[hat avatar]	7	0
equipment/character/swordman/avatar/cap/ahorn_white2.equ	[hat avatar]	7	0
equipment/character/swordman/avatar/cap/ahorn_yellow.equ	[hat avatar]	7	3
equipment/character/swordman/avatar/cap/ahorn_yellow2.equ	[hat avatar]	7	3
equipment/character/swordman/avatar/cap/aiacap_hoyeonjak.equ	[hat avatar]	27	1
equipment/character/swordman/avatar/cap/aiacap_shadow.equ	[hat avatar]	2	4
equipment/character/swordman/avatar/cap/amask_bdarrogantprince.equ	[hat avatar]	42	2
equipment/character/swordman/avatar/cap/amask_bdarrogantprince_4.equ	[hat avatar]	42	3
equipment/character/swordman/avatar/cap/amask_bear.equ	[hat avatar]	29	0
equipment/character/swordman/avatar/cap/amask_rdarrogantprince.equ	[hat avatar]	42	1
equipment/character/swordman/avatar/cap/amask_ylarrogantprince.equ	[hat avatar]	42	0
equipment/character/swordman/avatar/cap/apumpkin_emhalloweensw2007.equ	[hat avatar]	12	0
equipment/character/swordman/avatar/cap/apumpkin_gdhalloweensm.equ	[hat avatar]	12	2
equipment/character/swordman/avatar/cap/apumpkin_gdhalloweensw2007.equ	[hat avatar]	12	2
equipment/character/swordman/avatar/cap/apumpkin_prbhalloweensw2007.equ	[hat avatar]	12	1
equipment/character/swordman/avatar/cap/apumpkin_rarehalloweensm.equ	[hat avatar]	12	0
equipment/character/swordman/avatar/cap/apumpkin_wellhalloweensm.equ	[hat avatar]	12	1
equipment/character/swordman/avatar/cap/asglass_bkbeach.equ	[hat avatar]	32	0
equipment/character/swordman/avatar/cap/asglass_bkbeach_reward.equ	[hat avatar]	32	0
equipment/character/swordman/avatar/cap/asglass_rdbeach.equ	[hat avatar]	32	1
equipment/character/swordman/avatar/cap/asglass_rdbeach_reward.equ	[hat avatar]	32	1
equipment/character/swordman/avatar/cap/asmask_apfortunepig.equ	[hat avatar]	26	0
equipment/character/swordman/avatar/cap/asmask_gdfortunepig.equ	[hat avatar]	26	2
equipment/character/swordman/avatar/cap/asmask_pkfortunepig.equ	[hat avatar]	26	1
equipment/character/swordman/avatar/cap/atchat_black.equ	[hat avatar]	9	2
equipment/character/swordman/avatar/cap/atchat_blackred.equ	[hat avatar]	9	0
equipment/character/swordman/avatar/cap/atchat_blue.equ	[hat avatar]	9	1
equipment/character/swordman/avatar/cap/atchat_blue2.equ	[hat avatar]	9	1
equipment/character/swordman/avatar/cap/atchat_green.equ	[hat avatar]	9	3
equipment/character/swordman/avatar/cap/awing_bkwyvern.equ	[hat avatar]	41	0
equipment/character/swordman/avatar/cap/awing_blwyvern.equ	[hat avatar]	41	3
equipment/character/swordman/avatar/cap/awing_rdwyvern.equ	[hat avatar]	41	1
equipment/character/swordman/avatar/cap/awing_vlwyvern.equ	[hat avatar]	41	2
equipment/character/swordman/avatar/cap/chn_equ_avatar_swordman_cap_101550539.equ	[hat avatar]	136	0
equipment/character/swordman/avatar/cap/chn_equ_avatar_swordman_cap_101550540.equ	[hat avatar]	136	1
equipment/character/swordman/avatar/cap/chn_equ_avatar_swordman_cap_101550541.equ	[hat avatar]	136	2
equipment/character/swordman/avatar/cap/chn_equ_avatar_swordman_cap_101550542.equ	[hat avatar]	136	3
equipment/character/swordman/avatar/cap/chn_equ_avatar_swordman_cap_101550555.equ	[hat avatar]	140	0
equipment/character/swordman/avatar/cap/chn_equ_avatar_swordman_cap_101550556.equ	[hat avatar]	140	1
equipment/character/swordman/avatar/cap/chn_equ_avatar_swordman_cap_101550557.equ	[hat avatar]	140	2
equipment/character/swordman/avatar/cap/chn_equ_avatar_swordman_cap_101550558.equ	[hat avatar]	140	3
equipment/character/swordman/avatar/cap/chn_equ_avatar_swordman_cap_101550577.equ	[hat avatar]	149	0
equipment/character/swordman/avatar/cap/chn_equ_avatar_swordman_cap_101550578.equ	[hat avatar]	149	1
equipment/character/swordman/avatar/cap/chn_equ_avatar_swordman_cap_101550579.equ	[hat avatar]	149	2
equipment/character/swordman/avatar/cap/chn_equ_avatar_swordman_cap_101550580.equ	[hat avatar]	149	3
equipment/character/swordman/avatar/cap/chn_equ_avatar_swordman_cap_601553980.equ	[hat avatar]	56	0
equipment/character/swordman/avatar/cap/chn_equ_avatar_swordman_cap_601553981.equ	[hat avatar]	56	1
equipment/character/swordman/avatar/cap/chn_equ_avatar_swordman_cap_601553982.equ	[hat avatar]	56	2
equipment/character/swordman/avatar/cap/chn_equ_avatar_swordman_cap_601553983.equ	[hat avatar]	56	3
equipment/character/swordman/avatar/cap/chn_equ_avatar_swordman_cap_601553984.equ	[hat avatar]	58	0
equipment/character/swordman/avatar/cap/chn_equ_avatar_swordman_cap_601553985.equ	[hat avatar]	58	1
equipment/character/swordman/avatar/cap/chn_equ_avatar_swordman_cap_601553986.equ	[hat avatar]	58	2
equipment/character/swordman/avatar/cap/chn_equ_avatar_swordman_cap_601553987.equ	[hat avatar]	58	3
equipment/character/swordman/avatar/cap/chn_equ_avatar_swordman_cap_601553988.equ	[hat avatar]	59	0
equipment/character/swordman/avatar/cap/chn_equ_avatar_swordman_cap_601553989.equ	[hat avatar]	59	1
equipment/character/swordman/avatar/cap/chn_equ_avatar_swordman_cap_601553990.equ	[hat avatar]	59	2
equipment/character/swordman/avatar/cap/chn_equ_avatar_swordman_cap_601553991.equ	[hat avatar]	59	3
equipment/character/swordman/avatar/cap/chn_equ_avatar_swordman_cap_601553996.equ	[hat avatar]	68	0
equipment/character/swordman/avatar/cap/chn_equ_avatar_swordman_cap_601553997.equ	[hat avatar]	68	1
equipment/character/swordman/avatar/cap/chn_equ_avatar_swordman_cap_601553998.equ	[hat avatar]	68	2
equipment/character/swordman/avatar/cap/chn_equ_avatar_swordman_cap_601553999.equ	[hat avatar]	68	3
equipment/character/swordman/avatar/cap/chn_equ_avatar_swordman_cap_601554004.equ	[hat avatar]	72	0
equipment/character/swordman/avatar/cap/chn_equ_avatar_swordman_cap_601554005.equ	[hat avatar]	72	1
equipment/character/swordman/avatar/cap/chn_equ_avatar_swordman_cap_601554006.equ	[hat avatar]	72	2
equipment/character/swordman/avatar/cap/chn_equ_avatar_swordman_cap_601554007.equ	[hat avatar]	72	3
equipment/character/swordman/avatar/cap/chn_equ_avatar_swordman_cap_601554008.equ	[hat avatar]	73	0
equipment/character/swordman/avatar/cap/chn_equ_avatar_swordman_cap_601554009.equ	[hat avatar]	73	1
equipment/character/swordman/avatar/cap/chn_equ_avatar_swordman_cap_601554010.equ	[hat avatar]	73	2
equipment/character/swordman/avatar/cap/chn_equ_avatar_swordman_cap_601554011.equ	[hat avatar]	73	3
equipment/character/swordman/avatar/cap/chn_equ_avatar_swordman_cap_601554012.equ	[hat avatar]	77	0
equipment/character/swordman/avatar/cap/chn_equ_avatar_swordman_cap_601554013.equ	[hat avatar]	77	1
equipment/character/swordman/avatar/cap/chn_equ_avatar_swordman_cap_601554014.equ	[hat avatar]	77	2
equipment/character/swordman/avatar/cap/chn_equ_avatar_swordman_cap_601554015.equ	[hat avatar]	77	3
equipment/character/swordman/avatar/cap/chn_equ_avatar_swordman_cap_601554016.equ	[hat avatar]	62	0
equipment/character/swordman/avatar/cap/chn_equ_avatar_swordman_cap_601554017.equ	[hat avatar]	62	1
equipment/character/swordman/avatar/cap/chn_equ_avatar_swordman_cap_601554018.equ	[hat avatar]	62	2
equipment/character/swordman/avatar/cap/chn_equ_avatar_swordman_cap_601554019.equ	[hat avatar]	62	3
equipment/character/swordman/avatar/cap/chn_equ_avatar_swordman_cap_601554024.equ	[hat avatar]	79	0
equipment/character/swordman/avatar/cap/chn_equ_avatar_swordman_cap_601554025.equ	[hat avatar]	79	1
equipment/character/swordman/avatar/cap/chn_equ_avatar_swordman_cap_601554026.equ	[hat avatar]	79	2
equipment/character/swordman/avatar/cap/chn_equ_avatar_swordman_cap_601554027.equ	[hat avatar]	79	3
equipment/character/swordman/avatar/cap/chn_equ_avatar_swordman_cap_601554029.equ	[hat avatar]	87	0
equipment/character/swordman/avatar/cap/chn_equ_avatar_swordman_cap_601554030.equ	[hat avatar]	87	1
equipment/character/swordman/avatar/cap/chn_equ_avatar_swordman_cap_601554031.equ	[hat avatar]	87	2
equipment/character/swordman/avatar/cap/chn_equ_avatar_swordman_cap_601554032.equ	[hat avatar]	87	3
equipment/character/swordman/avatar/cap/chn_equ_avatar_swordman_cap_601554033.equ	[hat avatar]	88	0
equipment/character/swordman/avatar/cap/chn_equ_avatar_swordman_cap_601554034.equ	[hat avatar]	88	1
equipment/character/swordman/avatar/cap/chn_equ_avatar_swordman_cap_601554035.equ	[hat avatar]	88	2
equipment/character/swordman/avatar/cap/chn_equ_avatar_swordman_cap_601554036.equ	[hat avatar]	88	3
equipment/character/swordman/avatar/cap/chn_equ_avatar_swordman_cap_601554042.equ	[hat avatar]	91	0
equipment/character/swordman/avatar/cap/chn_equ_avatar_swordman_cap_601554043.equ	[hat avatar]	91	1
equipment/character/swordman/avatar/cap/chn_equ_avatar_swordman_cap_601554044.equ	[hat avatar]	91	2
equipment/character/swordman/avatar/cap/chn_equ_avatar_swordman_cap_601554045.equ	[hat avatar]	91	3
equipment/character/swordman/avatar/cap/chn_equ_avatar_swordman_cap_601554065.equ	[hat avatar]	106	0
equipment/character/swordman/avatar/cap/chn_equ_avatar_swordman_cap_601554066.equ	[hat avatar]	106	1
equipment/character/swordman/avatar/cap/chn_equ_avatar_swordman_cap_601554067.equ	[hat avatar]	106	2
equipment/character/swordman/avatar/cap/chn_equ_avatar_swordman_cap_601554068.equ	[hat avatar]	106	3
equipment/character/swordman/avatar/cap/chn_equ_avatar_swordman_cap_601554077.equ	[hat avatar]	93	0
equipment/character/swordman/avatar/cap/chn_equ_avatar_swordman_cap_601554078.equ	[hat avatar]	93	1
equipment/character/swordman/avatar/cap/chn_equ_avatar_swordman_cap_601554079.equ	[hat avatar]	93	2
equipment/character/swordman/avatar/cap/chn_equ_avatar_swordman_cap_601554080.equ	[hat avatar]	93	3
equipment/character/swordman/avatar/cap/chn_equ_avatar_swordman_cap_601554090.equ	[hat avatar]	94	0
equipment/character/swordman/avatar/cap/chn_equ_avatar_swordman_cap_601554091.equ	[hat avatar]	94	1
equipment/character/swordman/avatar/cap/chn_equ_avatar_swordman_cap_601554092.equ	[hat avatar]	94	2
equipment/character/swordman/avatar/cap/chn_equ_avatar_swordman_cap_601554093.equ	[hat avatar]	94	3
equipment/character/swordman/avatar/cap/chn_equ_special_avatar_swordman_cap_101550537.equ	[hat avatar]	
equipment/character/swordman/avatar/cap/chn_equ_special_avatar_swordman_cap_101550562.equ	[hat avatar]	145	0
equipment/character/swordman/avatar/cap/chn_equ_special_avatar_swordman_cap_101550563.equ	[hat avatar]	145	1
equipment/character/swordman/avatar/cap/chn_equ_special_avatar_swordman_cap_101550573.equ	[hat avatar]	150	0
equipment/character/swordman/avatar/cap/chn_equ_special_avatar_swordman_cap_101550574.equ	[hat avatar]	150	1
equipment/character/swordman/avatar/cap/chn_equ_special_avatar_swordman_cap_101550575.equ	[hat avatar]	150	2
equipment/character/swordman/avatar/cap/chn_equ_special_avatar_swordman_cap_101550576.equ	[hat avatar]	150	3
equipment/character/swordman/avatar/cap/chn_equ_special_avatar_swordman_cap_101550586.equ	[hat avatar]	157	0
equipment/character/swordman/avatar/cap/chn_equ_special_avatar_swordman_cap_101550587.equ	[hat avatar]	157	1
equipment/character/swordman/avatar/cap/chn_equ_special_avatar_swordman_cap_101550588.equ	[hat avatar]	157	2
equipment/character/swordman/avatar/cap/chn_equ_special_avatar_swordman_cap_101550589.equ	[hat avatar]	157	3
equipment/character/swordman/avatar/cap/chn_equ_special_avatar_swordman_cap_101550593.equ	[hat avatar]	163	0
equipment/character/swordman/avatar/cap/chn_equ_special_avatar_swordman_cap_101550594.equ	[hat avatar]	163	1
equipment/character/swordman/avatar/cap/chn_equ_special_avatar_swordman_cap_101550595.equ	[hat avatar]	163	2
equipment/character/swordman/avatar/cap/chn_equ_special_avatar_swordman_cap_101550596.equ	[hat avatar]	163	3
equipment/character/swordman/avatar/cap/chn_equ_special_avatar_swordman_cap_101550603.equ	[hat avatar]	161	0
equipment/character/swordman/avatar/cap/chn_equ_special_avatar_swordman_cap_101550604.equ	[hat avatar]	161	1
equipment/character/swordman/avatar/cap/chn_equ_special_avatar_swordman_cap_101550605.equ	[hat avatar]	161	2
equipment/character/swordman/avatar/cap/chn_equ_special_avatar_swordman_cap_101550606.equ	[hat avatar]	161	3
equipment/character/swordman/avatar/cap/chn_equ_special_avatar_swordman_cap_101550609.equ	[hat avatar]	151	0
equipment/character/swordman/avatar/cap/chn_equ_special_avatar_swordman_cap_101550610.equ	[hat avatar]	151	1
equipment/character/swordman/avatar/cap/chn_equ_special_avatar_swordman_cap_101550611.equ	[hat avatar]	151	2
equipment/character/swordman/avatar/cap/chn_equ_special_avatar_swordman_cap_101550617.equ	[hat avatar]	170	0
equipment/character/swordman/avatar/cap/chn_equ_special_avatar_swordman_cap_101550618.equ	[hat avatar]	170	1
equipment/character/swordman/avatar/cap/chn_equ_special_avatar_swordman_cap_101550619.equ	[hat avatar]	170	2
equipment/character/swordman/avatar/cap/chn_equ_special_avatar_swordman_cap_101550627.equ	[hat avatar]	172	0
equipment/character/swordman/avatar/cap/chn_equ_special_avatar_swordman_cap_101550628.equ	[hat avatar]	172	1
equipment/character/swordman/avatar/cap/chn_equ_special_avatar_swordman_cap_101550629.equ	[hat avatar]	172	2
equipment/character/swordman/avatar/cap/chn_equ_special_avatar_swordman_cap_101550630.equ	[hat avatar]	172	3
equipment/character/swordman/avatar/cap/chn_equ_special_avatar_swordman_cap_101550635.equ	[hat avatar]	176	0
equipment/character/swordman/avatar/cap/chn_equ_special_avatar_swordman_cap_101550636.equ	[hat avatar]	181	0
equipment/character/swordman/avatar/cap/chn_equ_special_avatar_swordman_cap_101550637.equ	[hat avatar]	181	1
equipment/character/swordman/avatar/cap/chn_equ_special_avatar_swordman_cap_101550638.equ	[hat avatar]	181	2
equipment/character/swordman/avatar/cap/chn_equ_special_avatar_swordman_cap_101550639.equ	[hat avatar]	181	3
equipment/character/swordman/avatar/cap/chn_equ_special_avatar_swordman_cap_101550641.equ	[hat avatar]	178	0
equipment/character/swordman/avatar/cap/chn_equ_special_avatar_swordman_cap_101550643.equ	[hat avatar]	142	0
equipment/character/swordman/avatar/cap/chn_equ_special_avatar_swordman_cap_101550644.equ	[hat avatar]	142	1
equipment/character/swordman/avatar/cap/chn_equ_special_avatar_swordman_cap_101550647.equ	[hat avatar]	187	0
equipment/character/swordman/avatar/cap/chn_equ_special_avatar_swordman_cap_101550648.equ	[hat avatar]	187	1
equipment/character/swordman/avatar/cap/chn_equ_special_avatar_swordman_cap_101550649.equ	[hat avatar]	187	2
equipment/character/swordman/avatar/cap/chn_equ_special_avatar_swordman_cap_101550650.equ	[hat avatar]	187	3
equipment/character/swordman/avatar/cap/chn_equ_special_avatar_swordman_cap_101550657.equ	[hat avatar]	152	0
equipment/character/swordman/avatar/cap/chn_equ_special_avatar_swordman_cap_101550658.equ	[hat avatar]	152	1
equipment/character/swordman/avatar/cap/chn_equ_special_avatar_swordman_cap_101550659.equ	[hat avatar]	152	2
equipment/character/swordman/avatar/cap/chn_equ_special_avatar_swordman_cap_101550660.equ	[hat avatar]	188	0
equipment/character/swordman/avatar/cap/chn_equ_special_avatar_swordman_cap_101550661.equ	[hat avatar]	188	1
equipment/character/swordman/avatar/cap/chn_equ_special_avatar_swordman_cap_101550662.equ	[hat avatar]	188	2
equipment/character/swordman/avatar/cap/chn_equ_special_avatar_swordman_cap_101550663.equ	[hat avatar]	188	3
equipment/character/swordman/avatar/cap/chn_equ_special_avatar_swordman_cap_101550665.equ	[hat avatar]	191	0
equipment/character/swordman/avatar/cap/chn_equ_special_avatar_swordman_cap_101550679.equ	[hat avatar]	195	0
equipment/character/swordman/avatar/cap/chn_equ_special_avatar_swordman_cap_2684000.equ	[hat avatar]	71	0
equipment/character/swordman/avatar/cap/chn_equ_special_avatar_swordman_cap_2684001.equ	[hat avatar]	71	1
equipment/character/swordman/avatar/cap/chn_equ_special_avatar_swordman_cap_2684002.equ	[hat avatar]	71	2
equipment/character/swordman/avatar/cap/chn_equ_special_avatar_swordman_cap_2684003.equ	[hat avatar]	71	3
equipment/character/swordman/avatar/cap/chn_equ_special_avatar_swordman_cap_2684020.equ	[hat avatar]	83	0
equipment/character/swordman/avatar/cap/chn_equ_special_avatar_swordman_cap_2684021.equ	[hat avatar]	83	1
equipment/character/swordman/avatar/cap/chn_equ_special_avatar_swordman_cap_2684022.equ	[hat avatar]	83	2
equipment/character/swordman/avatar/cap/chn_equ_special_avatar_swordman_cap_2684023.equ	[hat avatar]	83	3
equipment/character/swordman/avatar/cap/chn_equ_special_avatar_swordman_cap_2684038.equ	[hat avatar]	63	0
equipment/character/swordman/avatar/cap/chn_equ_special_avatar_swordman_cap_2684039.equ	[hat avatar]	63	1
equipment/character/swordman/avatar/cap/chn_equ_special_avatar_swordman_cap_2684040.equ	[hat avatar]	63	2
equipment/character/swordman/avatar/cap/chn_equ_special_avatar_swordman_cap_2684041.equ	[hat avatar]	63	3
equipment/character/swordman/avatar/cap/chn_equ_upper_avatar_swordman_cap_101550512.equ	[hat avatar]	124	0
equipment/character/swordman/avatar/cap/chn_equ_upper_avatar_swordman_cap_101550513.equ	[hat avatar]	124	1
equipment/character/swordman/avatar/cap/chn_equ_upper_avatar_swordman_cap_101550514.equ	[hat avatar]	124	2
equipment/character/swordman/avatar/cap/chn_equ_upper_avatar_swordman_cap_101550515.equ	[hat avatar]	124	3
equipment/character/swordman/avatar/cap/chn_equ_upper_avatar_swordman_cap_101550543.equ	[hat avatar]	139	0
equipment/character/swordman/avatar/cap/chn_equ_upper_avatar_swordman_cap_101550544.equ	[hat avatar]	139	1
equipment/character/swordman/avatar/cap/chn_equ_upper_avatar_swordman_cap_101550545.equ	[hat avatar]	139	2
equipment/character/swordman/avatar/cap/chn_equ_upper_avatar_swordman_cap_101550546.equ	[hat avatar]	139	3
equipment/character/swordman/avatar/cap/chn_equ_upper_avatar_swordman_cap_101550564.equ	[hat avatar]	65	0
equipment/character/swordman/avatar/cap/chn_equ_upper_avatar_swordman_cap_101550565.equ	[hat avatar]	65	1
equipment/character/swordman/avatar/cap/chn_equ_upper_avatar_swordman_cap_101550566.equ	[hat avatar]	65	2
equipment/character/swordman/avatar/cap/chn_equ_upper_avatar_swordman_cap_101550567.equ	[hat avatar]	65	3
equipment/character/swordman/avatar/cap/chn_equ_upper_avatar_swordman_cap_101550680.equ	[hat avatar]	194	0
equipment/character/swordman/avatar/cap/chn_equ_upper_avatar_swordman_cap_101550681.equ	[hat avatar]	194	1
equipment/character/swordman/avatar/cap/chn_equ_upper_avatar_swordman_cap_101550682.equ	[hat avatar]	194	2
equipment/character/swordman/avatar/cap/chn_equ_upper_avatar_swordman_cap_101550683.equ	[hat avatar]	194	3
equipment/character/swordman/avatar/cap/chn_equ_upper_avatar_swordman_cap_601553992.equ	[hat avatar]	69	0
equipment/character/swordman/avatar/cap/chn_equ_upper_avatar_swordman_cap_601553993.equ	[hat avatar]	69	1
equipment/character/swordman/avatar/cap/chn_equ_upper_avatar_swordman_cap_601553994.equ	[hat avatar]	69	2
equipment/character/swordman/avatar/cap/chn_equ_upper_avatar_swordman_cap_601553995.equ	[hat avatar]	69	3
equipment/character/swordman/avatar/cap/chn_equ_upper_avatar_swordman_cap_601554050.equ	[hat avatar]	92	0
equipment/character/swordman/avatar/cap/chn_equ_upper_avatar_swordman_cap_601554051.equ	[hat avatar]	92	1
equipment/character/swordman/avatar/cap/chn_equ_upper_avatar_swordman_cap_601554052.equ	[hat avatar]	92	2
equipment/character/swordman/avatar/cap/chn_equ_upper_avatar_swordman_cap_601554053.equ	[hat avatar]	92	3
equipment/character/swordman/avatar/cap/chn_equ_upper_avatar_swordman_cap_601554054.equ	[hat avatar]	95	0
equipment/character/swordman/avatar/cap/chn_equ_upper_avatar_swordman_cap_601554055.equ	[hat avatar]	95	1
equipment/character/swordman/avatar/cap/chn_equ_upper_avatar_swordman_cap_601554056.equ	[hat avatar]	95	2
equipment/character/swordman/avatar/cap/chn_equ_upper_avatar_swordman_cap_601554057.equ	[hat avatar]	95	3
equipment/character/swordman/avatar/cap/chn_equ_upper_avatar_swordman_cap_601554069.equ	[hat avatar]	97	0
equipment/character/swordman/avatar/cap/chn_equ_upper_avatar_swordman_cap_601554070.equ	[hat avatar]	97	1
equipment/character/swordman/avatar/cap/chn_equ_upper_avatar_swordman_cap_601554071.equ	[hat avatar]	97	2
equipment/character/swordman/avatar/cap/chn_equ_upper_avatar_swordman_cap_601554072.equ	[hat avatar]	97	3
equipment/character/swordman/avatar/cap/chn_equ_upper_avatar_swordman_cap_601554083.equ	[hat avatar]	112	0
equipment/character/swordman/avatar/cap/chn_equ_upper_avatar_swordman_cap_601554084.equ	[hat avatar]	112	1
equipment/character/swordman/avatar/cap/chn_equ_upper_avatar_swordman_cap_601554085.equ	[hat avatar]	112	2
equipment/character/swordman/avatar/cap/chn_equ_upper_avatar_swordman_cap_601554086.equ	[hat avatar]	112	3
equipment/character/swordman/avatar/cap/chn_equ_upper_avatar_swordman_cap_601554118.equ	[hat avatar]	115	0
equipment/character/swordman/avatar/cap/chn_equ_upper_avatar_swordman_cap_601554119.equ	[hat avatar]	115	1
equipment/character/swordman/avatar/cap/chn_equ_upper_avatar_swordman_cap_601554120.equ	[hat avatar]	115	2
equipment/character/swordman/avatar/cap/chn_equ_upper_avatar_swordman_cap_601554121.equ	[hat avatar]	115	3
equipment/character/swordman/avatar/cap/gm_sword_cap.equ	[hat avatar]	23	1
equipment/character/swordman/avatar/cap/goldacap_bkoplnhgear.equ	[hat avatar]	3	1
equipment/character/swordman/avatar/cap/goldacap_emdlnhgear.equ	[hat avatar]	3	3
equipment/character/swordman/avatar/cap/goldacap_lblnhgear.equ	[hat avatar]	3	2
equipment/character/swordman/avatar/cap/goldacap_lnhgear.equ	[hat avatar]	3	0
equipment/character/swordman/avatar/cap/goldahat_bkblbamboo.equ	[hat avatar]	28	1
equipment/character/swordman/avatar/cap/goldahat_brbamboo.equ	[hat avatar]	28	2
equipment/character/swordman/avatar/cap/goldahat_gybamboo.equ	[hat avatar]	28	0
equipment/character/swordman/avatar/cap/goldahat_wtbamboo.equ	[hat avatar]	28	3
equipment/character/swordman/avatar/cap/jar_smarin.equ	[hat avatar]	20	0
equipment/character/swordman/avatar/cap/jar_smdanjin.equ	[hat avatar]	15	0
equipment/character/swordman/avatar/cap/jar_smkadin.equ	[hat avatar]	22	0
equipment/character/swordman/avatar/cap/jar_smmanjin.equ	[hat avatar]	19	0
equipment/character/swordman/avatar/cap/jar_smpokin.equ	[hat avatar]	21	0
equipment/character/swordman/avatar/coat/101500008.equ	[coat avatar]	123	0
equipment/character/swordman/avatar/coat/101500425.equ	[coat avatar]	37	1
equipment/character/swordman/avatar/coat/101500426.equ	[coat avatar]	37	2
equipment/character/swordman/avatar/coat/101500427.equ	[coat avatar]	37	3
equipment/character/swordman/avatar/coat/101500428.equ	[coat avatar]	38	0
equipment/character/swordman/avatar/coat/101500429.equ	[coat avatar]	38	1
equipment/character/swordman/avatar/coat/101500430.equ	[coat avatar]	38	2
equipment/character/swordman/avatar/coat/101500431.equ	[coat avatar]	38	3
equipment/character/swordman/avatar/coat/101500432.equ	[coat avatar]	41	0
equipment/character/swordman/avatar/coat/101500433.equ	[coat avatar]	41	1
equipment/character/swordman/avatar/coat/101500434.equ	[coat avatar]	49	0
equipment/character/swordman/avatar/coat/101500435.equ	[coat avatar]	49	1
equipment/character/swordman/avatar/coat/101500436.equ	[coat avatar]	49	2
equipment/character/swordman/avatar/coat/101500437.equ	[coat avatar]	49	3
equipment/character/swordman/avatar/coat/101500438.equ	[coat avatar]	51	0
equipment/character/swordman/avatar/coat/101500439.equ	[coat avatar]	51	1
equipment/character/swordman/avatar/coat/101500440.equ	[coat avatar]	51	2
equipment/character/swordman/avatar/coat/101500441.equ	[coat avatar]	51	3
equipment/character/swordman/avatar/coat/101500442.equ	[coat avatar]	59	0
equipment/character/swordman/avatar/coat/101500443.equ	[coat avatar]	59	1
equipment/character/swordman/avatar/coat/101500444.equ	[coat avatar]	59	2
equipment/character/swordman/avatar/coat/101500445.equ	[coat avatar]	61	0
equipment/character/swordman/avatar/coat/101500446.equ	[coat avatar]	61	1
equipment/character/swordman/avatar/coat/101500447.equ	[coat avatar]	61	2
equipment/character/swordman/avatar/coat/101500448.equ	[coat avatar]	61	3
equipment/character/swordman/avatar/coat/101500449.equ	[coat avatar]	75	0
equipment/character/swordman/avatar/coat/101500450.equ	[coat avatar]	75	1
equipment/character/swordman/avatar/coat/101500451.equ	[coat avatar]	75	2
equipment/character/swordman/avatar/coat/101500452.equ	[coat avatar]	75	3
equipment/character/swordman/avatar/coat/101500453.equ	[coat avatar]	78	0
equipment/character/swordman/avatar/coat/101500454.equ	[coat avatar]	79	0
equipment/character/swordman/avatar/coat/101500455.equ	[coat avatar]	79	1
equipment/character/swordman/avatar/coat/101500456.equ	[coat avatar]	79	2
equipment/character/swordman/avatar/coat/101500457.equ	[coat avatar]	79	3
equipment/character/swordman/avatar/coat/101500458.equ	[coat avatar]	97	2
equipment/character/swordman/avatar/coat/101500459.equ	[coat avatar]	97	3
equipment/character/swordman/avatar/coat/101500460.equ	[coat avatar]	88	3
equipment/character/swordman/avatar/coat/101500461.equ	[coat avatar]	101	0
equipment/character/swordman/avatar/coat/101500462.equ	[coat avatar]	101	1
equipment/character/swordman/avatar/coat/101500463.equ	[coat avatar]	101	2
equipment/character/swordman/avatar/coat/101500464.equ	[coat avatar]	101	3
equipment/character/swordman/avatar/coat/101500465.equ	[coat avatar]	1	1
equipment/character/swordman/avatar/coat/101500466.equ	[coat avatar]	1	2
equipment/character/swordman/avatar/coat/101500467.equ	[coat avatar]	1	3
equipment/character/swordman/avatar/coat/101500468.equ	[coat avatar]	2	1
equipment/character/swordman/avatar/coat/101500469.equ	[coat avatar]	2	2
equipment/character/swordman/avatar/coat/101500470.equ	[coat avatar]	2	3
equipment/character/swordman/avatar/coat/101500471.equ	[coat avatar]	3	1
equipment/character/swordman/avatar/coat/101500472.equ	[coat avatar]	3	2
equipment/character/swordman/avatar/coat/101500473.equ	[coat avatar]	7	1
equipment/character/swordman/avatar/coat/101500474.equ	[coat avatar]	7	2
equipment/character/swordman/avatar/coat/101500475.equ	[coat avatar]	7	3
equipment/character/swordman/avatar/coat/101500476.equ	[coat avatar]	8	1
equipment/character/swordman/avatar/coat/101500477.equ	[coat avatar]	8	2
equipment/character/swordman/avatar/coat/101500478.equ	[coat avatar]	8	3
equipment/character/swordman/avatar/coat/101500479.equ	[coat avatar]	9	1
equipment/character/swordman/avatar/coat/101500480.equ	[coat avatar]	9	2
equipment/character/swordman/avatar/coat/101500481.equ	[coat avatar]	9	3
equipment/character/swordman/avatar/coat/101500482.equ	[coat avatar]	10	0
equipment/character/swordman/avatar/coat/101500483.equ	[coat avatar]	12	3
equipment/character/swordman/avatar/coat/101500484.equ	[coat avatar]	13	0
equipment/character/swordman/avatar/coat/101500485.equ	[coat avatar]	13	1
equipment/character/swordman/avatar/coat/101500486.equ	[coat avatar]	13	2
equipment/character/swordman/avatar/coat/101500487.equ	[coat avatar]	13	3
equipment/character/swordman/avatar/coat/101500488.equ	[coat avatar]	15	0
equipment/character/swordman/avatar/coat/101500489.equ	[coat avatar]	15	1
equipment/character/swordman/avatar/coat/101500490.equ	[coat avatar]	15	2
equipment/character/swordman/avatar/coat/101500491.equ	[coat avatar]	15	3
equipment/character/swordman/avatar/coat/101500492.equ	[coat avatar]	17	0
equipment/character/swordman/avatar/coat/101500493.equ	[coat avatar]	19	3
equipment/character/swordman/avatar/coat/101500494.equ	[coat avatar]	118	0
equipment/character/swordman/avatar/coat/101500495.equ	[coat avatar]	118	1
equipment/character/swordman/avatar/coat/101500496.equ	[coat avatar]	118	2
equipment/character/swordman/avatar/coat/101500497.equ	[coat avatar]	36	0
equipment/character/swordman/avatar/coat/101500498.equ	[coat avatar]	36	1
equipment/character/swordman/avatar/coat/101500499.equ	[coat avatar]	36	2
equipment/character/swordman/avatar/coat/101500500.equ	[coat avatar]	36	3
equipment/character/swordman/avatar/coat/101500501.equ	[coat avatar]	37	0
equipment/character/swordman/avatar/coat/101500502.equ	[coat avatar]	41	2
equipment/character/swordman/avatar/coat/101500503.equ	[coat avatar]	41	3
equipment/character/swordman/avatar/coat/101500504.equ	[coat avatar]	42	0
equipment/character/swordman/avatar/coat/101500505.equ	[coat avatar]	42	1
equipment/character/swordman/avatar/coat/101500506.equ	[coat avatar]	42	2
equipment/character/swordman/avatar/coat/101500507.equ	[coat avatar]	42	3
equipment/character/swordman/avatar/coat/101500508.equ	[coat avatar]	44	0
equipment/character/swordman/avatar/coat/101500509.equ	[coat avatar]	44	1
equipment/character/swordman/avatar/coat/101500510.equ	[coat avatar]	44	2
equipment/character/swordman/avatar/coat/101500511.equ	[coat avatar]	44	3
equipment/character/swordman/avatar/coat/101500512.equ	[coat avatar]	47	0
equipment/character/swordman/avatar/coat/101500513.equ	[coat avatar]	47	1
equipment/character/swordman/avatar/coat/101500514.equ	[coat avatar]	47	2
equipment/character/swordman/avatar/coat/101500515.equ	[coat avatar]	47	3
equipment/character/swordman/avatar/coat/101500516.equ	[coat avatar]	58	0
equipment/character/swordman/avatar/coat/101500517.equ	[coat avatar]	58	1
equipment/character/swordman/avatar/coat/101500518.equ	[coat avatar]	58	2
equipment/character/swordman/avatar/coat/101500519.equ	[coat avatar]	58	3
equipment/character/swordman/avatar/coat/101500520.equ	[coat avatar]	59	3
equipment/character/swordman/avatar/coat/101500521.equ	[coat avatar]	65	0
equipment/character/swordman/avatar/coat/101500522.equ	[coat avatar]	65	1
equipment/character/swordman/avatar/coat/101500523.equ	[coat avatar]	65	2
equipment/character/swordman/avatar/coat/101500524.equ	[coat avatar]	65	3
equipment/character/swordman/avatar/coat/101500525.equ	[coat avatar]	66	0
equipment/character/swordman/avatar/coat/101500526.equ	[coat avatar]	66	1
equipment/character/swordman/avatar/coat/101500527.equ	[coat avatar]	66	2
equipment/character/swordman/avatar/coat/101500528.equ	[coat avatar]	66	3
equipment/character/swordman/avatar/coat/101500529.equ	[coat avatar]	67	0
equipment/character/swordman/avatar/coat/101500530.equ	[coat avatar]	67	1
equipment/character/swordman/avatar/coat/101500531.equ	[coat avatar]	67	2
equipment/character/swordman/avatar/coat/101500532.equ	[coat avatar]	67	3
equipment/character/swordman/avatar/coat/101500533.equ	[coat avatar]	78	1
equipment/character/swordman/avatar/coat/101500534.equ	[coat avatar]	78	2
equipment/character/swordman/avatar/coat/101500535.equ	[coat avatar]	78	3
equipment/character/swordman/avatar/coat/101500536.equ	[coat avatar]	97	0
equipment/character/swordman/avatar/coat/101500537.equ	[coat avatar]	97	1
equipment/character/swordman/avatar/coat/101500538.equ	[coat avatar]	88	0
equipment/character/swordman/avatar/coat/101500539.equ	[coat avatar]	88	1
equipment/character/swordman/avatar/coat/101500540.equ	[coat avatar]	88	2
equipment/character/swordman/avatar/coat/101500541.equ	[coat avatar]	104	0
equipment/character/swordman/avatar/coat/101500542.equ	[coat avatar]	104	1
equipment/character/swordman/avatar/coat/101500543.equ	[coat avatar]	104	2
equipment/character/swordman/avatar/coat/101500544.equ	[coat avatar]	104	3
equipment/character/swordman/avatar/coat/101500545.equ	[coat avatar]	106	0
equipment/character/swordman/avatar/coat/101500546.equ	[coat avatar]	106	1
equipment/character/swordman/avatar/coat/101500547.equ	[coat avatar]	106	2
equipment/character/swordman/avatar/coat/101500548.equ	[coat avatar]	106	3
equipment/character/swordman/avatar/coat/101500549.equ	[coat avatar]	
equipment/character/swordman/avatar/coat/101500550.equ	[coat avatar]	1	0
equipment/character/swordman/avatar/coat/101500551.equ	[coat avatar]	2	0
equipment/character/swordman/avatar/coat/101500552.equ	[coat avatar]	3	0
equipment/character/swordman/avatar/coat/101500553.equ	[coat avatar]	9	0
equipment/character/swordman/avatar/coat/101500554.equ	[coat avatar]	4	0
equipment/character/swordman/avatar/coat/101500555.equ	[coat avatar]	5	0
equipment/character/swordman/avatar/coat/101500556.equ	[coat avatar]	6	0
equipment/character/swordman/avatar/coat/101500557.equ	[coat avatar]	7	0
equipment/character/swordman/avatar/coat/101500558.equ	[coat avatar]	8	0
equipment/character/swordman/avatar/coat/101500559.equ	[coat avatar]	3	3
equipment/character/swordman/avatar/coat/101500560.equ	[coat avatar]	4	1
equipment/character/swordman/avatar/coat/101500561.equ	[coat avatar]	4	2
equipment/character/swordman/avatar/coat/101500562.equ	[coat avatar]	4	3
equipment/character/swordman/avatar/coat/101500563.equ	[coat avatar]	5	1
equipment/character/swordman/avatar/coat/101500564.equ	[coat avatar]	5	2
equipment/character/swordman/avatar/coat/101500565.equ	[coat avatar]	5	3
equipment/character/swordman/avatar/coat/101500566.equ	[coat avatar]	6	1
equipment/character/swordman/avatar/coat/101500567.equ	[coat avatar]	6	2
equipment/character/swordman/avatar/coat/101500568.equ	[coat avatar]	6	3
equipment/character/swordman/avatar/coat/101500569.equ	[coat avatar]	10	1
equipment/character/swordman/avatar/coat/101500570.equ	[coat avatar]	10	2
equipment/character/swordman/avatar/coat/101500571.equ	[coat avatar]	10	3
equipment/character/swordman/avatar/coat/101500572.equ	[coat avatar]	11	0
equipment/character/swordman/avatar/coat/101500573.equ	[coat avatar]	11	1
equipment/character/swordman/avatar/coat/101500574.equ	[coat avatar]	11	2
equipment/character/swordman/avatar/coat/101500575.equ	[coat avatar]	11	3
equipment/character/swordman/avatar/coat/101500576.equ	[coat avatar]	12	0
equipment/character/swordman/avatar/coat/101500577.equ	[coat avatar]	12	1
equipment/character/swordman/avatar/coat/101500578.equ	[coat avatar]	12	2
equipment/character/swordman/avatar/coat/101500579.equ	[coat avatar]	17	1
equipment/character/swordman/avatar/coat/101500580.equ	[coat avatar]	17	2
equipment/character/swordman/avatar/coat/101500581.equ	[coat avatar]	17	3
equipment/character/swordman/avatar/coat/101500582.equ	[coat avatar]	16	0
equipment/character/swordman/avatar/coat/101500583.equ	[coat avatar]	16	1
equipment/character/swordman/avatar/coat/101500584.equ	[coat avatar]	16	2
equipment/character/swordman/avatar/coat/101500585.equ	[coat avatar]	16	3
equipment/character/swordman/avatar/coat/101500586.equ	[coat avatar]	19	0
equipment/character/swordman/avatar/coat/101500587.equ	[coat avatar]	19	1
equipment/character/swordman/avatar/coat/101500588.equ	[coat avatar]	19	2
equipment/character/swordman/avatar/coat/101500589.equ	[coat avatar]	40	0
equipment/character/swordman/avatar/coat/101500608.equ	[coat avatar]	123	0
equipment/character/swordman/avatar/coat/101500609.equ	[coat avatar]	123	0
equipment/character/swordman/avatar/coat/101500610.equ	[coat avatar]	121	0
equipment/character/swordman/avatar/coat/101500611.equ	[coat avatar]	121	1
equipment/character/swordman/avatar/coat/101500612.equ	[coat avatar]	121	2
equipment/character/swordman/avatar/coat/101500613.equ	[coat avatar]	121	3
equipment/character/swordman/avatar/coat/101500614.equ	[coat avatar]	121	0
equipment/character/swordman/avatar/coat/101500615.equ	[coat avatar]	121	1
equipment/character/swordman/avatar/coat/101500616.equ	[coat avatar]	121	2
equipment/character/swordman/avatar/coat/101500617.equ	[coat avatar]	121	3
equipment/character/swordman/avatar/coat/101500618.equ	[coat avatar]	136	0
equipment/character/swordman/avatar/coat/101500619.equ	[coat avatar]	137	0
equipment/character/swordman/avatar/coat/101500620.equ	[coat avatar]	138	0
equipment/character/swordman/avatar/coat/101500621.equ	[coat avatar]	139	0
equipment/character/swordman/avatar/coat/101500622.equ	[coat avatar]	136	0
equipment/character/swordman/avatar/coat/101500623.equ	[coat avatar]	137	0
equipment/character/swordman/avatar/coat/101500624.equ	[coat avatar]	138	0
equipment/character/swordman/avatar/coat/101500625.equ	[coat avatar]	139	0
equipment/character/swordman/avatar/coat/101500634.equ	[coat avatar]	117	0
equipment/character/swordman/avatar/coat/101500635.equ	[coat avatar]	117	1
equipment/character/swordman/avatar/coat/101500636.equ	[coat avatar]	133	0
equipment/character/swordman/avatar/coat/101500637.equ	[coat avatar]	133	1
equipment/character/swordman/avatar/coat/101500638.equ	[coat avatar]	133	2
equipment/character/swordman/avatar/coat/101500639.equ	[coat avatar]	133	3
equipment/character/swordman/avatar/coat/101500640.equ	[coat avatar]	133	0
equipment/character/swordman/avatar/coat/101500641.equ	[coat avatar]	133	1
equipment/character/swordman/avatar/coat/101500642.equ	[coat avatar]	133	2
equipment/character/swordman/avatar/coat/101500643.equ	[coat avatar]	133	3
equipment/character/swordman/avatar/coat/101500644.equ	[coat avatar]	104	0
equipment/character/swordman/avatar/coat/101500645.equ	[coat avatar]	104	0
equipment/character/swordman/avatar/coat/101500647.equ	[coat avatar]	60	0
equipment/character/swordman/avatar/coat/101500648.equ	[coat avatar]	60	0
equipment/character/swordman/avatar/coat/101500649.equ	[coat avatar]	60	0
equipment/character/swordman/avatar/coat/101500650.equ	[coat avatar]	60	0
equipment/character/swordman/avatar/coat/101500651.equ	[coat avatar]	60	0
equipment/character/swordman/avatar/coat/101500652.equ	[coat avatar]	60	0
equipment/character/swordman/avatar/coat/101500653.equ	[coat avatar]	60	0
equipment/character/swordman/avatar/coat/101500654.equ	[coat avatar]	60	0
equipment/character/swordman/avatar/coat/101500655.equ	[coat avatar]	60	0
equipment/character/swordman/avatar/coat/101500656.equ	[coat avatar]	60	0
equipment/character/swordman/avatar/coat/101500657.equ	[coat avatar]	60	0
equipment/character/swordman/avatar/coat/101500658.equ	[coat avatar]	60	0
equipment/character/swordman/avatar/coat/101500659.equ	[coat avatar]	60	0
equipment/character/swordman/avatar/coat/101500660.equ	[coat avatar]	60	0
equipment/character/swordman/avatar/coat/101500661.equ	[coat avatar]	60	0
equipment/character/swordman/avatar/coat/101501731.equ	[coat avatar]	62	2
equipment/character/swordman/avatar/coat/101501793.equ	[coat avatar]	196	0
equipment/character/swordman/avatar/coat/101501794.equ	[coat avatar]	196	1
equipment/character/swordman/avatar/coat/101501795.equ	[coat avatar]	196	2
equipment/character/swordman/avatar/coat/101501796.equ	[coat avatar]	196	3
equipment/character/swordman/avatar/coat/101501894.equ	[coat avatar]	224	0
equipment/character/swordman/avatar/coat/101501898.equ	[coat avatar]	225	0
equipment/character/swordman/avatar/coat/101501902.equ	[coat avatar]	226	0
equipment/character/swordman/avatar/coat/101501906.equ	[coat avatar]	227	0
equipment/character/swordman/avatar/coat/1040000.equ	[coat avatar]	1	0
equipment/character/swordman/avatar/coat/1040001.equ	[coat avatar]	2	0
equipment/character/swordman/avatar/coat/1040002.equ	[coat avatar]	3	0
equipment/character/swordman/avatar/coat/1040003.equ	[coat avatar]	9	0
equipment/character/swordman/avatar/coat/1040004.equ	[coat avatar]	4	0
equipment/character/swordman/avatar/coat/1040005.equ	[coat avatar]	5	0
equipment/character/swordman/avatar/coat/1040006.equ	[coat avatar]	6	0
equipment/character/swordman/avatar/coat/1040007.equ	[coat avatar]	7	0
equipment/character/swordman/avatar/coat/1040008.equ	[coat avatar]	8	0
equipment/character/swordman/avatar/coat/1040009.equ	[coat avatar]	0	1
equipment/character/swordman/avatar/coat/1040010.equ	[coat avatar]	0	2
equipment/character/swordman/avatar/coat/1040011.equ	[coat avatar]	0	3
equipment/character/swordman/avatar/coat/1040012.equ	[coat avatar]	1	1
equipment/character/swordman/avatar/coat/1040013.equ	[coat avatar]	1	2
equipment/character/swordman/avatar/coat/1040014.equ	[coat avatar]	1	3
equipment/character/swordman/avatar/coat/1040015.equ	[coat avatar]	2	1
equipment/character/swordman/avatar/coat/1040016.equ	[coat avatar]	2	2
equipment/character/swordman/avatar/coat/1040017.equ	[coat avatar]	2	3
equipment/character/swordman/avatar/coat/1040018.equ	[coat avatar]	3	1
equipment/character/swordman/avatar/coat/1040019.equ	[coat avatar]	3	2
equipment/character/swordman/avatar/coat/1040020.equ	[coat avatar]	3	3
equipment/character/swordman/avatar/coat/1040021.equ	[coat avatar]	4	1
equipment/character/swordman/avatar/coat/1040022.equ	[coat avatar]	4	2
equipment/character/swordman/avatar/coat/1040023.equ	[coat avatar]	4	3
equipment/character/swordman/avatar/coat/1040024.equ	[coat avatar]	5	1
equipment/character/swordman/avatar/coat/1040025.equ	[coat avatar]	5	2
equipment/character/swordman/avatar/coat/1040026.equ	[coat avatar]	5	3
equipment/character/swordman/avatar/coat/1040027.equ	[coat avatar]	6	1
equipment/character/swordman/avatar/coat/1040028.equ	[coat avatar]	6	2
equipment/character/swordman/avatar/coat/1040029.equ	[coat avatar]	6	3
equipment/character/swordman/avatar/coat/1040030.equ	[coat avatar]	7	1
equipment/character/swordman/avatar/coat/1040031.equ	[coat avatar]	7	2
equipment/character/swordman/avatar/coat/1040032.equ	[coat avatar]	7	3
equipment/character/swordman/avatar/coat/1040033.equ	[coat avatar]	8	1
equipment/character/swordman/avatar/coat/1040034.equ	[coat avatar]	8	2
equipment/character/swordman/avatar/coat/1040035.equ	[coat avatar]	8	3
equipment/character/swordman/avatar/coat/1040036.equ	[coat avatar]	9	1
equipment/character/swordman/avatar/coat/1040037.equ	[coat avatar]	9	2
equipment/character/swordman/avatar/coat/1040038.equ	[coat avatar]	9	3
equipment/character/swordman/avatar/coat/1040039.equ	[coat avatar]	10	0
equipment/character/swordman/avatar/coat/1040040.equ	[coat avatar]	10	1
equipment/character/swordman/avatar/coat/1040041.equ	[coat avatar]	10	2
equipment/character/swordman/avatar/coat/1040042.equ	[coat avatar]	10	3
equipment/character/swordman/avatar/coat/1040043.equ	[coat avatar]	11	0
equipment/character/swordman/avatar/coat/1040044.equ	[coat avatar]	11	1
equipment/character/swordman/avatar/coat/1040045.equ	[coat avatar]	11	2
equipment/character/swordman/avatar/coat/1040046.equ	[coat avatar]	11	3
equipment/character/swordman/avatar/coat/1040047.equ	[coat avatar]	12	0
equipment/character/swordman/avatar/coat/1040048.equ	[coat avatar]	12	1
equipment/character/swordman/avatar/coat/1040049.equ	[coat avatar]	12	2
equipment/character/swordman/avatar/coat/1040050.equ	[coat avatar]	12	3
equipment/character/swordman/avatar/coat/1040051.equ	[coat avatar]	13	0
equipment/character/swordman/avatar/coat/1040052.equ	[coat avatar]	13	1
equipment/character/swordman/avatar/coat/1040053.equ	[coat avatar]	13	2
equipment/character/swordman/avatar/coat/1040054.equ	[coat avatar]	13	3
equipment/character/swordman/avatar/coat/1040055.equ	[coat avatar]	15	0
equipment/character/swordman/avatar/coat/1040056.equ	[coat avatar]	15	1
equipment/character/swordman/avatar/coat/1040057.equ	[coat avatar]	15	2
equipment/character/swordman/avatar/coat/1040058.equ	[coat avatar]	15	3
equipment/character/swordman/avatar/coat/1040059.equ	[coat avatar]	17	0
equipment/character/swordman/avatar/coat/1040060.equ	[coat avatar]	17	1
equipment/character/swordman/avatar/coat/1040061.equ	[coat avatar]	17	2
equipment/character/swordman/avatar/coat/1040062.equ	[coat avatar]	17	3
equipment/character/swordman/avatar/coat/1040063.equ	[coat avatar]	16	0
equipment/character/swordman/avatar/coat/1040064.equ	[coat avatar]	16	1
equipment/character/swordman/avatar/coat/1040065.equ	[coat avatar]	16	2
equipment/character/swordman/avatar/coat/1040066.equ	[coat avatar]	16	3
equipment/character/swordman/avatar/coat/1040067.equ	[coat avatar]	19	0
equipment/character/swordman/avatar/coat/1040068.equ	[coat avatar]	19	1
equipment/character/swordman/avatar/coat/1040069.equ	[coat avatar]	19	2
equipment/character/swordman/avatar/coat/1040070.equ	[coat avatar]	19	3
equipment/character/swordman/avatar/coat/601500000.equ	[coat avatar]	87	2
equipment/character/swordman/avatar/coat/601500001.equ	[coat avatar]	87	3
equipment/character/swordman/avatar/coat/601500002.equ	[coat avatar]	1	0
equipment/character/swordman/avatar/coat/601500003.equ	[coat avatar]	1	1
equipment/character/swordman/avatar/coat/601500004.equ	[coat avatar]	1	2
equipment/character/swordman/avatar/coat/601500005.equ	[coat avatar]	1	3
equipment/character/swordman/avatar/coat/601500006.equ	[coat avatar]	2	0
equipment/character/swordman/avatar/coat/601500007.equ	[coat avatar]	2	1
equipment/character/swordman/avatar/coat/601500008.equ	[coat avatar]	2	2
equipment/character/swordman/avatar/coat/601500009.equ	[coat avatar]	97	0
equipment/character/swordman/avatar/coat/601500010.equ	[coat avatar]	97	3
equipment/character/swordman/avatar/coat/601500011.equ	[coat avatar]	1	1
equipment/character/swordman/avatar/coat/601500012.equ	[coat avatar]	93	0
equipment/character/swordman/avatar/coat/601500013.equ	[coat avatar]	93	1
equipment/character/swordman/avatar/coat/601500014.equ	[coat avatar]	93	2
equipment/character/swordman/avatar/coat/601500015.equ	[coat avatar]	93	3
equipment/character/swordman/avatar/coat/601500017.equ	[coat avatar]	105	0
equipment/character/swordman/avatar/coat/601500018.equ	[coat avatar]	88	0
equipment/character/swordman/avatar/coat/601500019.equ	[coat avatar]	88	1
equipment/character/swordman/avatar/coat/601500020.equ	[coat avatar]	88	2
equipment/character/swordman/avatar/coat/601500021.equ	[coat avatar]	88	3
equipment/character/swordman/avatar/coat/601500022.equ	[coat avatar]	97	1
equipment/character/swordman/avatar/coat/601500023.equ	[coat avatar]	97	2
equipment/character/swordman/avatar/coat/601500024.equ	[coat avatar]	120	0
equipment/character/swordman/avatar/coat/601500025.equ	[coat avatar]	120	1
equipment/character/swordman/avatar/coat/601500026.equ	[coat avatar]	120	2
equipment/character/swordman/avatar/coat/601500027.equ	[coat avatar]	120	3
equipment/character/swordman/avatar/coat/601500028.equ	[coat avatar]	62	3
equipment/character/swordman/avatar/coat/601500029.equ	[coat avatar]	118	0
equipment/character/swordman/avatar/coat/601500030.equ	[coat avatar]	118	1
equipment/character/swordman/avatar/coat/601500031.equ	[coat avatar]	118	2
equipment/character/swordman/avatar/coat/601500032.equ	[coat avatar]	100	0
equipment/character/swordman/avatar/coat/601500033.equ	[coat avatar]	100	1
equipment/character/swordman/avatar/coat/601500034.equ	[coat avatar]	100	2
equipment/character/swordman/avatar/coat/601500035.equ	[coat avatar]	100	3
equipment/character/swordman/avatar/coat/601500036.equ	[coat avatar]	108	0
equipment/character/swordman/avatar/coat/601500037.equ	[coat avatar]	108	1
equipment/character/swordman/avatar/coat/601500038.equ	[coat avatar]	108	2
equipment/character/swordman/avatar/coat/601500039.equ	[coat avatar]	109	0
equipment/character/swordman/avatar/coat/601500040.equ	[coat avatar]	109	1
equipment/character/swordman/avatar/coat/601500041.equ	[coat avatar]	109	2
equipment/character/swordman/avatar/coat/601500042.equ	[coat avatar]	69	1
equipment/character/swordman/avatar/coat/601500043.equ	[coat avatar]	79	0
equipment/character/swordman/avatar/coat/601500044.equ	[coat avatar]	79	1
equipment/character/swordman/avatar/coat/601500045.equ	[coat avatar]	79	2
equipment/character/swordman/avatar/coat/601500046.equ	[coat avatar]	79	3
equipment/character/swordman/avatar/coat/601500047.equ	[coat avatar]	146	0
equipment/character/swordman/avatar/coat/601500048.equ	[coat avatar]	136	0
equipment/character/swordman/avatar/coat/601500049.equ	[coat avatar]	130	0
equipment/character/swordman/avatar/coat/601500050.equ	[coat avatar]	130	1
equipment/character/swordman/avatar/coat/601500051.equ	[coat avatar]	130	2
equipment/character/swordman/avatar/coat/601500052.equ	[coat avatar]	62	0
equipment/character/swordman/avatar/coat/601500053.equ	[coat avatar]	112	0
equipment/character/swordman/avatar/coat/601500054.equ	[coat avatar]	112	1
equipment/character/swordman/avatar/coat/601500055.equ	[coat avatar]	87	2
equipment/character/swordman/avatar/coat/601500056.equ	[coat avatar]	1	0
equipment/character/swordman/avatar/coat/601500057.equ	[coat avatar]	2	0
equipment/character/swordman/avatar/coat/601500058.equ	[coat avatar]	124	0
equipment/character/swordman/avatar/coat/601500059.equ	[coat avatar]	124	1
equipment/character/swordman/avatar/coat/601500060.equ	[coat avatar]	124	2
equipment/character/swordman/avatar/coat/601500061.equ	[coat avatar]	124	3
equipment/character/swordman/avatar/coat/601500062.equ	[coat avatar]	148	0
equipment/character/swordman/avatar/coat/601500063.equ	[coat avatar]	148	1
equipment/character/swordman/avatar/coat/601500064.equ	[coat avatar]	148	2
equipment/character/swordman/avatar/coat/601500065.equ	[coat avatar]	148	3
equipment/character/swordman/avatar/coat/601500066.equ	[coat avatar]	96	1
equipment/character/swordman/avatar/coat/601500067.equ	[coat avatar]	
equipment/character/swordman/avatar/coat/601500068.equ	[coat avatar]	144	0
equipment/character/swordman/avatar/coat/601500069.equ	[coat avatar]	144	1
equipment/character/swordman/avatar/coat/601500070.equ	[coat avatar]	142	0
equipment/character/swordman/avatar/coat/601500071.equ	[coat avatar]	142	1
equipment/character/swordman/avatar/coat/601500072.equ	[coat avatar]	142	2
equipment/character/swordman/avatar/coat/601500073.equ	[coat avatar]	142	3
equipment/character/swordman/avatar/coat/601500074.equ	[coat avatar]	142	4
equipment/character/swordman/avatar/coat/601500075.equ	[coat avatar]	142	5
equipment/character/swordman/avatar/coat/601500079.equ	[coat avatar]	150	0
equipment/character/swordman/avatar/coat/601500080.equ	[coat avatar]	150	1
equipment/character/swordman/avatar/coat/601500081.equ	[coat avatar]	150	2
equipment/character/swordman/avatar/coat/601500082.equ	[coat avatar]	150	3
equipment/character/swordman/avatar/coat/601500091.equ	[coat avatar]	149	0
equipment/character/swordman/avatar/coat/601500094.equ	[coat avatar]	159	0
equipment/character/swordman/avatar/coat/601500095.equ	[coat avatar]	159	1
equipment/character/swordman/avatar/coat/601500096.equ	[coat avatar]	151	0
equipment/character/swordman/avatar/coat/601500097.equ	[coat avatar]	152	0
equipment/character/swordman/avatar/coat/601500168.equ	[coat avatar]	237	0
equipment/character/swordman/avatar/coat/601500169.equ	[coat avatar]	237	1
equipment/character/swordman/avatar/coat/601500170.equ	[coat avatar]	237	2
equipment/character/swordman/avatar/coat/601500171.equ	[coat avatar]	237	3
equipment/character/swordman/avatar/coat/601501073.equ	[coat avatar]	189	0
equipment/character/swordman/avatar/coat/601501074.equ	[coat avatar]	189	1
equipment/character/swordman/avatar/coat/601501075.equ	[coat avatar]	189	2
equipment/character/swordman/avatar/coat/601501076.equ	[coat avatar]	189	3
equipment/character/swordman/avatar/coat/601501077.equ	[coat avatar]	196	0
equipment/character/swordman/avatar/coat/601501078.equ	[coat avatar]	196	1
equipment/character/swordman/avatar/coat/601501079.equ	[coat avatar]	196	2
equipment/character/swordman/avatar/coat/601501080.equ	[coat avatar]	196	3
equipment/character/swordman/avatar/coat/601501081.equ	[coat avatar]	199	0
equipment/character/swordman/avatar/coat/601501082.equ	[coat avatar]	199	1
equipment/character/swordman/avatar/coat/601501083.equ	[coat avatar]	199	2
equipment/character/swordman/avatar/coat/601501084.equ	[coat avatar]	199	3
equipment/character/swordman/avatar/coat/601501085.equ	[coat avatar]	187	0
equipment/character/swordman/avatar/coat/601501086.equ	[coat avatar]	187	1
equipment/character/swordman/avatar/coat/601501087.equ	[coat avatar]	187	2
equipment/character/swordman/avatar/coat/601501088.equ	[coat avatar]	187	3
equipment/character/swordman/avatar/coat/601501092.equ	[coat avatar]	167	0
equipment/character/swordman/avatar/coat/601501093.equ	[coat avatar]	167	1
equipment/character/swordman/avatar/coat/601501094.equ	[coat avatar]	167	2
equipment/character/swordman/avatar/coat/601501095.equ	[coat avatar]	167	3
equipment/character/swordman/avatar/coat/aarm_bkdiscolor.equ	[coat avatar]	46	1
equipment/character/swordman/avatar/coat/aarm_bkmonsterface.equ	[coat avatar]	44	2
equipment/character/swordman/avatar/coat/aarm_blgrmonsterface.equ	[coat avatar]	44	0
equipment/character/swordman/avatar/coat/aarm_dpbrmonsterface.equ	[coat avatar]	44	3
equipment/character/swordman/avatar/coat/aarm_noblerdhawk.equ	[coat avatar]	45	0
equipment/character/swordman/avatar/coat/aarm_rddiscolor.equ	[coat avatar]	46	0
equipment/character/swordman/avatar/coat/aarm_rdmonsterface.equ	[coat avatar]	44	1
equipment/character/swordman/avatar/coat/aarmor_bkleather.equ	[coat avatar]	33	3
equipment/character/swordman/avatar/coat/aarmor_bzswordman.equ	[coat avatar]	25	3
equipment/character/swordman/avatar/coat/aarmor_gdswordman.equ	[coat avatar]	25	0
equipment/character/swordman/avatar/coat/aarmor_rdleather.equ	[coat avatar]	33	0
equipment/character/swordman/avatar/coat/aarmor_slswordman.equ	[coat avatar]	25	1
equipment/character/swordman/avatar/coat/aarmor_stswordman.equ	[coat avatar]	25	2
equipment/character/swordman/avatar/coat/aarmor_wtleather.equ	[coat avatar]	33	1
equipment/character/swordman/avatar/coat/aarmor_ylleather.equ	[coat avatar]	33	2
equipment/character/swordman/avatar/coat/aattire_bkchivalry.equ	[coat avatar]	47	1
equipment/character/swordman/avatar/coat/aattire_bkhwarang.equ	[coat avatar]	32	1
equipment/character/swordman/avatar/coat/aattire_blchivalry.equ	[coat avatar]	47	3
equipment/character/swordman/avatar/coat/aattire_grhwarang.equ	[coat avatar]	32	0
equipment/character/swordman/avatar/coat/aattire_rdchivalry.equ	[coat avatar]	47	2
equipment/character/swordman/avatar/coat/aattire_rdhwarang.equ	[coat avatar]	32	3
equipment/character/swordman/avatar/coat/aattire_vlchivalry.equ	[coat avatar]	47	0
equipment/character/swordman/avatar/coat/aattire_wthwarang.equ	[coat avatar]	32	2
equipment/character/swordman/avatar/coat/abaarmor_culad.equ	[coat avatar]	48	0
equipment/character/swordman/avatar/coat/abelt_skullbkcross.equ	[coat avatar]	49	0
equipment/character/swordman/avatar/coat/abelt_skullblcross.equ	[coat avatar]	49	1
equipment/character/swordman/avatar/coat/abelt_skullbrcross.equ	[coat avatar]	49	3
equipment/character/swordman/avatar/coat/abelt_skullrdcross.equ	[coat avatar]	49	2
equipment/character/swordman/avatar/coat/accoat_db.equ	[coat avatar]	60	0
equipment/character/swordman/avatar/coat/accoat_wt.equ	[coat avatar]	60	1
equipment/character/swordman/avatar/coat/acoat_40815.equ	[coat avatar]	61	0
equipment/character/swordman/avatar/coat/acoat_40816.equ	[coat avatar]	61	1
equipment/character/swordman/avatar/coat/acoat_40817.equ	[coat avatar]	61	2
equipment/character/swordman/avatar/coat/acoat_40818.equ	[coat avatar]	61	3
equipment/character/swordman/avatar/coat/acoat_40819.equ	[coat avatar]	62	0
equipment/character/swordman/avatar/coat/acoat_40820.equ	[coat avatar]	62	1
equipment/character/swordman/avatar/coat/acoat_40821.equ	[coat avatar]	5	0
equipment/character/swordman/avatar/coat/acoat_40822.equ	[coat avatar]	63	0
equipment/character/swordman/avatar/coat/acoat_40823.equ	[coat avatar]	63	1
equipment/character/swordman/avatar/coat/acoat_40824.equ	[coat avatar]	63	2
equipment/character/swordman/avatar/coat/acoat_40825.equ	[coat avatar]	64	0
equipment/character/swordman/avatar/coat/acoat_40826.equ	[coat avatar]	64	1
equipment/character/swordman/avatar/coat/acoat_40827.equ	[coat avatar]	11	0
equipment/character/swordman/avatar/coat/acoat_40828.equ	[coat avatar]	49	1
equipment/character/swordman/avatar/coat/acoat_40829.equ	[coat avatar]	54	0
equipment/character/swordman/avatar/coat/acoat_40830.equ	[coat avatar]	55	0
equipment/character/swordman/avatar/coat/acoat_40831.equ	[coat avatar]	56	0
equipment/character/swordman/avatar/coat/acoat_40832.equ	[coat avatar]	57	0
equipment/character/swordman/avatar/coat/acoat_40833.equ	[coat avatar]	65	0
equipment/character/swordman/avatar/coat/acoat_40834.equ	[coat avatar]	65	1
equipment/character/swordman/avatar/coat/acoat_40835.equ	[coat avatar]	65	2
equipment/character/swordman/avatar/coat/acoat_40836.equ	[coat avatar]	65	3
equipment/character/swordman/avatar/coat/acoat_40837.equ	[coat avatar]	66	0
equipment/character/swordman/avatar/coat/acoat_40838.equ	[coat avatar]	66	1
equipment/character/swordman/avatar/coat/acoat_40839.equ	[coat avatar]	66	2
equipment/character/swordman/avatar/coat/acoat_40840.equ	[coat avatar]	66	3
equipment/character/swordman/avatar/coat/acoat_40841.equ	[coat avatar]	69	0
equipment/character/swordman/avatar/coat/acoat_40842.equ	[coat avatar]	69	1
equipment/character/swordman/avatar/coat/acoat_40843.equ	[coat avatar]	67	0
equipment/character/swordman/avatar/coat/acoat_40844.equ	[coat avatar]	67	1
equipment/character/swordman/avatar/coat/acoat_40845.equ	[coat avatar]	67	2
equipment/character/swordman/avatar/coat/acoat_40846.equ	[coat avatar]	67	3
equipment/character/swordman/avatar/coat/acoat_40847.equ	[coat avatar]	66	0
equipment/character/swordman/avatar/coat/acoat_40848.equ	[coat avatar]	72	0
equipment/character/swordman/avatar/coat/acoat_40849.equ	[coat avatar]	72	1
equipment/character/swordman/avatar/coat/acoat_40850.equ	[coat avatar]	73	0
equipment/character/swordman/avatar/coat/acoat_40851.equ	[coat avatar]	73	1
equipment/character/swordman/avatar/coat/acoat_40852.equ	[coat avatar]	75	0
equipment/character/swordman/avatar/coat/acoat_40853.equ	[coat avatar]	75	1
equipment/character/swordman/avatar/coat/acoat_40854.equ	[coat avatar]	75	2
equipment/character/swordman/avatar/coat/acoat_40855.equ	[coat avatar]	75	3
equipment/character/swordman/avatar/coat/acoat_40856.equ	[coat avatar]	61	1
equipment/character/swordman/avatar/coat/acoat_40857.equ	[coat avatar]	77	0
equipment/character/swordman/avatar/coat/acoat_40858.equ	[coat avatar]	77	1
equipment/character/swordman/avatar/coat/acoat_40859.equ	[coat avatar]	77	2
equipment/character/swordman/avatar/coat/acoat_40860.equ	[coat avatar]	78	0
equipment/character/swordman/avatar/coat/acoat_40861.equ	[coat avatar]	78	1
equipment/character/swordman/avatar/coat/acoat_40862.equ	[coat avatar]	78	2
equipment/character/swordman/avatar/coat/acoat_40863.equ	[coat avatar]	78	3
equipment/character/swordman/avatar/coat/acoat_40864.equ	[coat avatar]	81	0
equipment/character/swordman/avatar/coat/acoat_40865.equ	[coat avatar]	81	1
equipment/character/swordman/avatar/coat/acoat_40866.equ	[coat avatar]	80	0
equipment/character/swordman/avatar/coat/acoat_40867.equ	[coat avatar]	80	1
equipment/character/swordman/avatar/coat/acoat_40868.equ	[coat avatar]	84	0
equipment/character/swordman/avatar/coat/acoat_40869.equ	[coat avatar]	84	1
equipment/character/swordman/avatar/coat/acoat_40870.equ	[coat avatar]	84	2
equipment/character/swordman/avatar/coat/acoat_40871.equ	[coat avatar]	84	3
equipment/character/swordman/avatar/coat/acoat_40872.equ	[coat avatar]	89	0
equipment/character/swordman/avatar/coat/acoat_40873.equ	[coat avatar]	89	1
equipment/character/swordman/avatar/coat/acoat_40874.equ	[coat avatar]	90	1
equipment/character/swordman/avatar/coat/acoat_40879.equ	[coat avatar]	92	0
equipment/character/swordman/avatar/coat/acoat_40880.equ	[coat avatar]	92	1
equipment/character/swordman/avatar/coat/acoat_40881.equ	[coat avatar]	92	2
equipment/character/swordman/avatar/coat/acoat_40882.equ	[coat avatar]	95	0
equipment/character/swordman/avatar/coat/acoat_40883.equ	[coat avatar]	95	1
equipment/character/swordman/avatar/coat/acoat_40884.equ	[coat avatar]	95	2
equipment/character/swordman/avatar/coat/acoat_40885.equ	[coat avatar]	95	3
equipment/character/swordman/avatar/coat/acoat_40886.equ	[coat avatar]	79	0
equipment/character/swordman/avatar/coat/acoat_40887.equ	[coat avatar]	79	1
equipment/character/swordman/avatar/coat/acoat_40888.equ	[coat avatar]	79	2
equipment/character/swordman/avatar/coat/acoat_40889.equ	[coat avatar]	79	3
equipment/character/swordman/avatar/coat/acoat_40890.equ	[coat avatar]	96	0
equipment/character/swordman/avatar/coat/acoat_40891.equ	[coat avatar]	96	1
equipment/character/swordman/avatar/coat/acoat_40892.equ	[coat avatar]	82	0
equipment/character/swordman/avatar/coat/acoat_40893.equ	[coat avatar]	82	1
equipment/character/swordman/avatar/coat/acoat_40894.equ	[coat avatar]	82	2
equipment/character/swordman/avatar/coat/acoat_40895.equ	[coat avatar]	82	3
equipment/character/swordman/avatar/coat/acoat_40896.equ	[coat avatar]	99	0
equipment/character/swordman/avatar/coat/acoat_40897.equ	[coat avatar]	99	1
equipment/character/swordman/avatar/coat/acoat_40898.equ	[coat avatar]	97	0
equipment/character/swordman/avatar/coat/acoat_40899.equ	[coat avatar]	97	1
equipment/character/swordman/avatar/coat/acoat_40900.equ	[coat avatar]	97	2
equipment/character/swordman/avatar/coat/acoat_40901.equ	[coat avatar]	97	3
equipment/character/swordman/avatar/coat/acoat_40902.equ	[coat avatar]	105	0
equipment/character/swordman/avatar/coat/acoat_40903.equ	[coat avatar]	105	1
equipment/character/swordman/avatar/coat/acoat_40904.equ	[coat avatar]	105	2
equipment/character/swordman/avatar/coat/acoat_40905.equ	[coat avatar]	105	3
equipment/character/swordman/avatar/coat/acoat_40906.equ	[coat avatar]	901	0
equipment/character/swordman/avatar/coat/acoat_40907.equ	[coat avatar]	902	0
equipment/character/swordman/avatar/coat/acoat_40914.equ	[coat avatar]	111	0
equipment/character/swordman/avatar/coat/acoat_40915.equ	[coat avatar]	111	1
equipment/character/swordman/avatar/coat/acoat_40916.equ	[coat avatar]	111	2
equipment/character/swordman/avatar/coat/acoat_40925.equ	[coat avatar]	115	0
equipment/character/swordman/avatar/coat/acoat_40926.equ	[coat avatar]	101	0
equipment/character/swordman/avatar/coat/acoat_40927.equ	[coat avatar]	101	1
equipment/character/swordman/avatar/coat/acoat_40928.equ	[coat avatar]	101	2
equipment/character/swordman/avatar/coat/acoat_40929.equ	[coat avatar]	101	3
equipment/character/swordman/avatar/coat/acoat_40930.equ	[coat avatar]	104	0
equipment/character/swordman/avatar/coat/acoat_40931.equ	[coat avatar]	104	1
equipment/character/swordman/avatar/coat/acoat_40932.equ	[coat avatar]	104	2
equipment/character/swordman/avatar/coat/acoat_40933.equ	[coat avatar]	104	3
equipment/character/swordman/avatar/coat/acoat_40934.equ	[coat avatar]	106	0
equipment/character/swordman/avatar/coat/acoat_40935.equ	[coat avatar]	106	1
equipment/character/swordman/avatar/coat/acoat_40936.equ	[coat avatar]	106	2
equipment/character/swordman/avatar/coat/acoat_40937.equ	[coat avatar]	106	3
equipment/character/swordman/avatar/coat/acoat_activesleevelesspola.equ	[coat avatar]	1	2
equipment/character/swordman/avatar/coat/acoat_aganzo.equ	[coat avatar]	57	0
equipment/character/swordman/avatar/coat/acoat_aloha.equ	[coat avatar]	7	0
equipment/character/swordman/avatar/coat/acoat_azbuckle.equ	[coat avatar]	4	3
equipment/character/swordman/avatar/coat/acoat_belt.equ	[coat avatar]	6	0
equipment/character/swordman/avatar/coat/acoat_bkarrogantprince.equ	[coat avatar]	52	1
equipment/character/swordman/avatar/coat/acoat_bkbasis.equ	[coat avatar]	0	5
equipment/character/swordman/avatar/coat/acoat_bkleather.equ	[coat avatar]	18	0
equipment/character/swordman/avatar/coat/acoat_bkleather2.equ	[coat avatar]	18	0
equipment/character/swordman/avatar/coat/acoat_bkmoogak.equ	[coat avatar]	50	0
equipment/character/swordman/avatar/coat/acoat_bkwinterlong.equ	[coat avatar]	34	3
equipment/character/swordman/avatar/coat/acoat_blarrogantprince.equ	[coat avatar]	52	0
equipment/character/swordman/avatar/coat/acoat_blbuckle.equ	[coat avatar]	4	2
equipment/character/swordman/avatar/coat/acoat_blclbelt.equ	[coat avatar]	6	1
equipment/character/swordman/avatar/coat/acoat_blhairy.equ	[coat avatar]	8	1
equipment/character/swordman/avatar/coat/acoat_blleather.equ	[coat avatar]	18	1
equipment/character/swordman/avatar/coat/acoat_blleather2.equ	[coat avatar]	18	1
equipment/character/swordman/avatar/coat/acoat_blshdprotector.equ	[coat avatar]	5	1
equipment/character/swordman/avatar/coat/acoat_bltightstring.equ	[coat avatar]	3	2
equipment/character/swordman/avatar/coat/acoat_brhairy.equ	[coat avatar]	8	2
equipment/character/swordman/avatar/coat/acoat_brttitsleeveless.equ	[coat avatar]	10	1
equipment/character/swordman/avatar/coat/acoat_brwinterlong.equ	[coat avatar]	34	2
equipment/character/swordman/avatar/coat/acoat_buckle.equ	[coat avatar]	4	0
equipment/character/swordman/avatar/coat/acoat_buckle2.equ	[coat avatar]	4	0
equipment/character/swordman/avatar/coat/acoat_calmsleevelesspola.equ	[coat avatar]	1	1
equipment/character/swordman/avatar/coat/acoat_clbuckle.equ	[coat avatar]	4	1
equipment/character/swordman/avatar/coat/acoat_clonesw.equ	[coat avatar]	
equipment/character/swordman/avatar/coat/acoat_dblshirts.equ	[coat avatar]	0	3
equipment/character/swordman/avatar/coat/acoat_default.equ	[coat avatar]	0	0
equipment/character/swordman/avatar/coat/acoat_ggrhalfshirts.equ	[coat avatar]	2	2
equipment/character/swordman/avatar/coat/acoat_grayhalfshirts.equ	[coat avatar]	2	1
equipment/character/swordman/avatar/coat/acoat_grshdprotector.equ	[coat avatar]	5	3
equipment/character/swordman/avatar/coat/acoat_grshirts.equ	[coat avatar]	0	1
equipment/character/swordman/avatar/coat/acoat_grtightstring.equ	[coat avatar]	3	3
equipment/character/swordman/avatar/coat/acoat_gybwleather.equ	[coat avatar]	18	3
equipment/character/swordman/avatar/coat/acoat_gybwleather2.equ	[coat avatar]	18	3
equipment/character/swordman/avatar/coat/acoat_hairy.equ	[coat avatar]	8	0
equipment/character/swordman/avatar/coat/acoat_halfshirts.equ	[coat avatar]	2	0
equipment/character/swordman/avatar/coat/acoat_halfshirts_newserver.equ	[coat avatar]	2	0
equipment/character/swordman/avatar/coat/acoat_lpphairy.equ	[coat avatar]	8	3
equipment/character/swordman/avatar/coat/acoat_mysleevelesspola.equ	[coat avatar]	1	3
equipment/character/swordman/avatar/coat/acoat_mysticbltitsleeveless.equ	[coat avatar]	10	3
equipment/character/swordman/avatar/coat/acoat_ovwinterlong.equ	[coat avatar]	34	1
equipment/character/swordman/avatar/coat/acoat_ppclbelt.equ	[coat avatar]	6	2
equipment/character/swordman/avatar/coat/acoat_ppshirts.equ	[coat avatar]	0	2
equipment/character/swordman/avatar/coat/acoat_rareclonesw.equ	[coat avatar]	
equipment/character/swordman/avatar/coat/acoat_rdclbelt.equ	[coat avatar]	6	3
equipment/character/swordman/avatar/coat/acoat_rddefault.equ	[coat avatar]	0	4
equipment/character/swordman/avatar/coat/acoat_rdleather.equ	[coat avatar]	18	2
equipment/character/swordman/avatar/coat/acoat_rdleather2.equ	[coat avatar]	18	2
equipment/character/swordman/avatar/coat/acoat_rdmoogak.equ	[coat avatar]	50	1
equipment/character/swordman/avatar/coat/acoat_rdwinterlong.equ	[coat avatar]	34	0
equipment/character/swordman/avatar/coat/acoat_scokeventa.equ	[coat avatar]	29	0
equipment/character/swordman/avatar/coat/acoat_scokeventb.equ	[coat avatar]	29	0
equipment/character/swordman/avatar/coat/acoat_scokeventc.equ	[coat avatar]	29	0
equipment/character/swordman/avatar/coat/acoat_sexyaloha.equ	[coat avatar]	7	1
equipment/character/swordman/avatar/coat/acoat_sexytitsleeveless.equ	[coat avatar]	10	2
equipment/character/swordman/avatar/coat/acoat_shdprotector.equ	[coat avatar]	5	0
equipment/character/swordman/avatar/coat/acoat_sleevelesspola.equ	[coat avatar]	1	0
equipment/character/swordman/avatar/coat/acoat_stylishaloha.equ	[coat avatar]	7	2
equipment/character/swordman/avatar/coat/acoat_tightstring.equ	[coat avatar]	3	0
equipment/character/swordman/avatar/coat/acoat_titsleeveless.equ	[coat avatar]	10	0
equipment/character/swordman/avatar/coat/acoat_toughaloha.equ	[coat avatar]	7	3
equipment/character/swordman/avatar/coat/acoat_vihalfshirts.equ	[coat avatar]	2	3
equipment/character/swordman/avatar/coat/acoat_ylshdprotector.equ	[coat avatar]	5	2
equipment/character/swordman/avatar/coat/acoat_yltightstring.equ	[coat avatar]	3	1
equipment/character/swordman/avatar/coat/afparmor_dkknight.equ	[coat avatar]	35	0
equipment/character/swordman/avatar/coat/ahenna_blue.equ	[coat avatar]	43	0
equipment/character/swordman/avatar/coat/ahenna_blue_reward.equ	[coat avatar]	43	0
equipment/character/swordman/avatar/coat/ahenna_red.equ	[coat avatar]	43	1
equipment/character/swordman/avatar/coat/ahenna_red_reward.equ	[coat avatar]	43	1
equipment/character/swordman/avatar/coat/aiajacket_pretender.equ	[coat avatar]	36	4
equipment/character/swordman/avatar/coat/aiarobe_kagemaru.equ	[coat avatar]	38	4
equipment/character/swordman/avatar/coat/aiasht_shadow.equ	[coat avatar]	19	4
equipment/character/swordman/avatar/coat/ajacket_bkbuckle.equ	[coat avatar]	36	1
equipment/character/swordman/avatar/coat/ajacket_bkbwmilitary.equ	[coat avatar]	20	2
equipment/character/swordman/avatar/coat/ajacket_bkethnic.equ	[coat avatar]	17	2
equipment/character/swordman/avatar/coat/ajacket_bkfallangel.equ	[coat avatar]	37	0
equipment/character/swordman/avatar/coat/ajacket_bkmilitary.equ	[coat avatar]	20	1
equipment/character/swordman/avatar/coat/ajacket_bkrdmilitary.equ	[coat avatar]	20	3
equipment/character/swordman/avatar/coat/ajacket_bktigerskin.equ	[coat avatar]	28	2
equipment/character/swordman/avatar/coat/ajacket_bkwyvern.equ	[coat avatar]	14	1
equipment/character/swordman/avatar/coat/ajacket_bkwyvern2.equ	[coat avatar]	14	1
equipment/character/swordman/avatar/coat/ajacket_blbkkoyote.equ	[coat avatar]	13	1
equipment/character/swordman/avatar/coat/ajacket_blethnic.equ	[coat avatar]	17	1
equipment/character/swordman/avatar/coat/ajacket_blleather.equ	[coat avatar]	11	3
equipment/character/swordman/avatar/coat/ajacket_blleather_newserver.equ	[coat avatar]	11	3
equipment/character/swordman/avatar/coat/ajacket_blwyvern.equ	[coat avatar]	14	2
equipment/character/swordman/avatar/coat/ajacket_blwyvern2.equ	[coat avatar]	14	2
equipment/character/swordman/avatar/coat/ajacket_brfallangel.equ	[coat avatar]	37	2
equipment/character/swordman/avatar/coat/ajacket_brkoyote.equ	[coat avatar]	13	3
equipment/character/swordman/avatar/coat/ajacket_dblfallangel.equ	[coat avatar]	37	3
equipment/character/swordman/avatar/coat/ajacket_dpblmilitary.equ	[coat avatar]	20	0
equipment/character/swordman/avatar/coat/ajacket_gblwyvern.equ	[coat avatar]	14	3
equipment/character/swordman/avatar/coat/ajacket_gblwyvern2.equ	[coat avatar]	14	3
equipment/character/swordman/avatar/coat/ajacket_gdtigerskin.equ	[coat avatar]	28	0
equipment/character/swordman/avatar/coat/ajacket_grleather.equ	[coat avatar]	11	2
equipment/character/swordman/avatar/coat/ajacket_ivoryethnic.equ	[coat avatar]	17	0
equipment/character/swordman/avatar/coat/ajacket_koyote.equ	[coat avatar]	13	0
equipment/character/swordman/avatar/coat/ajacket_leather.equ	[coat avatar]	11	0
equipment/character/swordman/avatar/coat/ajacket_lmbuckle.equ	[coat avatar]	36	2
equipment/character/swordman/avatar/coat/ajacket_plrdkoyote.equ	[coat avatar]	13	2
equipment/character/swordman/avatar/coat/ajacket_ppbuckle.equ	[coat avatar]	36	3
equipment/character/swordman/avatar/coat/ajacket_rdethnic.equ	[coat avatar]	17	3
equipment/character/swordman/avatar/coat/ajacket_rdfallangel.equ	[coat avatar]	37	1
equipment/character/swordman/avatar/coat/ajacket_rdleather.equ	[coat avatar]	11	1
equipment/character/swordman/avatar/coat/ajacket_rdtigerskin.equ	[coat avatar]	28	3
equipment/character/swordman/avatar/coat/ajacket_rdwyvern.equ	[coat avatar]	14	0
equipment/character/swordman/avatar/coat/ajacket_rdwyvern2.equ	[coat avatar]	14	0
equipment/character/swordman/avatar/coat/ajacket_sltigerskin.equ	[coat avatar]	28	1
equipment/character/swordman/avatar/coat/ajacket_wtbuckle.equ	[coat avatar]	36	0
equipment/character/swordman/avatar/coat/apupil_blterrible.equ	[coat avatar]	51	3
equipment/character/swordman/avatar/coat/apupil_grterrible.equ	[coat avatar]	51	2
equipment/character/swordman/avatar/coat/apupil_rdterrible.equ	[coat avatar]	51	0
equipment/character/swordman/avatar/coat/apupil_ylterrible.equ	[coat avatar]	51	1
equipment/character/swordman/avatar/coat/arobe_bkblwarrior.equ	[coat avatar]	38	0
equipment/character/swordman/avatar/coat/arobe_bkgrwarrior.equ	[coat avatar]	38	3
equipment/character/swordman/avatar/coat/arobe_bksvdevas.equ	[coat avatar]	22	1
equipment/character/swordman/avatar/coat/arobe_bkwtwarrior.equ	[coat avatar]	38	1
equipment/character/swordman/avatar/coat/arobe_bkylwarrior.equ	[coat avatar]	38	2
equipment/character/swordman/avatar/coat/arobe_blsvdevas.equ	[coat avatar]	22	3
equipment/character/swordman/avatar/coat/arobe_dawn.equ	[coat avatar]	15	2
equipment/character/swordman/avatar/coat/arobe_moonnight.equ	[coat avatar]	15	1
equipment/character/swordman/avatar/coat/arobe_pitchbk.equ	[coat avatar]	15	0
equipment/character/swordman/avatar/coat/arobe_rdsvdevas.equ	[coat avatar]	22	2
equipment/character/swordman/avatar/coat/arobe_sunset.equ	[coat avatar]	15	3
equipment/character/swordman/avatar/coat/arobe_wtsvdevas.equ	[coat avatar]	22	0
equipment/character/swordman/avatar/coat/asht_bkskullsleeve.equ	[coat avatar]	42	0
equipment/character/swordman/avatar/coat/asht_bksumuniform.equ	[coat avatar]	41	3
equipment/character/swordman/avatar/coat/asht_blftsleeve.equ	[coat avatar]	12	2
equipment/character/swordman/avatar/coat/asht_copperarmor.equ	[coat avatar]	16	2
equipment/character/swordman/avatar/coat/asht_dpgrskullsleeve.equ	[coat avatar]	42	2
equipment/character/swordman/avatar/coat/asht_ftsleeve.equ	[coat avatar]	12	0
equipment/character/swordman/avatar/coat/asht_goldarmor.equ	[coat avatar]	16	1
equipment/character/swordman/avatar/coat/asht_ivsumuniform.equ	[coat avatar]	41	1
equipment/character/swordman/avatar/coat/asht_rdcheersword.equ	[coat avatar]	24	0
equipment/character/swordman/avatar/coat/asht_rdskullsleeve.equ	[coat avatar]	42	3
equipment/character/swordman/avatar/coat/asht_rdsumuniform.equ	[coat avatar]	41	2
equipment/character/swordman/avatar/coat/asht_silverarmor.equ	[coat avatar]	16	0
equipment/character/swordman/avatar/coat/asht_steelarmor.equ	[coat avatar]	16	3
equipment/character/swordman/avatar/coat/asht_wtftsleeve.equ	[coat avatar]	12	3
equipment/character/swordman/avatar/coat/asht_wtskullsleeve.equ	[coat avatar]	42	1
equipment/character/swordman/avatar/coat/asht_wtsumuniform.equ	[coat avatar]	41	0
equipment/character/swordman/avatar/coat/asht_ylftsleeve.equ	[coat avatar]	12	1
equipment/character/swordman/avatar/coat/asleeveless_bkstripe.equ	[coat avatar]	27	3
equipment/character/swordman/avatar/coat/asleeveless_blstripe.equ	[coat avatar]	27	0
equipment/character/swordman/avatar/coat/asleeveless_ppstripe.equ	[coat avatar]	27	2
equipment/character/swordman/avatar/coat/asleeveless_rdstripe.equ	[coat avatar]	27	1
equipment/character/swordman/avatar/coat/asshirt_bk.equ	[coat avatar]	59	2
equipment/character/swordman/avatar/coat/asshirt_bl.equ	[coat avatar]	59	1
equipment/character/swordman/avatar/coat/asshirt_gr.equ	[coat avatar]	59	3
equipment/character/swordman/avatar/coat/asshirt_rd.equ	[coat avatar]	59	0
equipment/character/swordman/avatar/coat/asuit_bear.equ	[coat avatar]	40	0
equipment/character/swordman/avatar/coat/atop_bkbondage.equ	[coat avatar]	30	0
equipment/character/swordman/avatar/coat/atop_bksoul.equ	[coat avatar]	39	0
equipment/character/swordman/avatar/coat/atop_blbondage.equ	[coat avatar]	30	2
equipment/character/swordman/avatar/coat/atop_brbondage.equ	[coat avatar]	30	1
equipment/character/swordman/avatar/coat/atop_dkgrsoul.equ	[coat avatar]	39	2
equipment/character/swordman/avatar/coat/atop_dpgysoul.equ	[coat avatar]	39	3
equipment/character/swordman/avatar/coat/atop_mrbondage.equ	[coat avatar]	30	3
equipment/character/swordman/avatar/coat/atop_rdsoul.equ	[coat avatar]	39	1
equipment/character/swordman/avatar/coat/avest_bkhairy.equ	[coat avatar]	58	3
equipment/character/swordman/avatar/coat/avest_bkpiratevest.equ	[coat avatar]	26	2
equipment/character/swordman/avatar/coat/avest_bkrdpiratevest.equ	[coat avatar]	26	0
equipment/character/swordman/avatar/coat/avest_blfpadding.equ	[coat avatar]	9	1
equipment/character/swordman/avatar/coat/avest_blhairy.equ	[coat avatar]	58	1
equipment/character/swordman/avatar/coat/avest_blpiratevest.equ	[coat avatar]	26	1
equipment/character/swordman/avatar/coat/avest_blpiratevest2.equ	[coat avatar]	26	1
equipment/character/swordman/avatar/coat/avest_fpadding.equ	[coat avatar]	9	0
equipment/character/swordman/avatar/coat/avest_grpiratevest.equ	[coat avatar]	26	3
equipment/character/swordman/avatar/coat/avest_kkhairy.equ	[coat avatar]	58	2
equipment/character/swordman/avatar/coat/avest_lbrfpadding.equ	[coat avatar]	9	3
equipment/character/swordman/avatar/coat/avest_lgrfpadding.equ	[coat avatar]	9	2
equipment/character/swordman/avatar/coat/avest_rdhairy.equ	[coat avatar]	58	0
equipment/character/swordman/avatar/coat/chn_equ_avatar_swordman_coat_101500722.equ	[coat avatar]	148	0
equipment/character/swordman/avatar/coat/chn_equ_avatar_swordman_coat_101500723.equ	[coat avatar]	148	1
equipment/character/swordman/avatar/coat/chn_equ_avatar_swordman_coat_101500724.equ	[coat avatar]	148	2
equipment/character/swordman/avatar/coat/chn_equ_avatar_swordman_coat_101500725.equ	[coat avatar]	148	3
equipment/character/swordman/avatar/coat/chn_equ_avatar_swordman_coat_101500735.equ	[coat avatar]	154	0
equipment/character/swordman/avatar/coat/chn_equ_avatar_swordman_coat_101500736.equ	[coat avatar]	154	1
equipment/character/swordman/avatar/coat/chn_equ_avatar_swordman_coat_101500737.equ	[coat avatar]	154	2
equipment/character/swordman/avatar/coat/chn_equ_avatar_swordman_coat_101500738.equ	[coat avatar]	154	3
equipment/character/swordman/avatar/coat/chn_equ_avatar_swordman_coat_101500755.equ	[coat avatar]	161	0
equipment/character/swordman/avatar/coat/chn_equ_avatar_swordman_coat_101500756.equ	[coat avatar]	161	1
equipment/character/swordman/avatar/coat/chn_equ_avatar_swordman_coat_101500757.equ	[coat avatar]	161	2
equipment/character/swordman/avatar/coat/chn_equ_avatar_swordman_coat_101500758.equ	[coat avatar]	161	3
equipment/character/swordman/avatar/coat/chn_equ_avatar_swordman_coat_601504500.equ	[coat avatar]	68	0
equipment/character/swordman/avatar/coat/chn_equ_avatar_swordman_coat_601504501.equ	[coat avatar]	68	1
equipment/character/swordman/avatar/coat/chn_equ_avatar_swordman_coat_601504502.equ	[coat avatar]	68	2
equipment/character/swordman/avatar/coat/chn_equ_avatar_swordman_coat_601504503.equ	[coat avatar]	68	3
equipment/character/swordman/avatar/coat/chn_equ_avatar_swordman_coat_601504504.equ	[coat avatar]	70	0
equipment/character/swordman/avatar/coat/chn_equ_avatar_swordman_coat_601504505.equ	[coat avatar]	70	1
equipment/character/swordman/avatar/coat/chn_equ_avatar_swordman_coat_601504506.equ	[coat avatar]	70	2
equipment/character/swordman/avatar/coat/chn_equ_avatar_swordman_coat_601504507.equ	[coat avatar]	70	3
equipment/character/swordman/avatar/coat/chn_equ_avatar_swordman_coat_601504508.equ	[coat avatar]	71	0
equipment/character/swordman/avatar/coat/chn_equ_avatar_swordman_coat_601504509.equ	[coat avatar]	71	1
equipment/character/swordman/avatar/coat/chn_equ_avatar_swordman_coat_601504510.equ	[coat avatar]	71	2
equipment/character/swordman/avatar/coat/chn_equ_avatar_swordman_coat_601504511.equ	[coat avatar]	71	3
equipment/character/swordman/avatar/coat/chn_equ_avatar_swordman_coat_601504516.equ	[coat avatar]	82	0
equipment/character/swordman/avatar/coat/chn_equ_avatar_swordman_coat_601504517.equ	[coat avatar]	82	1
equipment/character/swordman/avatar/coat/chn_equ_avatar_swordman_coat_601504518.equ	[coat avatar]	82	2
equipment/character/swordman/avatar/coat/chn_equ_avatar_swordman_coat_601504519.equ	[coat avatar]	82	3
equipment/character/swordman/avatar/coat/chn_equ_avatar_swordman_coat_601504524.equ	[coat avatar]	87	0
equipment/character/swordman/avatar/coat/chn_equ_avatar_swordman_coat_601504525.equ	[coat avatar]	87	1
equipment/character/swordman/avatar/coat/chn_equ_avatar_swordman_coat_601504526.equ	[coat avatar]	87	2
equipment/character/swordman/avatar/coat/chn_equ_avatar_swordman_coat_601504527.equ	[coat avatar]	87	3
equipment/character/swordman/avatar/coat/chn_equ_avatar_swordman_coat_601504528.equ	[coat avatar]	88	0
equipment/character/swordman/avatar/coat/chn_equ_avatar_swordman_coat_601504529.equ	[coat avatar]	88	1
equipment/character/swordman/avatar/coat/chn_equ_avatar_swordman_coat_601504530.equ	[coat avatar]	88	2
equipment/character/swordman/avatar/coat/chn_equ_avatar_swordman_coat_601504531.equ	[coat avatar]	88	3
equipment/character/swordman/avatar/coat/chn_equ_avatar_swordman_coat_601504532.equ	[coat avatar]	90	0
equipment/character/swordman/avatar/coat/chn_equ_avatar_swordman_coat_601504533.equ	[coat avatar]	90	1
equipment/character/swordman/avatar/coat/chn_equ_avatar_swordman_coat_601504534.equ	[coat avatar]	90	2
equipment/character/swordman/avatar/coat/chn_equ_avatar_swordman_coat_601504535.equ	[coat avatar]	90	3
equipment/character/swordman/avatar/coat/chn_equ_avatar_swordman_coat_601504536.equ	[coat avatar]	76	0
equipment/character/swordman/avatar/coat/chn_equ_avatar_swordman_coat_601504537.equ	[coat avatar]	76	1
equipment/character/swordman/avatar/coat/chn_equ_avatar_swordman_coat_601504538.equ	[coat avatar]	76	2
equipment/character/swordman/avatar/coat/chn_equ_avatar_swordman_coat_601504539.equ	[coat avatar]	76	3
equipment/character/swordman/avatar/coat/chn_equ_avatar_swordman_coat_601504545.equ	[coat avatar]	91	0
equipment/character/swordman/avatar/coat/chn_equ_avatar_swordman_coat_601504546.equ	[coat avatar]	91	1
equipment/character/swordman/avatar/coat/chn_equ_avatar_swordman_coat_601504547.equ	[coat avatar]	91	2
equipment/character/swordman/avatar/coat/chn_equ_avatar_swordman_coat_601504548.equ	[coat avatar]	91	3
equipment/character/swordman/avatar/coat/chn_equ_avatar_swordman_coat_601504550.equ	[coat avatar]	97	0
equipment/character/swordman/avatar/coat/chn_equ_avatar_swordman_coat_601504551.equ	[coat avatar]	97	1
equipment/character/swordman/avatar/coat/chn_equ_avatar_swordman_coat_601504552.equ	[coat avatar]	97	2
equipment/character/swordman/avatar/coat/chn_equ_avatar_swordman_coat_601504553.equ	[coat avatar]	97	3
equipment/character/swordman/avatar/coat/chn_equ_avatar_swordman_coat_601504554.equ	[coat avatar]	98	0
equipment/character/swordman/avatar/coat/chn_equ_avatar_swordman_coat_601504555.equ	[coat avatar]	98	1
equipment/character/swordman/avatar/coat/chn_equ_avatar_swordman_coat_601504556.equ	[coat avatar]	98	2
equipment/character/swordman/avatar/coat/chn_equ_avatar_swordman_coat_601504557.equ	[coat avatar]	98	3
equipment/character/swordman/avatar/coat/chn_equ_avatar_swordman_coat_601504562.equ	[coat avatar]	100	0
equipment/character/swordman/avatar/coat/chn_equ_avatar_swordman_coat_601504563.equ	[coat avatar]	100	1
equipment/character/swordman/avatar/coat/chn_equ_avatar_swordman_coat_601504564.equ	[coat avatar]	100	2
equipment/character/swordman/avatar/coat/chn_equ_avatar_swordman_coat_601504565.equ	[coat avatar]	100	3
equipment/character/swordman/avatar/coat/chn_equ_avatar_swordman_coat_601504588.equ	[coat avatar]	116	0
equipment/character/swordman/avatar/coat/chn_equ_avatar_swordman_coat_601504589.equ	[coat avatar]	116	1
equipment/character/swordman/avatar/coat/chn_equ_avatar_swordman_coat_601504590.equ	[coat avatar]	116	2
equipment/character/swordman/avatar/coat/chn_equ_avatar_swordman_coat_601504591.equ	[coat avatar]	116	3
equipment/character/swordman/avatar/coat/chn_equ_avatar_swordman_coat_601504600.equ	[coat avatar]	102	0
equipment/character/swordman/avatar/coat/chn_equ_avatar_swordman_coat_601504601.equ	[coat avatar]	102	1
equipment/character/swordman/avatar/coat/chn_equ_avatar_swordman_coat_601504602.equ	[coat avatar]	102	2
equipment/character/swordman/avatar/coat/chn_equ_avatar_swordman_coat_601504603.equ	[coat avatar]	102	3
equipment/character/swordman/avatar/coat/chn_equ_avatar_swordman_coat_601504611.equ	[coat avatar]	103	0
equipment/character/swordman/avatar/coat/chn_equ_avatar_swordman_coat_601504612.equ	[coat avatar]	103	1
equipment/character/swordman/avatar/coat/chn_equ_avatar_swordman_coat_601504613.equ	[coat avatar]	103	2
equipment/character/swordman/avatar/coat/chn_equ_avatar_swordman_coat_601504614.equ	[coat avatar]	103	3
equipment/character/swordman/avatar/coat/chn_equ_special_avatar_swordman_coat_101500718.equ	[coat avatar]	126	0
equipment/character/swordman/avatar/coat/chn_equ_special_avatar_swordman_coat_101500741.equ	[coat avatar]	158	0
equipment/character/swordman/avatar/coat/chn_equ_special_avatar_swordman_coat_101500742.equ	[coat avatar]	158	1
equipment/character/swordman/avatar/coat/chn_equ_special_avatar_swordman_coat_101500751.equ	[coat avatar]	162	0
equipment/character/swordman/avatar/coat/chn_equ_special_avatar_swordman_coat_101500752.equ	[coat avatar]	162	1
equipment/character/swordman/avatar/coat/chn_equ_special_avatar_swordman_coat_101500753.equ	[coat avatar]	162	2
equipment/character/swordman/avatar/coat/chn_equ_special_avatar_swordman_coat_101500754.equ	[coat avatar]	162	3
equipment/character/swordman/avatar/coat/chn_equ_special_avatar_swordman_coat_101500764.equ	[coat avatar]	78	4
equipment/character/swordman/avatar/coat/chn_equ_special_avatar_swordman_coat_101500765.equ	[coat avatar]	78	5
equipment/character/swordman/avatar/coat/chn_equ_special_avatar_swordman_coat_101500766.equ	[coat avatar]	78	6
equipment/character/swordman/avatar/coat/chn_equ_special_avatar_swordman_coat_101500767.equ	[coat avatar]	78	7
equipment/character/swordman/avatar/coat/chn_equ_special_avatar_swordman_coat_101500771.equ	[coat avatar]	172	0
equipment/character/swordman/avatar/coat/chn_equ_special_avatar_swordman_coat_101500772.equ	[coat avatar]	172	1
equipment/character/swordman/avatar/coat/chn_equ_special_avatar_swordman_coat_101500773.equ	[coat avatar]	172	2
equipment/character/swordman/avatar/coat/chn_equ_special_avatar_swordman_coat_101500774.equ	[coat avatar]	172	3
equipment/character/swordman/avatar/coat/chn_equ_special_avatar_swordman_coat_101500781.equ	[coat avatar]	170	0
equipment/character/swordman/avatar/coat/chn_equ_special_avatar_swordman_coat_101500782.equ	[coat avatar]	170	1
equipment/character/swordman/avatar/coat/chn_equ_special_avatar_swordman_coat_101500783.equ	[coat avatar]	170	2
equipment/character/swordman/avatar/coat/chn_equ_special_avatar_swordman_coat_101500784.equ	[coat avatar]	170	3
equipment/character/swordman/avatar/coat/chn_equ_special_avatar_swordman_coat_101500787.equ	[coat avatar]	163	0
equipment/character/swordman/avatar/coat/chn_equ_special_avatar_swordman_coat_101500788.equ	[coat avatar]	163	1
equipment/character/swordman/avatar/coat/chn_equ_special_avatar_swordman_coat_101500789.equ	[coat avatar]	163	2
equipment/character/swordman/avatar/coat/chn_equ_special_avatar_swordman_coat_101500792.equ	[coat avatar]	179	0
equipment/character/swordman/avatar/coat/chn_equ_special_avatar_swordman_coat_101500793.equ	[coat avatar]	179	1
equipment/character/swordman/avatar/coat/chn_equ_special_avatar_swordman_coat_101500794.equ	[coat avatar]	179	2
equipment/character/swordman/avatar/coat/chn_equ_special_avatar_swordman_coat_101500795.equ	[coat avatar]	180	0
equipment/character/swordman/avatar/coat/chn_equ_special_avatar_swordman_coat_101500796.equ	[coat avatar]	180	1
equipment/character/swordman/avatar/coat/chn_equ_special_avatar_swordman_coat_101500797.equ	[coat avatar]	180	2
equipment/character/swordman/avatar/coat/chn_equ_special_avatar_swordman_coat_101500808.equ	[coat avatar]	181	0
equipment/character/swordman/avatar/coat/chn_equ_special_avatar_swordman_coat_101500809.equ	[coat avatar]	181	1
equipment/character/swordman/avatar/coat/chn_equ_special_avatar_swordman_coat_101500810.equ	[coat avatar]	181	2
equipment/character/swordman/avatar/coat/chn_equ_special_avatar_swordman_coat_101500811.equ	[coat avatar]	181	3
equipment/character/swordman/avatar/coat/chn_equ_special_avatar_swordman_coat_101500816.equ	[coat avatar]	185	0
equipment/character/swordman/avatar/coat/chn_equ_special_avatar_swordman_coat_101500817.equ	[coat avatar]	188	0
equipment/character/swordman/avatar/coat/chn_equ_special_avatar_swordman_coat_101500818.equ	[coat avatar]	188	1
equipment/character/swordman/avatar/coat/chn_equ_special_avatar_swordman_coat_101500819.equ	[coat avatar]	188	2
equipment/character/swordman/avatar/coat/chn_equ_special_avatar_swordman_coat_101500820.equ	[coat avatar]	188	3
equipment/character/swordman/avatar/coat/chn_equ_special_avatar_swordman_coat_101500822.equ	[coat avatar]	155	0
equipment/character/swordman/avatar/coat/chn_equ_special_avatar_swordman_coat_101500823.equ	[coat avatar]	155	1
equipment/character/swordman/avatar/coat/chn_equ_special_avatar_swordman_coat_101500826.equ	[coat avatar]	194	0
equipment/character/swordman/avatar/coat/chn_equ_special_avatar_swordman_coat_101500827.equ	[coat avatar]	194	1
equipment/character/swordman/avatar/coat/chn_equ_special_avatar_swordman_coat_101500828.equ	[coat avatar]	194	2
equipment/character/swordman/avatar/coat/chn_equ_special_avatar_swordman_coat_101500829.equ	[coat avatar]	194	3
equipment/character/swordman/avatar/coat/chn_equ_special_avatar_swordman_coat_101500839.equ	[coat avatar]	164	0
equipment/character/swordman/avatar/coat/chn_equ_special_avatar_swordman_coat_101500840.equ	[coat avatar]	164	1
equipment/character/swordman/avatar/coat/chn_equ_special_avatar_swordman_coat_101500841.equ	[coat avatar]	164	2
equipment/character/swordman/avatar/coat/chn_equ_special_avatar_swordman_coat_101500842.equ	[coat avatar]	195	0
equipment/character/swordman/avatar/coat/chn_equ_special_avatar_swordman_coat_101500843.equ	[coat avatar]	195	1
equipment/character/swordman/avatar/coat/chn_equ_special_avatar_swordman_coat_101500844.equ	[coat avatar]	195	2
equipment/character/swordman/avatar/coat/chn_equ_special_avatar_swordman_coat_101500845.equ	[coat avatar]	195	3
equipment/character/swordman/avatar/coat/chn_equ_special_avatar_swordman_coat_2684520.equ	[coat avatar]	85	0
equipment/character/swordman/avatar/coat/chn_equ_special_avatar_swordman_coat_2684521.equ	[coat avatar]	85	1
equipment/character/swordman/avatar/coat/chn_equ_special_avatar_swordman_coat_2684522.equ	[coat avatar]	85	2
equipment/character/swordman/avatar/coat/chn_equ_special_avatar_swordman_coat_2684523.equ	[coat avatar]	85	3
equipment/character/swordman/avatar/coat/chn_equ_special_avatar_swordman_coat_2684541.equ	[coat avatar]	94	0
equipment/character/swordman/avatar/coat/chn_equ_special_avatar_swordman_coat_2684542.equ	[coat avatar]	94	1
equipment/character/swordman/avatar/coat/chn_equ_special_avatar_swordman_coat_2684543.equ	[coat avatar]	94	2
equipment/character/swordman/avatar/coat/chn_equ_special_avatar_swordman_coat_2684544.equ	[coat avatar]	94	3
equipment/character/swordman/avatar/coat/chn_equ_special_avatar_swordman_coat_2684558.equ	[coat avatar]	77	0
equipment/character/swordman/avatar/coat/chn_equ_special_avatar_swordman_coat_2684559.equ	[coat avatar]	77	1
equipment/character/swordman/avatar/coat/chn_equ_special_avatar_swordman_coat_2684560.equ	[coat avatar]	77	2
equipment/character/swordman/avatar/coat/chn_equ_special_avatar_swordman_coat_2684561.equ	[coat avatar]	77	3
equipment/character/swordman/avatar/coat/chn_equ_upper_avatar_swordman_coat_101500695.equ	[coat avatar]	134	0
equipment/character/swordman/avatar/coat/chn_equ_upper_avatar_swordman_coat_101500696.equ	[coat avatar]	134	1
equipment/character/swordman/avatar/coat/chn_equ_upper_avatar_swordman_coat_101500697.equ	[coat avatar]	134	2
equipment/character/swordman/avatar/coat/chn_equ_upper_avatar_swordman_coat_101500698.equ	[coat avatar]	134	3
equipment/character/swordman/avatar/coat/chn_equ_upper_avatar_swordman_coat_101500726.equ	[coat avatar]	153	0
equipment/character/swordman/avatar/coat/chn_equ_upper_avatar_swordman_coat_101500727.equ	[coat avatar]	153	1
equipment/character/swordman/avatar/coat/chn_equ_upper_avatar_swordman_coat_101500728.equ	[coat avatar]	153	2
equipment/character/swordman/avatar/coat/chn_equ_upper_avatar_swordman_coat_101500729.equ	[coat avatar]	153	3
equipment/character/swordman/avatar/coat/chn_equ_upper_avatar_swordman_coat_101500743.equ	[coat avatar]	79	0
equipment/character/swordman/avatar/coat/chn_equ_upper_avatar_swordman_coat_101500744.equ	[coat avatar]	79	1
equipment/character/swordman/avatar/coat/chn_equ_upper_avatar_swordman_coat_101500745.equ	[coat avatar]	79	2
equipment/character/swordman/avatar/coat/chn_equ_upper_avatar_swordman_coat_101500746.equ	[coat avatar]	79	3
equipment/character/swordman/avatar/coat/chn_equ_upper_avatar_swordman_coat_101500860.equ	[coat avatar]	200	0
equipment/character/swordman/avatar/coat/chn_equ_upper_avatar_swordman_coat_101500861.equ	[coat avatar]	200	1
equipment/character/swordman/avatar/coat/chn_equ_upper_avatar_swordman_coat_101500862.equ	[coat avatar]	200	2
equipment/character/swordman/avatar/coat/chn_equ_upper_avatar_swordman_coat_101500863.equ	[coat avatar]	200	3
equipment/character/swordman/avatar/coat/chn_equ_upper_avatar_swordman_coat_601504512.equ	[coat avatar]	83	0
equipment/character/swordman/avatar/coat/chn_equ_upper_avatar_swordman_coat_601504513.equ	[coat avatar]	83	1
equipment/character/swordman/avatar/coat/chn_equ_upper_avatar_swordman_coat_601504514.equ	[coat avatar]	83	2
equipment/character/swordman/avatar/coat/chn_equ_upper_avatar_swordman_coat_601504515.equ	[coat avatar]	83	3
equipment/character/swordman/avatar/coat/chn_equ_upper_avatar_swordman_coat_601504566.equ	[coat avatar]	101	0
equipment/character/swordman/avatar/coat/chn_equ_upper_avatar_swordman_coat_601504567.equ	[coat avatar]	101	1
equipment/character/swordman/avatar/coat/chn_equ_upper_avatar_swordman_coat_601504568.equ	[coat avatar]	101	2
equipment/character/swordman/avatar/coat/chn_equ_upper_avatar_swordman_coat_601504569.equ	[coat avatar]	101	3
equipment/character/swordman/avatar/coat/chn_equ_upper_avatar_swordman_coat_601504570.equ	[coat avatar]	104	0
equipment/character/swordman/avatar/coat/chn_equ_upper_avatar_swordman_coat_601504571.equ	[coat avatar]	104	1
equipment/character/swordman/avatar/coat/chn_equ_upper_avatar_swordman_coat_601504572.equ	[coat avatar]	104	2
equipment/character/swordman/avatar/coat/chn_equ_upper_avatar_swordman_coat_601504573.equ	[coat avatar]	104	3
equipment/character/swordman/avatar/coat/chn_equ_upper_avatar_swordman_coat_601504592.equ	[coat avatar]	106	0
equipment/character/swordman/avatar/coat/chn_equ_upper_avatar_swordman_coat_601504593.equ	[coat avatar]	106	1
equipment/character/swordman/avatar/coat/chn_equ_upper_avatar_swordman_coat_601504594.equ	[coat avatar]	106	2
equipment/character/swordman/avatar/coat/chn_equ_upper_avatar_swordman_coat_601504595.equ	[coat avatar]	106	3
equipment/character/swordman/avatar/coat/chn_equ_upper_avatar_swordman_coat_601504606.equ	[coat avatar]	122	0
equipment/character/swordman/avatar/coat/chn_equ_upper_avatar_swordman_coat_601504607.equ	[coat avatar]	122	1
equipment/character/swordman/avatar/coat/chn_equ_upper_avatar_swordman_coat_601504608.equ	[coat avatar]	122	2
equipment/character/swordman/avatar/coat/chn_equ_upper_avatar_swordman_coat_601504609.equ	[coat avatar]	122	3
equipment/character/swordman/avatar/coat/chn_equ_upper_avatar_swordman_coat_601504623.equ	[coat avatar]	128	0
equipment/character/swordman/avatar/coat/chn_equ_upper_avatar_swordman_coat_601504624.equ	[coat avatar]	128	1
equipment/character/swordman/avatar/coat/chn_equ_upper_avatar_swordman_coat_601504625.equ	[coat avatar]	128	2
equipment/character/swordman/avatar/coat/chn_equ_upper_avatar_swordman_coat_601504626.equ	[coat avatar]	128	3
equipment/character/swordman/avatar/coat/gm_sword_coat.equ	[coat avatar]	35	1
equipment/character/swordman/avatar/coat/goldarobe_bkblwarrior.equ	[coat avatar]	38	0
equipment/character/swordman/avatar/coat/goldarobe_bkgrwarrior.equ	[coat avatar]	38	3
equipment/character/swordman/avatar/coat/goldarobe_bkwtwarrior.equ	[coat avatar]	38	1
equipment/character/swordman/avatar/coat/goldarobe_bkylwarrior.equ	[coat avatar]	38	2
equipment/character/swordman/avatar/coat/goldasht_copperarmor.equ	[coat avatar]	16	2
equipment/character/swordman/avatar/coat/goldasht_goldarmor.equ	[coat avatar]	16	1
equipment/character/swordman/avatar/coat/goldasht_silverarmor.equ	[coat avatar]	16	0
equipment/character/swordman/avatar/coat/goldasht_steelarmor.equ	[coat avatar]	16	3
equipment/character/swordman/avatar/coat/nbtattoo_earthdeva.equ	[coat avatar]	19	0
equipment/character/swordman/avatar/coat/nbtattoo_firedeva.equ	[coat avatar]	19	2
equipment/character/swordman/avatar/coat/nbtattoo_waterdeva.equ	[coat avatar]	19	1
equipment/character/swordman/avatar/coat/nbtattoo_winddeva.equ	[coat avatar]	19	3
equipment/character/swordman/avatar/face/101570256.equ	[face avatar]	18	1
equipment/character/swordman/avatar/face/101570257.equ	[face avatar]	24	0
equipment/character/swordman/avatar/face/101570258.equ	[face avatar]	24	2
equipment/character/swordman/avatar/face/101570259.equ	[face avatar]	24	3
equipment/character/swordman/avatar/face/101570260.equ	[face avatar]	27	0
equipment/character/swordman/avatar/face/101570261.equ	[face avatar]	27	1
equipment/character/swordman/avatar/face/101570262.equ	[face avatar]	27	2
equipment/character/swordman/avatar/face/101570263.equ	[face avatar]	27	3
equipment/character/swordman/avatar/face/101570264.equ	[face avatar]	51	1
equipment/character/swordman/avatar/face/101570265.equ	[face avatar]	51	2
equipment/character/swordman/avatar/face/101570266.equ	[face avatar]	51	3
equipment/character/swordman/avatar/face/101570267.equ	[face avatar]	54	0
equipment/character/swordman/avatar/face/101570268.equ	[face avatar]	54	1
equipment/character/swordman/avatar/face/101570269.equ	[face avatar]	54	2
equipment/character/swordman/avatar/face/101570270.equ	[face avatar]	54	3
equipment/character/swordman/avatar/face/101570271.equ	[face avatar]	57	1
equipment/character/swordman/avatar/face/101570272.equ	[face avatar]	57	2
equipment/character/swordman/avatar/face/101570273.equ	[face avatar]	58	0
equipment/character/swordman/avatar/face/101570274.equ	[face avatar]	58	1
equipment/character/swordman/avatar/face/101570275.equ	[face avatar]	58	2
equipment/character/swordman/avatar/face/101570276.equ	[face avatar]	58	3
equipment/character/swordman/avatar/face/101570277.equ	[face avatar]	68	3
equipment/character/swordman/avatar/face/101570278.equ	[face avatar]	69	2
equipment/character/swordman/avatar/face/101570279.equ	[face avatar]	69	3
equipment/character/swordman/avatar/face/101570280.equ	[face avatar]	79	0
equipment/character/swordman/avatar/face/101570281.equ	[face avatar]	79	2
equipment/character/swordman/avatar/face/101570282.equ	[face avatar]	95	1
equipment/character/swordman/avatar/face/101570283.equ	[face avatar]	95	2
equipment/character/swordman/avatar/face/101570284.equ	[face avatar]	95	3
equipment/character/swordman/avatar/face/101570285.equ	[face avatar]	97	0
equipment/character/swordman/avatar/face/101570286.equ	[face avatar]	97	1
equipment/character/swordman/avatar/face/101570287.equ	[face avatar]	97	2
equipment/character/swordman/avatar/face/101570288.equ	[face avatar]	97	3
equipment/character/swordman/avatar/face/101570289.equ	[face avatar]	0	0
equipment/character/swordman/avatar/face/101570290.equ	[face avatar]	0	1
equipment/character/swordman/avatar/face/101570291.equ	[face avatar]	0	2
equipment/character/swordman/avatar/face/101570292.equ	[face avatar]	0	3
equipment/character/swordman/avatar/face/101570293.equ	[face avatar]	2	0
equipment/character/swordman/avatar/face/101570294.equ	[face avatar]	2	1
equipment/character/swordman/avatar/face/101570295.equ	[face avatar]	2	2
equipment/character/swordman/avatar/face/101570296.equ	[face avatar]	2	3
equipment/character/swordman/avatar/face/101570297.equ	[face avatar]	3	0
equipment/character/swordman/avatar/face/101570298.equ	[face avatar]	3	1
equipment/character/swordman/avatar/face/101570299.equ	[face avatar]	18	0
equipment/character/swordman/avatar/face/101570300.equ	[face avatar]	18	2
equipment/character/swordman/avatar/face/101570301.equ	[face avatar]	18	3
equipment/character/swordman/avatar/face/101570302.equ	[face avatar]	17	0
equipment/character/swordman/avatar/face/101570303.equ	[face avatar]	17	1
equipment/character/swordman/avatar/face/101570304.equ	[face avatar]	20	0
equipment/character/swordman/avatar/face/101570305.equ	[face avatar]	20	1
equipment/character/swordman/avatar/face/101570306.equ	[face avatar]	20	2
equipment/character/swordman/avatar/face/101570307.equ	[face avatar]	20	3
equipment/character/swordman/avatar/face/101570308.equ	[face avatar]	22	0
equipment/character/swordman/avatar/face/101570309.equ	[face avatar]	23	0
equipment/character/swordman/avatar/face/101570310.equ	[face avatar]	23	1
equipment/character/swordman/avatar/face/101570311.equ	[face avatar]	23	2
equipment/character/swordman/avatar/face/101570312.equ	[face avatar]	23	3
equipment/character/swordman/avatar/face/101570313.equ	[face avatar]	24	1
equipment/character/swordman/avatar/face/101570314.equ	[face avatar]	29	0
equipment/character/swordman/avatar/face/101570315.equ	[face avatar]	29	1
equipment/character/swordman/avatar/face/101570316.equ	[face avatar]	29	2
equipment/character/swordman/avatar/face/101570317.equ	[face avatar]	29	3
equipment/character/swordman/avatar/face/101570318.equ	[face avatar]	40	0
equipment/character/swordman/avatar/face/101570319.equ	[face avatar]	40	1
equipment/character/swordman/avatar/face/101570320.equ	[face avatar]	40	2
equipment/character/swordman/avatar/face/101570321.equ	[face avatar]	40	3
equipment/character/swordman/avatar/face/101570322.equ	[face avatar]	50	0
equipment/character/swordman/avatar/face/101570323.equ	[face avatar]	50	1
equipment/character/swordman/avatar/face/101570324.equ	[face avatar]	50	2
equipment/character/swordman/avatar/face/101570325.equ	[face avatar]	50	3
equipment/character/swordman/avatar/face/101570326.equ	[face avatar]	51	0
equipment/character/swordman/avatar/face/101570327.equ	[face avatar]	57	0
equipment/character/swordman/avatar/face/101570328.equ	[face avatar]	57	3
equipment/character/swordman/avatar/face/101570329.equ	[face avatar]	65	0
equipment/character/swordman/avatar/face/101570330.equ	[face avatar]	65	1
equipment/character/swordman/avatar/face/101570331.equ	[face avatar]	65	2
equipment/character/swordman/avatar/face/101570332.equ	[face avatar]	65	3
equipment/character/swordman/avatar/face/101570333.equ	[face avatar]	68	0
equipment/character/swordman/avatar/face/101570334.equ	[face avatar]	68	1
equipment/character/swordman/avatar/face/101570335.equ	[face avatar]	68	2
equipment/character/swordman/avatar/face/101570336.equ	[face avatar]	69	0
equipment/character/swordman/avatar/face/101570337.equ	[face avatar]	69	1
equipment/character/swordman/avatar/face/101570338.equ	[face avatar]	87	0
equipment/character/swordman/avatar/face/101570339.equ	[face avatar]	87	1
equipment/character/swordman/avatar/face/101570340.equ	[face avatar]	87	2
equipment/character/swordman/avatar/face/101570341.equ	[face avatar]	87	3
equipment/character/swordman/avatar/face/101570342.equ	[face avatar]	79	1
equipment/character/swordman/avatar/face/101570343.equ	[face avatar]	79	3
equipment/character/swordman/avatar/face/101570344.equ	[face avatar]	92	0
equipment/character/swordman/avatar/face/101570345.equ	[face avatar]	92	1
equipment/character/swordman/avatar/face/101570346.equ	[face avatar]	92	2
equipment/character/swordman/avatar/face/101570347.equ	[face avatar]	92	3
equipment/character/swordman/avatar/face/101570348.equ	[face avatar]	95	0
equipment/character/swordman/avatar/face/101570349.equ	[face avatar]	
equipment/character/swordman/avatar/face/101570350.equ	[face avatar]	3	2
equipment/character/swordman/avatar/face/101570351.equ	[face avatar]	3	3
equipment/character/swordman/avatar/face/101570366.equ	[face avatar]	105	0
equipment/character/swordman/avatar/face/101570367.equ	[face avatar]	105	1
equipment/character/swordman/avatar/face/101570368.equ	[face avatar]	105	2
equipment/character/swordman/avatar/face/101570369.equ	[face avatar]	105	3
equipment/character/swordman/avatar/face/101570370.equ	[face avatar]	105	0
equipment/character/swordman/avatar/face/101570371.equ	[face avatar]	105	1
equipment/character/swordman/avatar/face/101570372.equ	[face avatar]	105	2
equipment/character/swordman/avatar/face/101570373.equ	[face avatar]	105	3
equipment/character/swordman/avatar/face/101570374.equ	[face avatar]	94	0
equipment/character/swordman/avatar/face/101570375.equ	[face avatar]	94	0
equipment/character/swordman/avatar/face/101570381.equ	[face avatar]	102	0
equipment/character/swordman/avatar/face/101570382.equ	[face avatar]	102	1
equipment/character/swordman/avatar/face/101570383.equ	[face avatar]	113	0
equipment/character/swordman/avatar/face/101570384.equ	[face avatar]	113	1
equipment/character/swordman/avatar/face/101570385.equ	[face avatar]	113	2
equipment/character/swordman/avatar/face/101570386.equ	[face avatar]	113	3
equipment/character/swordman/avatar/face/101570387.equ	[face avatar]	113	0
equipment/character/swordman/avatar/face/101570388.equ	[face avatar]	113	1
equipment/character/swordman/avatar/face/101570389.equ	[face avatar]	113	2
equipment/character/swordman/avatar/face/101570390.equ	[face avatar]	113	3
equipment/character/swordman/avatar/face/101570392.equ	[face avatar]	52	0
equipment/character/swordman/avatar/face/101570393.equ	[face avatar]	52	0
equipment/character/swordman/avatar/face/101570394.equ	[face avatar]	52	0
equipment/character/swordman/avatar/face/101570395.equ	[face avatar]	52	0
equipment/character/swordman/avatar/face/101570396.equ	[face avatar]	52	0
equipment/character/swordman/avatar/face/101570397.equ	[face avatar]	52	0
equipment/character/swordman/avatar/face/101570398.equ	[face avatar]	52	0
equipment/character/swordman/avatar/face/101570399.equ	[face avatar]	52	0
equipment/character/swordman/avatar/face/101570400.equ	[face avatar]	52	0
equipment/character/swordman/avatar/face/101570401.equ	[face avatar]	52	0
equipment/character/swordman/avatar/face/101570402.equ	[face avatar]	52	0
equipment/character/swordman/avatar/face/101570403.equ	[face avatar]	52	0
equipment/character/swordman/avatar/face/101570404.equ	[face avatar]	52	0
equipment/character/swordman/avatar/face/101570405.equ	[face avatar]	52	0
equipment/character/swordman/avatar/face/101570406.equ	[face avatar]	52	0
equipment/character/swordman/avatar/face/101571413.equ	[face avatar]	55	2
equipment/character/swordman/avatar/face/101571462.equ	[face avatar]	161	0
equipment/character/swordman/avatar/face/101571463.equ	[face avatar]	161	1
equipment/character/swordman/avatar/face/101571464.equ	[face avatar]	161	2
equipment/character/swordman/avatar/face/101571465.equ	[face avatar]	161	3
equipment/character/swordman/avatar/face/101571544.equ	[face avatar]	184	0
equipment/character/swordman/avatar/face/101571548.equ	[face avatar]	185	0
equipment/character/swordman/avatar/face/101571552.equ	[face avatar]	186	0
equipment/character/swordman/avatar/face/101571556.equ	[face avatar]	187	0
equipment/character/swordman/avatar/face/1020000.equ	[face avatar]	0	0
equipment/character/swordman/avatar/face/1020001.equ	[face avatar]	0	1
equipment/character/swordman/avatar/face/1020002.equ	[face avatar]	0	2
equipment/character/swordman/avatar/face/1020003.equ	[face avatar]	0	3
equipment/character/swordman/avatar/face/1020004.equ	[face avatar]	2	0
equipment/character/swordman/avatar/face/1020005.equ	[face avatar]	2	1
equipment/character/swordman/avatar/face/1020006.equ	[face avatar]	2	2
equipment/character/swordman/avatar/face/1020007.equ	[face avatar]	2	3
equipment/character/swordman/avatar/face/1020008.equ	[face avatar]	3	0
equipment/character/swordman/avatar/face/1020009.equ	[face avatar]	3	1
equipment/character/swordman/avatar/face/1020010.equ	[face avatar]	3	2
equipment/character/swordman/avatar/face/1020011.equ	[face avatar]	3	3
equipment/character/swordman/avatar/face/601570000.equ	[face avatar]	78	2
equipment/character/swordman/avatar/face/601570001.equ	[face avatar]	78	3
equipment/character/swordman/avatar/face/601570002.equ	[face avatar]	0	0
equipment/character/swordman/avatar/face/601570003.equ	[face avatar]	0	1
equipment/character/swordman/avatar/face/601570004.equ	[face avatar]	0	2
equipment/character/swordman/avatar/face/601570005.equ	[face avatar]	0	3
equipment/character/swordman/avatar/face/601570006.equ	[face avatar]	2	0
equipment/character/swordman/avatar/face/601570007.equ	[face avatar]	2	1
equipment/character/swordman/avatar/face/601570008.equ	[face avatar]	2	2
equipment/character/swordman/avatar/face/601570009.equ	[face avatar]	87	0
equipment/character/swordman/avatar/face/601570010.equ	[face avatar]	87	3
equipment/character/swordman/avatar/face/601570011.equ	[face avatar]	82	0
equipment/character/swordman/avatar/face/601570012.equ	[face avatar]	82	1
equipment/character/swordman/avatar/face/601570013.equ	[face avatar]	82	2
equipment/character/swordman/avatar/face/601570014.equ	[face avatar]	82	3
equipment/character/swordman/avatar/face/601570016.equ	[face avatar]	96	0
equipment/character/swordman/avatar/face/601570017.equ	[face avatar]	79	0
equipment/character/swordman/avatar/face/601570018.equ	[face avatar]	79	1
equipment/character/swordman/avatar/face/601570019.equ	[face avatar]	79	2
equipment/character/swordman/avatar/face/601570020.equ	[face avatar]	79	3
equipment/character/swordman/avatar/face/601570021.equ	[face avatar]	87	1
equipment/character/swordman/avatar/face/601570022.equ	[face avatar]	87	2
equipment/character/swordman/avatar/face/601570023.equ	[face avatar]	104	0
equipment/character/swordman/avatar/face/601570024.equ	[face avatar]	104	1
equipment/character/swordman/avatar/face/601570025.equ	[face avatar]	104	2
equipment/character/swordman/avatar/face/601570026.equ	[face avatar]	104	3
equipment/character/swordman/avatar/face/601570027.equ	[face avatar]	55	3
equipment/character/swordman/avatar/face/601570028.equ	[face avatar]	91	0
equipment/character/swordman/avatar/face/601570029.equ	[face avatar]	91	1
equipment/character/swordman/avatar/face/601570030.equ	[face avatar]	91	2
equipment/character/swordman/avatar/face/601570031.equ	[face avatar]	91	3
equipment/character/swordman/avatar/face/601570032.equ	[face avatar]	99	0
equipment/character/swordman/avatar/face/601570033.equ	[face avatar]	99	1
equipment/character/swordman/avatar/face/601570034.equ	[face avatar]	99	2
equipment/character/swordman/avatar/face/601570035.equ	[face avatar]	99	3
equipment/character/swordman/avatar/face/601570036.equ	[face avatar]	99	4
equipment/character/swordman/avatar/face/601570037.equ	[face avatar]	99	5
equipment/character/swordman/avatar/face/601570038.equ	[face avatar]	61	1
equipment/character/swordman/avatar/face/601570039.equ	[face avatar]	69	0
equipment/character/swordman/avatar/face/601570040.equ	[face avatar]	69	1
equipment/character/swordman/avatar/face/601570041.equ	[face avatar]	69	2
equipment/character/swordman/avatar/face/601570042.equ	[face avatar]	69	3
equipment/character/swordman/avatar/face/601570043.equ	[face avatar]	94	0
equipment/character/swordman/avatar/face/601570044.equ	[face avatar]	110	0
equipment/character/swordman/avatar/face/601570045.equ	[face avatar]	110	1
equipment/character/swordman/avatar/face/601570046.equ	[face avatar]	110	2
equipment/character/swordman/avatar/face/601570047.equ	[face avatar]	55	0
equipment/character/swordman/avatar/face/601570048.equ	[face avatar]	78	2
equipment/character/swordman/avatar/face/601570049.equ	[face avatar]	0	0
equipment/character/swordman/avatar/face/601570050.equ	[face avatar]	2	0
equipment/character/swordman/avatar/face/601570051.equ	[face avatar]	107	0
equipment/character/swordman/avatar/face/601570052.equ	[face avatar]	107	1
equipment/character/swordman/avatar/face/601570053.equ	[face avatar]	107	2
equipment/character/swordman/avatar/face/601570054.equ	[face avatar]	107	3
equipment/character/swordman/avatar/face/601570055.equ	[face avatar]	122	0
equipment/character/swordman/avatar/face/601570056.equ	[face avatar]	122	1
equipment/character/swordman/avatar/face/601570057.equ	[face avatar]	122	2
equipment/character/swordman/avatar/face/601570058.equ	[face avatar]	122	3
equipment/character/swordman/avatar/face/601570059.equ	[face avatar]	86	1
equipment/character/swordman/avatar/face/601570060.equ	[face avatar]	
equipment/character/swordman/avatar/face/601570061.equ	[face avatar]	120	0
equipment/character/swordman/avatar/face/601570062.equ	[face avatar]	120	1
equipment/character/swordman/avatar/face/601570063.equ	[face avatar]	118	0
equipment/character/swordman/avatar/face/601570064.equ	[face avatar]	118	1
equipment/character/swordman/avatar/face/601570065.equ	[face avatar]	118	2
equipment/character/swordman/avatar/face/601570066.equ	[face avatar]	118	3
equipment/character/swordman/avatar/face/601570067.equ	[face avatar]	118	4
equipment/character/swordman/avatar/face/601570068.equ	[face avatar]	118	5
equipment/character/swordman/avatar/face/601570070.equ	[face avatar]	124	0
equipment/character/swordman/avatar/face/601570071.equ	[face avatar]	124	1
equipment/character/swordman/avatar/face/601570072.equ	[face avatar]	124	2
equipment/character/swordman/avatar/face/601570073.equ	[face avatar]	124	3
equipment/character/swordman/avatar/face/601570082.equ	[face avatar]	123	0
equipment/character/swordman/avatar/face/601570085.equ	[face avatar]	132	0
equipment/character/swordman/avatar/face/601570086.equ	[face avatar]	132	1
equipment/character/swordman/avatar/face/601570087.equ	[face avatar]	125	0
equipment/character/swordman/avatar/face/601570088.equ	[face avatar]	125	1
equipment/character/swordman/avatar/face/601570104.equ	[face avatar]	
equipment/character/swordman/avatar/face/601571013.equ	[face avatar]	156	0
equipment/character/swordman/avatar/face/601571014.equ	[face avatar]	156	1
equipment/character/swordman/avatar/face/601571015.equ	[face avatar]	156	2
equipment/character/swordman/avatar/face/601571016.equ	[face avatar]	156	3
equipment/character/swordman/avatar/face/601571017.equ	[face avatar]	161	0
equipment/character/swordman/avatar/face/601571018.equ	[face avatar]	161	1
equipment/character/swordman/avatar/face/601571019.equ	[face avatar]	161	2
equipment/character/swordman/avatar/face/601571020.equ	[face avatar]	161	3
equipment/character/swordman/avatar/face/601571021.equ	[face avatar]	164	0
equipment/character/swordman/avatar/face/601571022.equ	[face avatar]	164	1
equipment/character/swordman/avatar/face/601571023.equ	[face avatar]	164	2
equipment/character/swordman/avatar/face/601571024.equ	[face avatar]	164	3
equipment/character/swordman/avatar/face/601571025.equ	[face avatar]	154	0
equipment/character/swordman/avatar/face/601571026.equ	[face avatar]	154	1
equipment/character/swordman/avatar/face/601571027.equ	[face avatar]	154	2
equipment/character/swordman/avatar/face/601571028.equ	[face avatar]	154	3
equipment/character/swordman/avatar/face/601571032.equ	[face avatar]	139	0
equipment/character/swordman/avatar/face/601571033.equ	[face avatar]	139	1
equipment/character/swordman/avatar/face/601571034.equ	[face avatar]	139	2
equipment/character/swordman/avatar/face/601571035.equ	[face avatar]	139	3
equipment/character/swordman/avatar/face/abcare_bkeye.equ	[face avatar]	20	2
equipment/character/swordman/avatar/face/abcare_blhurteye.equ	[face avatar]	40	3
equipment/character/swordman/avatar/face/abcare_brhurteye.equ	[face avatar]	40	0
equipment/character/swordman/avatar/face/abcare_greye.equ	[face avatar]	20	3
equipment/character/swordman/avatar/face/abcare_grhurteye.equ	[face avatar]	40	2
equipment/character/swordman/avatar/face/abcare_rdeye.equ	[face avatar]	20	0
equipment/character/swordman/avatar/face/abcare_rdhurteye.equ	[face avatar]	40	1
equipment/character/swordman/avatar/face/abcare_vleye.equ	[face avatar]	20	1
equipment/character/swordman/avatar/face/abeard1.equ	[face avatar]	41	0
equipment/character/swordman/avatar/face/abeard2.equ	[face avatar]	42	0
equipment/character/swordman/avatar/face/abeard3.equ	[face avatar]	43	0
equipment/character/swordman/avatar/face/abeard4.equ	[face avatar]	44	0
equipment/character/swordman/avatar/face/abeard5.equ	[face avatar]	45	0
equipment/character/swordman/avatar/face/abeard6.equ	[face avatar]	46	0
equipment/character/swordman/avatar/face/abeard_bkhobgoblin.equ	[face avatar]	9	3
equipment/character/swordman/avatar/face/abeard_black.equ	[face avatar]	4	0
equipment/character/swordman/avatar/face/abeard_black2.equ	[face avatar]	4	0
equipment/character/swordman/avatar/face/abeard_blhobgoblin.equ	[face avatar]	9	1
equipment/character/swordman/avatar/face/abeard_blue.equ	[face avatar]	4	3
equipment/character/swordman/avatar/face/abeard_blue2.equ	[face avatar]	4	3
equipment/character/swordman/avatar/face/abeard_brown.equ	[face avatar]	26	1
equipment/character/swordman/avatar/face/abeard_gray.equ	[face avatar]	4	1
equipment/character/swordman/avatar/face/abeard_gray2.equ	[face avatar]	4	1
equipment/character/swordman/avatar/face/abeard_rdhobgoblin.equ	[face avatar]	9	0
equipment/character/swordman/avatar/face/abeard_red.equ	[face avatar]	4	2
equipment/character/swordman/avatar/face/abeard_red2.equ	[face avatar]	4	2
equipment/character/swordman/avatar/face/abeard_slhobgoblin.equ	[face avatar]	9	2
equipment/character/swordman/avatar/face/abeard_white.equ	[face avatar]	26	0
equipment/character/swordman/avatar/face/abugle_3thparty.equ	[face avatar]	53	0
equipment/character/swordman/avatar/face/acmask_db.equ	[face avatar]	52	0
equipment/character/swordman/avatar/face/acmask_wt.equ	[face avatar]	52	1
equipment/character/swordman/avatar/face/aearplug_brown.equ	[face avatar]	15	2
equipment/character/swordman/avatar/face/aearplug_grey.equ	[face avatar]	15	3
equipment/character/swordman/avatar/face/aearplug_ivory.equ	[face avatar]	15	1
equipment/character/swordman/avatar/face/aearplug_lightbl.equ	[face avatar]	15	0
equipment/character/swordman/avatar/face/aeyepatch_black.equ	[face avatar]	8	0
equipment/character/swordman/avatar/face/aeyepatch_blue.equ	[face avatar]	8	1
equipment/character/swordman/avatar/face/aeyepatch_green.equ	[face avatar]	8	3
equipment/character/swordman/avatar/face/aeyepatch_red.equ	[face avatar]	8	2
equipment/character/swordman/avatar/face/aface_39946.equ	[face avatar]	54	0
equipment/character/swordman/avatar/face/aface_39947.equ	[face avatar]	54	1
equipment/character/swordman/avatar/face/aface_39948.equ	[face avatar]	54	2
equipment/character/swordman/avatar/face/aface_39949.equ	[face avatar]	54	3
equipment/character/swordman/avatar/face/aface_39950.equ	[face avatar]	55	0
equipment/character/swordman/avatar/face/aface_39951.equ	[face avatar]	55	1
equipment/character/swordman/avatar/face/aface_39952.equ	[face avatar]	56	0
equipment/character/swordman/avatar/face/aface_39953.equ	[face avatar]	56	1
equipment/character/swordman/avatar/face/aface_39954.equ	[face avatar]	48	0
equipment/character/swordman/avatar/face/aface_39955.equ	[face avatar]	49	0
equipment/character/swordman/avatar/face/aface_39956.equ	[face avatar]	57	0
equipment/character/swordman/avatar/face/aface_39957.equ	[face avatar]	57	1
equipment/character/swordman/avatar/face/aface_39958.equ	[face avatar]	57	2
equipment/character/swordman/avatar/face/aface_39959.equ	[face avatar]	57	3
equipment/character/swordman/avatar/face/aface_39960.equ	[face avatar]	61	0
equipment/character/swordman/avatar/face/aface_39961.equ	[face avatar]	61	1
equipment/character/swordman/avatar/face/aface_39962.equ	[face avatar]	58	0
equipment/character/swordman/avatar/face/aface_39963.equ	[face avatar]	58	1
equipment/character/swordman/avatar/face/aface_39964.equ	[face avatar]	58	2
equipment/character/swordman/avatar/face/aface_39965.equ	[face avatar]	58	3
equipment/character/swordman/avatar/face/aface_39966.equ	[face avatar]	64	0
equipment/character/swordman/avatar/face/aface_39967.equ	[face avatar]	64	1
equipment/character/swordman/avatar/face/aface_39968.equ	[face avatar]	64	2
equipment/character/swordman/avatar/face/aface_39969.equ	[face avatar]	64	3
equipment/character/swordman/avatar/face/aface_39970.equ	[face avatar]	65	0
equipment/character/swordman/avatar/face/aface_39971.equ	[face avatar]	65	1
equipment/character/swordman/avatar/face/aface_39972.equ	[face avatar]	65	2
equipment/character/swordman/avatar/face/aface_39973.equ	[face avatar]	65	3
equipment/character/swordman/avatar/face/aface_39974.equ	[face avatar]	67	0
equipment/character/swordman/avatar/face/aface_39975.equ	[face avatar]	67	1
equipment/character/swordman/avatar/face/aface_39976.equ	[face avatar]	67	2
equipment/character/swordman/avatar/face/aface_39977.equ	[face avatar]	68	0
equipment/character/swordman/avatar/face/aface_39978.equ	[face avatar]	68	1
equipment/character/swordman/avatar/face/aface_39979.equ	[face avatar]	68	2
equipment/character/swordman/avatar/face/aface_39980.equ	[face avatar]	68	3
equipment/character/swordman/avatar/face/aface_39981.equ	[face avatar]	70	0
equipment/character/swordman/avatar/face/aface_39982.equ	[face avatar]	70	1
equipment/character/swordman/avatar/face/aface_39983.equ	[face avatar]	75	0
equipment/character/swordman/avatar/face/aface_39984.equ	[face avatar]	75	1
equipment/character/swordman/avatar/face/aface_39985.equ	[face avatar]	75	2
equipment/character/swordman/avatar/face/aface_39986.equ	[face avatar]	75	3
equipment/character/swordman/avatar/face/aface_39987.equ	[face avatar]	80	1
equipment/character/swordman/avatar/face/aface_39992.equ	[face avatar]	83	0
equipment/character/swordman/avatar/face/aface_39993.equ	[face avatar]	83	0
equipment/character/swordman/avatar/face/aface_39994.equ	[face avatar]	85	0
equipment/character/swordman/avatar/face/aface_39995.equ	[face avatar]	85	1
equipment/character/swordman/avatar/face/aface_39996.equ	[face avatar]	85	2
equipment/character/swordman/avatar/face/aface_39997.equ	[face avatar]	85	3
equipment/character/swordman/avatar/face/aface_39998.equ	[face avatar]	69	0
equipment/character/swordman/avatar/face/aface_39999.equ	[face avatar]	69	1
equipment/character/swordman/avatar/face/aface_40000.equ	[face avatar]	69	2
equipment/character/swordman/avatar/face/aface_40001.equ	[face avatar]	69	3
equipment/character/swordman/avatar/face/aface_40002.equ	[face avatar]	86	0
equipment/character/swordman/avatar/face/aface_40003.equ	[face avatar]	86	1
equipment/character/swordman/avatar/face/aface_40004.equ	[face avatar]	89	0
equipment/character/swordman/avatar/face/aface_40005.equ	[face avatar]	89	1
equipment/character/swordman/avatar/face/aface_40006.equ	[face avatar]	89	2
equipment/character/swordman/avatar/face/aface_40007.equ	[face avatar]	89	3
equipment/character/swordman/avatar/face/aface_40008.equ	[face avatar]	90	0
equipment/character/swordman/avatar/face/aface_40009.equ	[face avatar]	90	1
equipment/character/swordman/avatar/face/aface_40010.equ	[face avatar]	87	0
equipment/character/swordman/avatar/face/aface_40011.equ	[face avatar]	87	1
equipment/character/swordman/avatar/face/aface_40012.equ	[face avatar]	87	2
equipment/character/swordman/avatar/face/aface_40013.equ	[face avatar]	87	3
equipment/character/swordman/avatar/face/aface_40014.equ	[face avatar]	96	0
equipment/character/swordman/avatar/face/aface_40015.equ	[face avatar]	96	1
equipment/character/swordman/avatar/face/aface_40016.equ	[face avatar]	96	2
equipment/character/swordman/avatar/face/aface_40017.equ	[face avatar]	96	3
equipment/character/swordman/avatar/face/aface_40024.equ	[face avatar]	100	0
equipment/character/swordman/avatar/face/aface_40025.equ	[face avatar]	100	1
equipment/character/swordman/avatar/face/aface_40026.equ	[face avatar]	100	2
equipment/character/swordman/avatar/face/aface_40035.equ	[face avatar]	92	0
equipment/character/swordman/avatar/face/aface_40036.equ	[face avatar]	92	1
equipment/character/swordman/avatar/face/aface_40037.equ	[face avatar]	92	2
equipment/character/swordman/avatar/face/aface_40038.equ	[face avatar]	92	3
equipment/character/swordman/avatar/face/aface_40039.equ	[face avatar]	95	0
equipment/character/swordman/avatar/face/aface_40040.equ	[face avatar]	95	1
equipment/character/swordman/avatar/face/aface_40041.equ	[face avatar]	95	2
equipment/character/swordman/avatar/face/aface_40042.equ	[face avatar]	95	3
equipment/character/swordman/avatar/face/aface_40043.equ	[face avatar]	97	0
equipment/character/swordman/avatar/face/aface_40044.equ	[face avatar]	97	1
equipment/character/swordman/avatar/face/aface_40045.equ	[face avatar]	97	2
equipment/character/swordman/avatar/face/aface_40046.equ	[face avatar]	97	3
equipment/character/swordman/avatar/face/aface_blghost.equ	[face avatar]	0	2
equipment/character/swordman/avatar/face/aface_clonesw.equ	[face avatar]	
equipment/character/swordman/avatar/face/aface_dylghost.equ	[face avatar]	0	3
equipment/character/swordman/avatar/face/aface_ghost.equ	[face avatar]	0	0
equipment/character/swordman/avatar/face/aface_ironghost.equ	[face avatar]	0	1
equipment/character/swordman/avatar/face/aface_rareclonesw.equ	[face avatar]	
equipment/character/swordman/avatar/face/afacepainting_taegeuk.equ	[face avatar]	6	0
equipment/character/swordman/avatar/face/afacialex1.equ	[face avatar]	31	0
equipment/character/swordman/avatar/face/afacialex2.equ	[face avatar]	32	0
equipment/character/swordman/avatar/face/afacialex3.equ	[face avatar]	33	0
equipment/character/swordman/avatar/face/afacialex4.equ	[face avatar]	34	0
equipment/character/swordman/avatar/face/afacialex5.equ	[face avatar]	35	0
equipment/character/swordman/avatar/face/afacialex6.equ	[face avatar]	36	0
equipment/character/swordman/avatar/face/afacialex7.equ	[face avatar]	37	0
equipment/character/swordman/avatar/face/afacialex8.equ	[face avatar]	38	0
equipment/character/swordman/avatar/face/afacialex9.equ	[face avatar]	39	0
equipment/character/swordman/avatar/face/afmask_bkfacemask.equ	[face avatar]	12	1
equipment/character/swordman/avatar/face/afmask_dkknight.equ	[face avatar]	16	0
equipment/character/swordman/avatar/face/afmask_grfacemask.equ	[face avatar]	12	0
equipment/character/swordman/avatar/face/afmask_rdfacemask.equ	[face avatar]	12	3
equipment/character/swordman/avatar/face/afmask_wtfacemask.equ	[face avatar]	12	2
equipment/character/swordman/avatar/face/aguard_azface.equ	[face avatar]	10	2
equipment/character/swordman/avatar/face/aguard_mrface.equ	[face avatar]	10	3
equipment/character/swordman/avatar/face/aguard_wtface.equ	[face avatar]	10	0
equipment/character/swordman/avatar/face/aguard_ylface.equ	[face avatar]	10	1
equipment/character/swordman/avatar/face/ajearring_blmoogak.equ	[face avatar]	30	0
equipment/character/swordman/avatar/face/ajearring_ylmoogak.equ	[face avatar]	30	1
equipment/character/swordman/avatar/face/alight_berserkereye.equ	[face avatar]	22	0
equipment/character/swordman/avatar/face/amask_bkcamouflage.equ	[face avatar]	7	3
equipment/character/swordman/avatar/face/amask_bkside.equ	[face avatar]	14	0
equipment/character/swordman/avatar/face/amask_bkskullmask.equ	[face avatar]	11	0
equipment/character/swordman/avatar/face/amask_bktight.equ	[face avatar]	18	0
equipment/character/swordman/avatar/face/amask_black.equ	[face avatar]	5	0
equipment/character/swordman/avatar/face/amask_black2.equ	[face avatar]	5	0
equipment/character/swordman/avatar/face/amask_blside.equ	[face avatar]	14	3
equipment/character/swordman/avatar/face/amask_blskullmask.equ	[face avatar]	11	1
equipment/character/swordman/avatar/face/amask_blue.equ	[face avatar]	5	2
equipment/character/swordman/avatar/face/amask_blue2.equ	[face avatar]	5	2
equipment/character/swordman/avatar/face/amask_bzswordman.equ	[face avatar]	13	3
equipment/character/swordman/avatar/face/amask_dkbltight.equ	[face avatar]	18	3
equipment/character/swordman/avatar/face/amask_dkbrtight.equ	[face avatar]	18	2
equipment/character/swordman/avatar/face/amask_dkrdtight.equ	[face avatar]	18	1
equipment/character/swordman/avatar/face/amask_evilarmy.equ	[face avatar]	1	2
equipment/character/swordman/avatar/face/amask_firehell.equ	[face avatar]	1	1
equipment/character/swordman/avatar/face/amask_gdswordman.equ	[face avatar]	13	0
equipment/character/swordman/avatar/face/amask_grcamouflage.equ	[face avatar]	7	0
equipment/character/swordman/avatar/face/amask_grskullmask.equ	[face avatar]	11	3
equipment/character/swordman/avatar/face/amask_gystripe.equ	[face avatar]	21	3
equipment/character/swordman/avatar/face/amask_noblerdhawk.equ	[face avatar]	25	0
equipment/character/swordman/avatar/face/amask_orstripe.equ	[face avatar]	21	2
equipment/character/swordman/avatar/face/amask_ppskullmask.equ	[face avatar]	11	2
equipment/character/swordman/avatar/face/amask_rdcamouflage.equ	[face avatar]	7	1
equipment/character/swordman/avatar/face/amask_rdstripe.equ	[face avatar]	21	0
equipment/character/swordman/avatar/face/amask_red.equ	[face avatar]	5	3
equipment/character/swordman/avatar/face/amask_red2.equ	[face avatar]	5	3
equipment/character/swordman/avatar/face/amask_slswordman.equ	[face avatar]	13	1
equipment/character/swordman/avatar/face/amask_stswordman.equ	[face avatar]	13	2
equipment/character/swordman/avatar/face/amask_violet.equ	[face avatar]	5	1
equipment/character/swordman/avatar/face/amask_violet2.equ	[face avatar]	5	1
equipment/character/swordman/avatar/face/amask_wickedevil.equ	[face avatar]	1	3
equipment/character/swordman/avatar/face/amask_wtcamouflage.equ	[face avatar]	7	2
equipment/character/swordman/avatar/face/amask_wtside.equ	[face avatar]	14	1
equipment/character/swordman/avatar/face/amask_yacha.equ	[face avatar]	1	0
equipment/character/swordman/avatar/face/amask_ylside.equ	[face avatar]	14	2
equipment/character/swordman/avatar/face/amask_ylstripe.equ	[face avatar]	21	1
equipment/character/swordman/avatar/face/aprotect_bkjaw.equ	[face avatar]	24	2
equipment/character/swordman/avatar/face/aprotect_blgrjaw.equ	[face avatar]	24	0
equipment/character/swordman/avatar/face/aprotect_dpbrjaw.equ	[face avatar]	24	3
equipment/character/swordman/avatar/face/aprotect_rdjaw.equ	[face avatar]	24	1
equipment/character/swordman/avatar/face/apupil_keenbl.equ	[face avatar]	29	1
equipment/character/swordman/avatar/face/apupil_keengr.equ	[face avatar]	29	0
equipment/character/swordman/avatar/face/apupil_keenrd.equ	[face avatar]	29	3
equipment/character/swordman/avatar/face/apupil_keenvl.equ	[face avatar]	29	2
equipment/character/swordman/avatar/face/aring_glcrossear.equ	[face avatar]	17	0
equipment/character/swordman/avatar/face/aring_svcrossear.equ	[face avatar]	17	1
equipment/character/swordman/avatar/face/ascratch_bk.equ	[face avatar]	50	3
equipment/character/swordman/avatar/face/ascratch_bl.equ	[face avatar]	50	1
equipment/character/swordman/avatar/face/ascratch_gr.equ	[face avatar]	50	2
equipment/character/swordman/avatar/face/ascratch_rd.equ	[face avatar]	50	0
equipment/character/swordman/avatar/face/asglass_azurine.equ	[face avatar]	23	0
equipment/character/swordman/avatar/face/asglass_bk.equ	[face avatar]	51	2
equipment/character/swordman/avatar/face/asglass_bl.equ	[face avatar]	51	3
equipment/character/swordman/avatar/face/asglass_black.equ	[face avatar]	23	1
equipment/character/swordman/avatar/face/asglass_br.equ	[face avatar]	51	0
equipment/character/swordman/avatar/face/asglass_pp.equ	[face avatar]	51	1
equipment/character/swordman/avatar/face/asglass_purple.equ	[face avatar]	23	3
equipment/character/swordman/avatar/face/asglass_violet.equ	[face avatar]	23	2
equipment/character/swordman/avatar/face/ashadow_blpearl.equ	[face avatar]	27	3
equipment/character/swordman/avatar/face/ashadow_pppearl.equ	[face avatar]	27	2
equipment/character/swordman/avatar/face/ashadow_rdpearl.equ	[face avatar]	27	1
equipment/character/swordman/avatar/face/ashadow_svpearl.equ	[face avatar]	27	0
equipment/character/swordman/avatar/face/asnose_rudolph.equ	[face avatar]	28	0
equipment/character/swordman/avatar/face/atatoo_face.equ	[face avatar]	3	0
equipment/character/swordman/avatar/face/atatoo_grface.equ	[face avatar]	3	3
equipment/character/swordman/avatar/face/atatoo_ppface.equ	[face avatar]	3	2
equipment/character/swordman/avatar/face/atatoo_rdface.equ	[face avatar]	3	1
equipment/character/swordman/avatar/face/chn_equ_avatar_swordman_face_101570453.equ	[face avatar]	122	0
equipment/character/swordman/avatar/face/chn_equ_avatar_swordman_face_101570454.equ	[face avatar]	122	1
equipment/character/swordman/avatar/face/chn_equ_avatar_swordman_face_101570455.equ	[face avatar]	122	2
equipment/character/swordman/avatar/face/chn_equ_avatar_swordman_face_101570456.equ	[face avatar]	122	3
equipment/character/swordman/avatar/face/chn_equ_avatar_swordman_face_101570466.equ	[face avatar]	127	0
equipment/character/swordman/avatar/face/chn_equ_avatar_swordman_face_101570467.equ	[face avatar]	127	1
equipment/character/swordman/avatar/face/chn_equ_avatar_swordman_face_101570468.equ	[face avatar]	127	2
equipment/character/swordman/avatar/face/chn_equ_avatar_swordman_face_101570469.equ	[face avatar]	127	3
equipment/character/swordman/avatar/face/chn_equ_avatar_swordman_face_101570486.equ	[face avatar]	134	0
equipment/character/swordman/avatar/face/chn_equ_avatar_swordman_face_101570487.equ	[face avatar]	134	1
equipment/character/swordman/avatar/face/chn_equ_avatar_swordman_face_101570488.equ	[face avatar]	134	2
equipment/character/swordman/avatar/face/chn_equ_avatar_swordman_face_101570489.equ	[face avatar]	134	3
equipment/character/swordman/avatar/face/chn_equ_avatar_swordman_face_601574240.equ	[face avatar]	60	0
equipment/character/swordman/avatar/face/chn_equ_avatar_swordman_face_601574241.equ	[face avatar]	60	1
equipment/character/swordman/avatar/face/chn_equ_avatar_swordman_face_601574242.equ	[face avatar]	60	2
equipment/character/swordman/avatar/face/chn_equ_avatar_swordman_face_601574243.equ	[face avatar]	60	3
equipment/character/swordman/avatar/face/chn_equ_avatar_swordman_face_601574244.equ	[face avatar]	62	0
equipment/character/swordman/avatar/face/chn_equ_avatar_swordman_face_601574245.equ	[face avatar]	62	1
equipment/character/swordman/avatar/face/chn_equ_avatar_swordman_face_601574246.equ	[face avatar]	62	2
equipment/character/swordman/avatar/face/chn_equ_avatar_swordman_face_601574247.equ	[face avatar]	62	3
equipment/character/swordman/avatar/face/chn_equ_avatar_swordman_face_601574248.equ	[face avatar]	63	0
equipment/character/swordman/avatar/face/chn_equ_avatar_swordman_face_601574249.equ	[face avatar]	63	1
equipment/character/swordman/avatar/face/chn_equ_avatar_swordman_face_601574250.equ	[face avatar]	63	2
equipment/character/swordman/avatar/face/chn_equ_avatar_swordman_face_601574251.equ	[face avatar]	63	3
equipment/character/swordman/avatar/face/chn_equ_avatar_swordman_face_601574256.equ	[face avatar]	71	0
equipment/character/swordman/avatar/face/chn_equ_avatar_swordman_face_601574257.equ	[face avatar]	71	1
equipment/character/swordman/avatar/face/chn_equ_avatar_swordman_face_601574258.equ	[face avatar]	71	2
equipment/character/swordman/avatar/face/chn_equ_avatar_swordman_face_601574259.equ	[face avatar]	71	3
equipment/character/swordman/avatar/face/chn_equ_avatar_swordman_face_601574264.equ	[face avatar]	78	0
equipment/character/swordman/avatar/face/chn_equ_avatar_swordman_face_601574265.equ	[face avatar]	78	1
equipment/character/swordman/avatar/face/chn_equ_avatar_swordman_face_601574266.equ	[face avatar]	78	2
equipment/character/swordman/avatar/face/chn_equ_avatar_swordman_face_601574267.equ	[face avatar]	78	3
equipment/character/swordman/avatar/face/chn_equ_avatar_swordman_face_601574268.equ	[face avatar]	79	0
equipment/character/swordman/avatar/face/chn_equ_avatar_swordman_face_601574269.equ	[face avatar]	79	1
equipment/character/swordman/avatar/face/chn_equ_avatar_swordman_face_601574270.equ	[face avatar]	79	2
equipment/character/swordman/avatar/face/chn_equ_avatar_swordman_face_601574271.equ	[face avatar]	79	3
equipment/character/swordman/avatar/face/chn_equ_avatar_swordman_face_601574272.equ	[face avatar]	80	0
equipment/character/swordman/avatar/face/chn_equ_avatar_swordman_face_601574273.equ	[face avatar]	80	1
equipment/character/swordman/avatar/face/chn_equ_avatar_swordman_face_601574274.equ	[face avatar]	80	2
equipment/character/swordman/avatar/face/chn_equ_avatar_swordman_face_601574275.equ	[face avatar]	80	3
equipment/character/swordman/avatar/face/chn_equ_avatar_swordman_face_601574276.equ	[face avatar]	66	0
equipment/character/swordman/avatar/face/chn_equ_avatar_swordman_face_601574277.equ	[face avatar]	66	1
equipment/character/swordman/avatar/face/chn_equ_avatar_swordman_face_601574278.equ	[face avatar]	66	2
equipment/character/swordman/avatar/face/chn_equ_avatar_swordman_face_601574279.equ	[face avatar]	66	3
equipment/character/swordman/avatar/face/chn_equ_avatar_swordman_face_601574288.equ	[face avatar]	81	0
equipment/character/swordman/avatar/face/chn_equ_avatar_swordman_face_601574289.equ	[face avatar]	81	1
equipment/character/swordman/avatar/face/chn_equ_avatar_swordman_face_601574290.equ	[face avatar]	81	2
equipment/character/swordman/avatar/face/chn_equ_avatar_swordman_face_601574291.equ	[face avatar]	81	3
equipment/character/swordman/avatar/face/chn_equ_avatar_swordman_face_601574293.equ	[face avatar]	87	0
equipment/character/swordman/avatar/face/chn_equ_avatar_swordman_face_601574294.equ	[face avatar]	87	1
equipment/character/swordman/avatar/face/chn_equ_avatar_swordman_face_601574295.equ	[face avatar]	87	2
equipment/character/swordman/avatar/face/chn_equ_avatar_swordman_face_601574296.equ	[face avatar]	87	3
equipment/character/swordman/avatar/face/chn_equ_avatar_swordman_face_601574298.equ	[face avatar]	88	0
equipment/character/swordman/avatar/face/chn_equ_avatar_swordman_face_601574299.equ	[face avatar]	88	1
equipment/character/swordman/avatar/face/chn_equ_avatar_swordman_face_601574300.equ	[face avatar]	88	2
equipment/character/swordman/avatar/face/chn_equ_avatar_swordman_face_601574301.equ	[face avatar]	88	3
equipment/character/swordman/avatar/face/chn_equ_avatar_swordman_face_601574306.equ	[face avatar]	91	0
equipment/character/swordman/avatar/face/chn_equ_avatar_swordman_face_601574307.equ	[face avatar]	91	1
equipment/character/swordman/avatar/face/chn_equ_avatar_swordman_face_601574308.equ	[face avatar]	91	2
equipment/character/swordman/avatar/face/chn_equ_avatar_swordman_face_601574309.equ	[face avatar]	91	3
equipment/character/swordman/avatar/face/chn_equ_avatar_swordman_face_601574322.equ	[face avatar]	101	0
equipment/character/swordman/avatar/face/chn_equ_avatar_swordman_face_601574323.equ	[face avatar]	101	1
equipment/character/swordman/avatar/face/chn_equ_avatar_swordman_face_601574324.equ	[face avatar]	101	2
equipment/character/swordman/avatar/face/chn_equ_avatar_swordman_face_601574325.equ	[face avatar]	101	3
equipment/character/swordman/avatar/face/chn_equ_avatar_swordman_face_601574334.equ	[face avatar]	93	0
equipment/character/swordman/avatar/face/chn_equ_avatar_swordman_face_601574335.equ	[face avatar]	93	1
equipment/character/swordman/avatar/face/chn_equ_avatar_swordman_face_601574336.equ	[face avatar]	93	2
equipment/character/swordman/avatar/face/chn_equ_avatar_swordman_face_601574337.equ	[face avatar]	93	3
equipment/character/swordman/avatar/face/chn_equ_avatar_swordman_face_601574345.equ	[face avatar]	94	0
equipment/character/swordman/avatar/face/chn_equ_avatar_swordman_face_601574346.equ	[face avatar]	94	1
equipment/character/swordman/avatar/face/chn_equ_avatar_swordman_face_601574347.equ	[face avatar]	94	2
equipment/character/swordman/avatar/face/chn_equ_avatar_swordman_face_601574348.equ	[face avatar]	94	3
equipment/character/swordman/avatar/face/chn_equ_special_avatar_swordman_face_101570451.equ	[face avatar]	108	0
equipment/character/swordman/avatar/face/chn_equ_special_avatar_swordman_face_101570472.equ	[face avatar]	131	0
equipment/character/swordman/avatar/face/chn_equ_special_avatar_swordman_face_101570473.equ	[face avatar]	131	1
equipment/character/swordman/avatar/face/chn_equ_special_avatar_swordman_face_101570482.equ	[face avatar]	135	0
equipment/character/swordman/avatar/face/chn_equ_special_avatar_swordman_face_101570483.equ	[face avatar]	135	1
equipment/character/swordman/avatar/face/chn_equ_special_avatar_swordman_face_101570484.equ	[face avatar]	135	2
equipment/character/swordman/avatar/face/chn_equ_special_avatar_swordman_face_101570485.equ	[face avatar]	135	3
equipment/character/swordman/avatar/face/chn_equ_special_avatar_swordman_face_101570495.equ	[face avatar]	68	0
equipment/character/swordman/avatar/face/chn_equ_special_avatar_swordman_face_101570496.equ	[face avatar]	68	1
equipment/character/swordman/avatar/face/chn_equ_special_avatar_swordman_face_101570497.equ	[face avatar]	68	2
equipment/character/swordman/avatar/face/chn_equ_special_avatar_swordman_face_101570498.equ	[face avatar]	68	3
equipment/character/swordman/avatar/face/chn_equ_special_avatar_swordman_face_101570500.equ	[face avatar]	143	0
equipment/character/swordman/avatar/face/chn_equ_special_avatar_swordman_face_101570501.equ	[face avatar]	143	1
equipment/character/swordman/avatar/face/chn_equ_special_avatar_swordman_face_101570502.equ	[face avatar]	143	2
equipment/character/swordman/avatar/face/chn_equ_special_avatar_swordman_face_101570503.equ	[face avatar]	143	3
equipment/character/swordman/avatar/face/chn_equ_special_avatar_swordman_face_101570510.equ	[face avatar]	142	0
equipment/character/swordman/avatar/face/chn_equ_special_avatar_swordman_face_101570511.equ	[face avatar]	142	1
equipment/character/swordman/avatar/face/chn_equ_special_avatar_swordman_face_101570512.equ	[face avatar]	142	2
equipment/character/swordman/avatar/face/chn_equ_special_avatar_swordman_face_101570513.equ	[face avatar]	142	3
equipment/character/swordman/avatar/face/chn_equ_special_avatar_swordman_face_101570515.equ	[face avatar]	
equipment/character/swordman/avatar/face/chn_equ_special_avatar_swordman_face_101570518.equ	[face avatar]	148	0
equipment/character/swordman/avatar/face/chn_equ_special_avatar_swordman_face_101570519.equ	[face avatar]	148	1
equipment/character/swordman/avatar/face/chn_equ_special_avatar_swordman_face_101570520.equ	[face avatar]	148	2
equipment/character/swordman/avatar/face/chn_equ_special_avatar_swordman_face_101570528.equ	[face avatar]	149	0
equipment/character/swordman/avatar/face/chn_equ_special_avatar_swordman_face_101570529.equ	[face avatar]	149	1
equipment/character/swordman/avatar/face/chn_equ_special_avatar_swordman_face_101570530.equ	[face avatar]	149	2
equipment/character/swordman/avatar/face/chn_equ_special_avatar_swordman_face_101570531.equ	[face avatar]	149	3
equipment/character/swordman/avatar/face/chn_equ_special_avatar_swordman_face_101570536.equ	[face avatar]	155	0
equipment/character/swordman/avatar/face/chn_equ_special_avatar_swordman_face_101570537.equ	[face avatar]	155	1
equipment/character/swordman/avatar/face/chn_equ_special_avatar_swordman_face_101570538.equ	[face avatar]	155	2
equipment/character/swordman/avatar/face/chn_equ_special_avatar_swordman_face_101570539.equ	[face avatar]	155	3
equipment/character/swordman/avatar/face/chn_equ_special_avatar_swordman_face_101570541.equ	[face avatar]	128	0
equipment/character/swordman/avatar/face/chn_equ_special_avatar_swordman_face_101570542.equ	[face avatar]	128	1
equipment/character/swordman/avatar/face/chn_equ_special_avatar_swordman_face_101570545.equ	[face avatar]	159	0
equipment/character/swordman/avatar/face/chn_equ_special_avatar_swordman_face_101570546.equ	[face avatar]	159	1
equipment/character/swordman/avatar/face/chn_equ_special_avatar_swordman_face_101570547.equ	[face avatar]	159	2
equipment/character/swordman/avatar/face/chn_equ_special_avatar_swordman_face_101570548.equ	[face avatar]	159	3
equipment/character/swordman/avatar/face/chn_equ_special_avatar_swordman_face_101570549.equ	[face avatar]	136	0
equipment/character/swordman/avatar/face/chn_equ_special_avatar_swordman_face_101570550.equ	[face avatar]	136	1
equipment/character/swordman/avatar/face/chn_equ_special_avatar_swordman_face_101570551.equ	[face avatar]	136	2
equipment/character/swordman/avatar/face/chn_equ_special_avatar_swordman_face_101570552.equ	[face avatar]	160	0
equipment/character/swordman/avatar/face/chn_equ_special_avatar_swordman_face_101570553.equ	[face avatar]	160	1
equipment/character/swordman/avatar/face/chn_equ_special_avatar_swordman_face_101570554.equ	[face avatar]	160	2
equipment/character/swordman/avatar/face/chn_equ_special_avatar_swordman_face_101570555.equ	[face avatar]	160	3
equipment/character/swordman/avatar/face/chn_equ_special_avatar_swordman_face_2684260.equ	[face avatar]	76	0
equipment/character/swordman/avatar/face/chn_equ_special_avatar_swordman_face_2684261.equ	[face avatar]	76	1
equipment/character/swordman/avatar/face/chn_equ_special_avatar_swordman_face_2684262.equ	[face avatar]	76	2
equipment/character/swordman/avatar/face/chn_equ_special_avatar_swordman_face_2684263.equ	[face avatar]	76	3
equipment/character/swordman/avatar/face/chn_equ_special_avatar_swordman_face_2684280.equ	[face avatar]	84	0
equipment/character/swordman/avatar/face/chn_equ_special_avatar_swordman_face_2684281.equ	[face avatar]	84	1
equipment/character/swordman/avatar/face/chn_equ_special_avatar_swordman_face_2684282.equ	[face avatar]	84	2
equipment/character/swordman/avatar/face/chn_equ_special_avatar_swordman_face_2684283.equ	[face avatar]	84	3
equipment/character/swordman/avatar/face/chn_equ_special_avatar_swordman_face_2684302.equ	[face avatar]	67	0
equipment/character/swordman/avatar/face/chn_equ_special_avatar_swordman_face_2684303.equ	[face avatar]	67	1
equipment/character/swordman/avatar/face/chn_equ_special_avatar_swordman_face_2684304.equ	[face avatar]	67	2
equipment/character/swordman/avatar/face/chn_equ_special_avatar_swordman_face_2684305.equ	[face avatar]	67	3
equipment/character/swordman/avatar/face/chn_equ_upper_avatar_swordman_face_101570440.equ	[face avatar]	114	0
equipment/character/swordman/avatar/face/chn_equ_upper_avatar_swordman_face_101570441.equ	[face avatar]	114	1
equipment/character/swordman/avatar/face/chn_equ_upper_avatar_swordman_face_101570442.equ	[face avatar]	114	2
equipment/character/swordman/avatar/face/chn_equ_upper_avatar_swordman_face_101570443.equ	[face avatar]	114	3
equipment/character/swordman/avatar/face/chn_equ_upper_avatar_swordman_face_101570457.equ	[face avatar]	126	0
equipment/character/swordman/avatar/face/chn_equ_upper_avatar_swordman_face_101570458.equ	[face avatar]	126	1
equipment/character/swordman/avatar/face/chn_equ_upper_avatar_swordman_face_101570459.equ	[face avatar]	126	2
equipment/character/swordman/avatar/face/chn_equ_upper_avatar_swordman_face_101570460.equ	[face avatar]	126	3
equipment/character/swordman/avatar/face/chn_equ_upper_avatar_swordman_face_101570474.equ	[face avatar]	69	0
equipment/character/swordman/avatar/face/chn_equ_upper_avatar_swordman_face_101570475.equ	[face avatar]	69	1
equipment/character/swordman/avatar/face/chn_equ_upper_avatar_swordman_face_101570476.equ	[face avatar]	69	2
equipment/character/swordman/avatar/face/chn_equ_upper_avatar_swordman_face_101570477.equ	[face avatar]	69	3
equipment/character/swordman/avatar/face/chn_equ_upper_avatar_swordman_face_101570567.equ	[face avatar]	165	0
equipment/character/swordman/avatar/face/chn_equ_upper_avatar_swordman_face_101570568.equ	[face avatar]	165	1
equipment/character/swordman/avatar/face/chn_equ_upper_avatar_swordman_face_101570569.equ	[face avatar]	165	2
equipment/character/swordman/avatar/face/chn_equ_upper_avatar_swordman_face_101570570.equ	[face avatar]	165	3
equipment/character/swordman/avatar/face/chn_equ_upper_avatar_swordman_face_601574252.equ	[face avatar]	72	0
equipment/character/swordman/avatar/face/chn_equ_upper_avatar_swordman_face_601574253.equ	[face avatar]	72	1
equipment/character/swordman/avatar/face/chn_equ_upper_avatar_swordman_face_601574254.equ	[face avatar]	72	2
equipment/character/swordman/avatar/face/chn_equ_upper_avatar_swordman_face_601574255.equ	[face avatar]	72	3
equipment/character/swordman/avatar/face/chn_equ_upper_avatar_swordman_face_601574312.equ	[face avatar]	92	0
equipment/character/swordman/avatar/face/chn_equ_upper_avatar_swordman_face_601574313.equ	[face avatar]	92	1
equipment/character/swordman/avatar/face/chn_equ_upper_avatar_swordman_face_601574314.equ	[face avatar]	92	2
equipment/character/swordman/avatar/face/chn_equ_upper_avatar_swordman_face_601574315.equ	[face avatar]	92	3
equipment/character/swordman/avatar/face/chn_equ_upper_avatar_swordman_face_601574316.equ	[face avatar]	95	0
equipment/character/swordman/avatar/face/chn_equ_upper_avatar_swordman_face_601574317.equ	[face avatar]	95	1
equipment/character/swordman/avatar/face/chn_equ_upper_avatar_swordman_face_601574318.equ	[face avatar]	95	2
equipment/character/swordman/avatar/face/chn_equ_upper_avatar_swordman_face_601574319.equ	[face avatar]	95	3
equipment/character/swordman/avatar/face/chn_equ_upper_avatar_swordman_face_601574326.equ	[face avatar]	97	0
equipment/character/swordman/avatar/face/chn_equ_upper_avatar_swordman_face_601574327.equ	[face avatar]	97	1
equipment/character/swordman/avatar/face/chn_equ_upper_avatar_swordman_face_601574328.equ	[face avatar]	97	2
equipment/character/swordman/avatar/face/chn_equ_upper_avatar_swordman_face_601574329.equ	[face avatar]	97	3
equipment/character/swordman/avatar/face/chn_equ_upper_avatar_swordman_face_601574340.equ	[face avatar]	106	0
equipment/character/swordman/avatar/face/chn_equ_upper_avatar_swordman_face_601574341.equ	[face avatar]	106	1
equipment/character/swordman/avatar/face/chn_equ_upper_avatar_swordman_face_601574342.equ	[face avatar]	106	2
equipment/character/swordman/avatar/face/chn_equ_upper_avatar_swordman_face_601574343.equ	[face avatar]	106	3
equipment/character/swordman/avatar/face/chn_equ_upper_avatar_swordman_face_601574353.equ	[face avatar]	109	0
equipment/character/swordman/avatar/face/chn_equ_upper_avatar_swordman_face_601574354.equ	[face avatar]	109	1
equipment/character/swordman/avatar/face/chn_equ_upper_avatar_swordman_face_601574355.equ	[face avatar]	109	2
equipment/character/swordman/avatar/face/chn_equ_upper_avatar_swordman_face_601574356.equ	[face avatar]	109	3
equipment/character/swordman/avatar/face/earring_bronze.equ	[face avatar]	2	0
equipment/character/swordman/avatar/face/earring_copper.equ	[face avatar]	2	2
equipment/character/swordman/avatar/face/earring_iron.equ	[face avatar]	2	1
equipment/character/swordman/avatar/face/earring_silver.equ	[face avatar]	2	3
equipment/character/swordman/avatar/face/gm_sword_face.equ	[face avatar]	16	1
equipment/character/swordman/avatar/face/goldabcare_bkeye.equ	[face avatar]	20	2
equipment/character/swordman/avatar/face/goldabcare_greye.equ	[face avatar]	20	3
equipment/character/swordman/avatar/face/goldabcare_rdeye.equ	[face avatar]	20	0
equipment/character/swordman/avatar/face/goldabcare_vleye.equ	[face avatar]	20	1
equipment/character/swordman/avatar/face/goldatatoo_face.equ	[face avatar]	3	0
equipment/character/swordman/avatar/face/goldatatoo_grface.equ	[face avatar]	3	3
equipment/character/swordman/avatar/face/goldatatoo_ppface.equ	[face avatar]	3	2
equipment/character/swordman/avatar/face/goldatatoo_rdface.equ	[face avatar]	3	1
equipment/character/swordman/avatar/hair/1010000.equ	[hair avatar]	1	0
equipment/character/swordman/avatar/hair/1010001.equ	[hair avatar]	2	0
equipment/character/swordman/avatar/hair/1010002.equ	[hair avatar]	3	0
equipment/character/swordman/avatar/hair/1010003.equ	[hair avatar]	4	0
equipment/character/swordman/avatar/hair/1010004.equ	[hair avatar]	5	0
equipment/character/swordman/avatar/hair/1010005.equ	[hair avatar]	6	0
equipment/character/swordman/avatar/hair/1010006.equ	[hair avatar]	7	0
equipment/character/swordman/avatar/hair/1010007.equ	[hair avatar]	8	0
equipment/character/swordman/avatar/hair/1010008.equ	[hair avatar]	9	0
equipment/character/swordman/avatar/hair/1010009.equ	[hair avatar]	10	0
equipment/character/swordman/avatar/hair/1010010.equ	[hair avatar]	0	1
equipment/character/swordman/avatar/hair/1010011.equ	[hair avatar]	0	2
equipment/character/swordman/avatar/hair/1010012.equ	[hair avatar]	0	3
equipment/character/swordman/avatar/hair/1010013.equ	[hair avatar]	1	1
equipment/character/swordman/avatar/hair/1010014.equ	[hair avatar]	1	2
equipment/character/swordman/avatar/hair/1010015.equ	[hair avatar]	1	3
equipment/character/swordman/avatar/hair/1010016.equ	[hair avatar]	2	1
equipment/character/swordman/avatar/hair/1010017.equ	[hair avatar]	2	2
equipment/character/swordman/avatar/hair/1010018.equ	[hair avatar]	2	3
equipment/character/swordman/avatar/hair/1010019.equ	[hair avatar]	3	1
equipment/character/swordman/avatar/hair/1010020.equ	[hair avatar]	3	2
equipment/character/swordman/avatar/hair/1010021.equ	[hair avatar]	3	3
equipment/character/swordman/avatar/hair/1010022.equ	[hair avatar]	4	1
equipment/character/swordman/avatar/hair/1010023.equ	[hair avatar]	4	2
equipment/character/swordman/avatar/hair/1010024.equ	[hair avatar]	4	3
equipment/character/swordman/avatar/hair/1010025.equ	[hair avatar]	5	1
equipment/character/swordman/avatar/hair/1010026.equ	[hair avatar]	5	2
equipment/character/swordman/avatar/hair/1010027.equ	[hair avatar]	5	3
equipment/character/swordman/avatar/hair/1010028.equ	[hair avatar]	6	1
equipment/character/swordman/avatar/hair/1010029.equ	[hair avatar]	6	2
equipment/character/swordman/avatar/hair/1010030.equ	[hair avatar]	6	3
equipment/character/swordman/avatar/hair/1010031.equ	[hair avatar]	7	1
equipment/character/swordman/avatar/hair/1010032.equ	[hair avatar]	7	2
equipment/character/swordman/avatar/hair/1010033.equ	[hair avatar]	7	3
equipment/character/swordman/avatar/hair/1010034.equ	[hair avatar]	8	1
equipment/character/swordman/avatar/hair/1010035.equ	[hair avatar]	8	2
equipment/character/swordman/avatar/hair/1010036.equ	[hair avatar]	8	3
equipment/character/swordman/avatar/hair/1010037.equ	[hair avatar]	9	1
equipment/character/swordman/avatar/hair/1010038.equ	[hair avatar]	9	2
equipment/character/swordman/avatar/hair/1010039.equ	[hair avatar]	9	3
equipment/character/swordman/avatar/hair/1010040.equ	[hair avatar]	10	1
equipment/character/swordman/avatar/hair/1010041.equ	[hair avatar]	10	2
equipment/character/swordman/avatar/hair/1010042.equ	[hair avatar]	10	3
equipment/character/swordman/avatar/hair/1010043.equ	[hair avatar]	11	0
equipment/character/swordman/avatar/hair/1010044.equ	[hair avatar]	11	1
equipment/character/swordman/avatar/hair/1010045.equ	[hair avatar]	11	2
equipment/character/swordman/avatar/hair/1010046.equ	[hair avatar]	11	3
equipment/character/swordman/avatar/hair/1010047.equ	[hair avatar]	12	0
equipment/character/swordman/avatar/hair/1010048.equ	[hair avatar]	12	1
equipment/character/swordman/avatar/hair/1010049.equ	[hair avatar]	12	2
equipment/character/swordman/avatar/hair/1010050.equ	[hair avatar]	12	3
equipment/character/swordman/avatar/hair/1010051.equ	[hair avatar]	17	0
equipment/character/swordman/avatar/hair/1010052.equ	[hair avatar]	17	1
equipment/character/swordman/avatar/hair/1010053.equ	[hair avatar]	17	2
equipment/character/swordman/avatar/hair/1010054.equ	[hair avatar]	17	3
equipment/character/swordman/avatar/hair/1010055.equ	[hair avatar]	14	0
equipment/character/swordman/avatar/hair/1010056.equ	[hair avatar]	14	1
equipment/character/swordman/avatar/hair/1010057.equ	[hair avatar]	14	2
equipment/character/swordman/avatar/hair/1010058.equ	[hair avatar]	14	3
equipment/character/swordman/avatar/hair/1010059.equ	[hair avatar]	16	0
equipment/character/swordman/avatar/hair/1010060.equ	[hair avatar]	16	1
equipment/character/swordman/avatar/hair/1010061.equ	[hair avatar]	16	2
equipment/character/swordman/avatar/hair/1010062.equ	[hair avatar]	16	3
equipment/character/swordman/avatar/hair/1010063.equ	[hair avatar]	19	0
equipment/character/swordman/avatar/hair/1010064.equ	[hair avatar]	19	1
equipment/character/swordman/avatar/hair/1010065.equ	[hair avatar]	19	2
equipment/character/swordman/avatar/hair/1010066.equ	[hair avatar]	19	3
equipment/character/swordman/avatar/hair/101560420.equ	[hair avatar]	31	1
equipment/character/swordman/avatar/hair/101560421.equ	[hair avatar]	31	2
equipment/character/swordman/avatar/hair/101560422.equ	[hair avatar]	31	3
equipment/character/swordman/avatar/hair/101560423.equ	[hair avatar]	34	0
equipment/character/swordman/avatar/hair/101560424.equ	[hair avatar]	34	1
equipment/character/swordman/avatar/hair/101560425.equ	[hair avatar]	34	2
equipment/character/swordman/avatar/hair/101560426.equ	[hair avatar]	34	3
equipment/character/swordman/avatar/hair/101560427.equ	[hair avatar]	36	0
equipment/character/swordman/avatar/hair/101560428.equ	[hair avatar]	36	1
equipment/character/swordman/avatar/hair/101560429.equ	[hair avatar]	36	2
equipment/character/swordman/avatar/hair/101560430.equ	[hair avatar]	41	3
equipment/character/swordman/avatar/hair/101560431.equ	[hair avatar]	43	0
equipment/character/swordman/avatar/hair/101560432.equ	[hair avatar]	43	1
equipment/character/swordman/avatar/hair/101560433.equ	[hair avatar]	43	2
equipment/character/swordman/avatar/hair/101560434.equ	[hair avatar]	43	3
equipment/character/swordman/avatar/hair/101560435.equ	[hair avatar]	45	0
equipment/character/swordman/avatar/hair/101560436.equ	[hair avatar]	45	1
equipment/character/swordman/avatar/hair/101560437.equ	[hair avatar]	52	2
equipment/character/swordman/avatar/hair/101560438.equ	[hair avatar]	52	3
equipment/character/swordman/avatar/hair/101560439.equ	[hair avatar]	54	0
equipment/character/swordman/avatar/hair/101560440.equ	[hair avatar]	54	1
equipment/character/swordman/avatar/hair/101560441.equ	[hair avatar]	54	2
equipment/character/swordman/avatar/hair/101560442.equ	[hair avatar]	54	3
equipment/character/swordman/avatar/hair/101560443.equ	[hair avatar]	57	1
equipment/character/swordman/avatar/hair/101560444.equ	[hair avatar]	57	2
equipment/character/swordman/avatar/hair/101560445.equ	[hair avatar]	57	3
equipment/character/swordman/avatar/hair/101560446.equ	[hair avatar]	58	0
equipment/character/swordman/avatar/hair/101560447.equ	[hair avatar]	58	1
equipment/character/swordman/avatar/hair/101560448.equ	[hair avatar]	58	2
equipment/character/swordman/avatar/hair/101560449.equ	[hair avatar]	58	3
equipment/character/swordman/avatar/hair/101560450.equ	[hair avatar]	59	0
equipment/character/swordman/avatar/hair/101560451.equ	[hair avatar]	59	2
equipment/character/swordman/avatar/hair/101560452.equ	[hair avatar]	65	2
equipment/character/swordman/avatar/hair/101560453.equ	[hair avatar]	65	3
equipment/character/swordman/avatar/hair/101560454.equ	[hair avatar]	68	0
equipment/character/swordman/avatar/hair/101560455.equ	[hair avatar]	68	1
equipment/character/swordman/avatar/hair/101560456.equ	[hair avatar]	68	2
equipment/character/swordman/avatar/hair/101560457.equ	[hair avatar]	68	3
equipment/character/swordman/avatar/hair/101560458.equ	[hair avatar]	87	0
equipment/character/swordman/avatar/hair/101560459.equ	[hair avatar]	87	1
equipment/character/swordman/avatar/hair/101560460.equ	[hair avatar]	87	2
equipment/character/swordman/avatar/hair/101560461.equ	[hair avatar]	87	3
equipment/character/swordman/avatar/hair/101560462.equ	[hair avatar]	79	1
equipment/character/swordman/avatar/hair/101560463.equ	[hair avatar]	79	2
equipment/character/swordman/avatar/hair/101560464.equ	[hair avatar]	79	3
equipment/character/swordman/avatar/hair/101560465.equ	[hair avatar]	91	0
equipment/character/swordman/avatar/hair/101560466.equ	[hair avatar]	91	1
equipment/character/swordman/avatar/hair/101560467.equ	[hair avatar]	2	0
equipment/character/swordman/avatar/hair/101560468.equ	[hair avatar]	4	0
equipment/character/swordman/avatar/hair/101560469.equ	[hair avatar]	5	0
equipment/character/swordman/avatar/hair/101560470.equ	[hair avatar]	3	2
equipment/character/swordman/avatar/hair/101560471.equ	[hair avatar]	3	3
equipment/character/swordman/avatar/hair/101560472.equ	[hair avatar]	4	1
equipment/character/swordman/avatar/hair/101560473.equ	[hair avatar]	4	2
equipment/character/swordman/avatar/hair/101560474.equ	[hair avatar]	5	2
equipment/character/swordman/avatar/hair/101560475.equ	[hair avatar]	5	3
equipment/character/swordman/avatar/hair/101560476.equ	[hair avatar]	6	1
equipment/character/swordman/avatar/hair/101560477.equ	[hair avatar]	6	2
equipment/character/swordman/avatar/hair/101560478.equ	[hair avatar]	8	2
equipment/character/swordman/avatar/hair/101560479.equ	[hair avatar]	10	1
equipment/character/swordman/avatar/hair/101560480.equ	[hair avatar]	10	2
equipment/character/swordman/avatar/hair/101560481.equ	[hair avatar]	10	3
equipment/character/swordman/avatar/hair/101560482.equ	[hair avatar]	11	0
equipment/character/swordman/avatar/hair/101560483.equ	[hair avatar]	11	1
equipment/character/swordman/avatar/hair/101560484.equ	[hair avatar]	11	2
equipment/character/swordman/avatar/hair/101560485.equ	[hair avatar]	11	3
equipment/character/swordman/avatar/hair/101560486.equ	[hair avatar]	12	0
equipment/character/swordman/avatar/hair/101560487.equ	[hair avatar]	12	1
equipment/character/swordman/avatar/hair/101560488.equ	[hair avatar]	12	2
equipment/character/swordman/avatar/hair/101560489.equ	[hair avatar]	16	1
equipment/character/swordman/avatar/hair/101560490.equ	[hair avatar]	16	2
equipment/character/swordman/avatar/hair/101560491.equ	[hair avatar]	16	3
equipment/character/swordman/avatar/hair/101560492.equ	[hair avatar]	19	0
equipment/character/swordman/avatar/hair/101560493.equ	[hair avatar]	19	1
equipment/character/swordman/avatar/hair/101560494.equ	[hair avatar]	19	2
equipment/character/swordman/avatar/hair/101560495.equ	[hair avatar]	19	3
equipment/character/swordman/avatar/hair/101560496.equ	[hair avatar]	32	0
equipment/character/swordman/avatar/hair/101560497.equ	[hair avatar]	32	1
equipment/character/swordman/avatar/hair/101560498.equ	[hair avatar]	32	2
equipment/character/swordman/avatar/hair/101560499.equ	[hair avatar]	32	3
equipment/character/swordman/avatar/hair/101560500.equ	[hair avatar]	31	0
equipment/character/swordman/avatar/hair/101560501.equ	[hair avatar]	36	3
equipment/character/swordman/avatar/hair/101560502.equ	[hair avatar]	37	0
equipment/character/swordman/avatar/hair/101560503.equ	[hair avatar]	37	1
equipment/character/swordman/avatar/hair/101560504.equ	[hair avatar]	37	2
equipment/character/swordman/avatar/hair/101560505.equ	[hair avatar]	37	3
equipment/character/swordman/avatar/hair/101560506.equ	[hair avatar]	38	0
equipment/character/swordman/avatar/hair/101560507.equ	[hair avatar]	38	1
equipment/character/swordman/avatar/hair/101560508.equ	[hair avatar]	38	2
equipment/character/swordman/avatar/hair/101560509.equ	[hair avatar]	38	3
equipment/character/swordman/avatar/hair/101560510.equ	[hair avatar]	41	0
equipment/character/swordman/avatar/hair/101560511.equ	[hair avatar]	41	1
equipment/character/swordman/avatar/hair/101560512.equ	[hair avatar]	41	2
equipment/character/swordman/avatar/hair/101560513.equ	[hair avatar]	45	2
equipment/character/swordman/avatar/hair/101560514.equ	[hair avatar]	45	3
equipment/character/swordman/avatar/hair/101560515.equ	[hair avatar]	51	0
equipment/character/swordman/avatar/hair/101560516.equ	[hair avatar]	51	1
equipment/character/swordman/avatar/hair/101560517.equ	[hair avatar]	51	2
equipment/character/swordman/avatar/hair/101560518.equ	[hair avatar]	51	3
equipment/character/swordman/avatar/hair/101560519.equ	[hair avatar]	52	0
equipment/character/swordman/avatar/hair/101560520.equ	[hair avatar]	52	1
equipment/character/swordman/avatar/hair/101560521.equ	[hair avatar]	57	0
equipment/character/swordman/avatar/hair/101560522.equ	[hair avatar]	59	1
equipment/character/swordman/avatar/hair/101560523.equ	[hair avatar]	59	3
equipment/character/swordman/avatar/hair/101560524.equ	[hair avatar]	65	0
equipment/character/swordman/avatar/hair/101560525.equ	[hair avatar]	65	1
equipment/character/swordman/avatar/hair/101560526.equ	[hair avatar]	69	0
equipment/character/swordman/avatar/hair/101560527.equ	[hair avatar]	69	1
equipment/character/swordman/avatar/hair/101560528.equ	[hair avatar]	69	2
equipment/character/swordman/avatar/hair/101560529.equ	[hair avatar]	69	3
equipment/character/swordman/avatar/hair/101560530.equ	[hair avatar]	79	0
equipment/character/swordman/avatar/hair/101560531.equ	[hair avatar]	91	2
equipment/character/swordman/avatar/hair/101560532.equ	[hair avatar]	91	3
equipment/character/swordman/avatar/hair/101560533.equ	[hair avatar]	94	0
equipment/character/swordman/avatar/hair/101560534.equ	[hair avatar]	94	1
equipment/character/swordman/avatar/hair/101560535.equ	[hair avatar]	94	2
equipment/character/swordman/avatar/hair/101560536.equ	[hair avatar]	94	3
equipment/character/swordman/avatar/hair/101560537.equ	[hair avatar]	96	0
equipment/character/swordman/avatar/hair/101560538.equ	[hair avatar]	96	1
equipment/character/swordman/avatar/hair/101560539.equ	[hair avatar]	96	2
equipment/character/swordman/avatar/hair/101560540.equ	[hair avatar]	96	3
equipment/character/swordman/avatar/hair/101560541.equ	[hair avatar]	
equipment/character/swordman/avatar/hair/101560542.equ	[hair avatar]	1	0
equipment/character/swordman/avatar/hair/101560543.equ	[hair avatar]	3	0
equipment/character/swordman/avatar/hair/101560544.equ	[hair avatar]	6	0
equipment/character/swordman/avatar/hair/101560545.equ	[hair avatar]	7	0
equipment/character/swordman/avatar/hair/101560546.equ	[hair avatar]	8	0
equipment/character/swordman/avatar/hair/101560547.equ	[hair avatar]	9	0
equipment/character/swordman/avatar/hair/101560548.equ	[hair avatar]	10	0
equipment/character/swordman/avatar/hair/101560549.equ	[hair avatar]	1	1
equipment/character/swordman/avatar/hair/101560550.equ	[hair avatar]	1	2
equipment/character/swordman/avatar/hair/101560551.equ	[hair avatar]	1	3
equipment/character/swordman/avatar/hair/101560552.equ	[hair avatar]	2	1
equipment/character/swordman/avatar/hair/101560553.equ	[hair avatar]	2	2
equipment/character/swordman/avatar/hair/101560554.equ	[hair avatar]	2	3
equipment/character/swordman/avatar/hair/101560555.equ	[hair avatar]	3	1
equipment/character/swordman/avatar/hair/101560556.equ	[hair avatar]	4	3
equipment/character/swordman/avatar/hair/101560557.equ	[hair avatar]	5	1
equipment/character/swordman/avatar/hair/101560558.equ	[hair avatar]	6	3
equipment/character/swordman/avatar/hair/101560559.equ	[hair avatar]	7	1
equipment/character/swordman/avatar/hair/101560560.equ	[hair avatar]	7	2
equipment/character/swordman/avatar/hair/101560561.equ	[hair avatar]	7	3
equipment/character/swordman/avatar/hair/101560562.equ	[hair avatar]	8	1
equipment/character/swordman/avatar/hair/101560563.equ	[hair avatar]	8	3
equipment/character/swordman/avatar/hair/101560564.equ	[hair avatar]	9	1
equipment/character/swordman/avatar/hair/101560565.equ	[hair avatar]	9	2
equipment/character/swordman/avatar/hair/101560566.equ	[hair avatar]	9	3
equipment/character/swordman/avatar/hair/101560567.equ	[hair avatar]	12	3
equipment/character/swordman/avatar/hair/101560568.equ	[hair avatar]	17	0
equipment/character/swordman/avatar/hair/101560569.equ	[hair avatar]	17	1
equipment/character/swordman/avatar/hair/101560570.equ	[hair avatar]	17	2
equipment/character/swordman/avatar/hair/101560571.equ	[hair avatar]	17	3
equipment/character/swordman/avatar/hair/101560572.equ	[hair avatar]	14	0
equipment/character/swordman/avatar/hair/101560573.equ	[hair avatar]	14	1
equipment/character/swordman/avatar/hair/101560574.equ	[hair avatar]	14	2
equipment/character/swordman/avatar/hair/101560575.equ	[hair avatar]	14	3
equipment/character/swordman/avatar/hair/101560576.equ	[hair avatar]	16	0
equipment/character/swordman/avatar/hair/101560577.equ	[hair avatar]	106	0
equipment/character/swordman/avatar/hair/101560578.equ	[hair avatar]	106	1
equipment/character/swordman/avatar/hair/101560579.equ	[hair avatar]	106	2
equipment/character/swordman/avatar/hair/101560594.equ	[hair avatar]	109	0
equipment/character/swordman/avatar/hair/101560595.equ	[hair avatar]	109	1
equipment/character/swordman/avatar/hair/101560596.equ	[hair avatar]	109	2
equipment/character/swordman/avatar/hair/101560597.equ	[hair avatar]	109	3
equipment/character/swordman/avatar/hair/101560598.equ	[hair avatar]	109	0
equipment/character/swordman/avatar/hair/101560599.equ	[hair avatar]	109	1
equipment/character/swordman/avatar/hair/101560600.equ	[hair avatar]	109	2
equipment/character/swordman/avatar/hair/101560601.equ	[hair avatar]	109	3
equipment/character/swordman/avatar/hair/101560602.equ	[hair avatar]	121	0
equipment/character/swordman/avatar/hair/101560603.equ	[hair avatar]	122	0
equipment/character/swordman/avatar/hair/101560604.equ	[hair avatar]	123	0
equipment/character/swordman/avatar/hair/101560605.equ	[hair avatar]	124	0
equipment/character/swordman/avatar/hair/101560606.equ	[hair avatar]	121	0
equipment/character/swordman/avatar/hair/101560607.equ	[hair avatar]	122	0
equipment/character/swordman/avatar/hair/101560608.equ	[hair avatar]	123	0
equipment/character/swordman/avatar/hair/101560609.equ	[hair avatar]	124	0
equipment/character/swordman/avatar/hair/101560618.equ	[hair avatar]	105	0
equipment/character/swordman/avatar/hair/101560619.equ	[hair avatar]	105	1
equipment/character/swordman/avatar/hair/101560620.equ	[hair avatar]	118	0
equipment/character/swordman/avatar/hair/101560621.equ	[hair avatar]	118	1
equipment/character/swordman/avatar/hair/101560622.equ	[hair avatar]	118	2
equipment/character/swordman/avatar/hair/101560623.equ	[hair avatar]	118	3
equipment/character/swordman/avatar/hair/101560624.equ	[hair avatar]	118	0
equipment/character/swordman/avatar/hair/101560625.equ	[hair avatar]	118	1
equipment/character/swordman/avatar/hair/101560626.equ	[hair avatar]	118	2
equipment/character/swordman/avatar/hair/101560627.equ	[hair avatar]	118	3
equipment/character/swordman/avatar/hair/101560629.equ	[hair avatar]	53	0
equipment/character/swordman/avatar/hair/101560630.equ	[hair avatar]	53	0
equipment/character/swordman/avatar/hair/101560631.equ	[hair avatar]	53	0
equipment/character/swordman/avatar/hair/101560632.equ	[hair avatar]	53	0
equipment/character/swordman/avatar/hair/101560633.equ	[hair avatar]	53	0
equipment/character/swordman/avatar/hair/101560634.equ	[hair avatar]	53	0
equipment/character/swordman/avatar/hair/101560635.equ	[hair avatar]	53	0
equipment/character/swordman/avatar/hair/101560636.equ	[hair avatar]	53	0
equipment/character/swordman/avatar/hair/101560637.equ	[hair avatar]	53	0
equipment/character/swordman/avatar/hair/101560638.equ	[hair avatar]	53	0
equipment/character/swordman/avatar/hair/101560639.equ	[hair avatar]	53	0
equipment/character/swordman/avatar/hair/101560640.equ	[hair avatar]	53	0
equipment/character/swordman/avatar/hair/101560641.equ	[hair avatar]	53	0
equipment/character/swordman/avatar/hair/101560642.equ	[hair avatar]	53	0
equipment/character/swordman/avatar/hair/101560643.equ	[hair avatar]	53	0
equipment/character/swordman/avatar/hair/101561697.equ	[hair avatar]	55	2
equipment/character/swordman/avatar/hair/101561748.equ	[hair avatar]	176	0
equipment/character/swordman/avatar/hair/101561749.equ	[hair avatar]	176	1
equipment/character/swordman/avatar/hair/101561750.equ	[hair avatar]	176	2
equipment/character/swordman/avatar/hair/101561751.equ	[hair avatar]	176	3
equipment/character/swordman/avatar/hair/101561836.equ	[hair avatar]	200	0
equipment/character/swordman/avatar/hair/101561840.equ	[hair avatar]	201	0
equipment/character/swordman/avatar/hair/101561844.equ	[hair avatar]	202	0
equipment/character/swordman/avatar/hair/101561848.equ	[hair avatar]	203	0
equipment/character/swordman/avatar/hair/601560000.equ	[hair avatar]	78	2
equipment/character/swordman/avatar/hair/601560001.equ	[hair avatar]	78	3
equipment/character/swordman/avatar/hair/601560002.equ	[hair avatar]	1	0
equipment/character/swordman/avatar/hair/601560003.equ	[hair avatar]	1	1
equipment/character/swordman/avatar/hair/601560004.equ	[hair avatar]	1	2
equipment/character/swordman/avatar/hair/601560005.equ	[hair avatar]	1	3
equipment/character/swordman/avatar/hair/601560006.equ	[hair avatar]	2	0
equipment/character/swordman/avatar/hair/601560007.equ	[hair avatar]	2	1
equipment/character/swordman/avatar/hair/601560008.equ	[hair avatar]	2	2
equipment/character/swordman/avatar/hair/601560009.equ	[hair avatar]	87	0
equipment/character/swordman/avatar/hair/601560010.equ	[hair avatar]	87	3
equipment/character/swordman/avatar/hair/601560011.equ	[hair avatar]	83	0
equipment/character/swordman/avatar/hair/601560012.equ	[hair avatar]	83	1
equipment/character/swordman/avatar/hair/601560013.equ	[hair avatar]	83	2
equipment/character/swordman/avatar/hair/601560014.equ	[hair avatar]	83	3
equipment/character/swordman/avatar/hair/601560016.equ	[hair avatar]	95	0
equipment/character/swordman/avatar/hair/601560017.equ	[hair avatar]	79	0
equipment/character/swordman/avatar/hair/601560018.equ	[hair avatar]	79	1
equipment/character/swordman/avatar/hair/601560019.equ	[hair avatar]	79	2
equipment/character/swordman/avatar/hair/601560020.equ	[hair avatar]	79	3
equipment/character/swordman/avatar/hair/601560021.equ	[hair avatar]	87	1
equipment/character/swordman/avatar/hair/601560022.equ	[hair avatar]	87	2
equipment/character/swordman/avatar/hair/601560023.equ	[hair avatar]	108	0
equipment/character/swordman/avatar/hair/601560024.equ	[hair avatar]	108	1
equipment/character/swordman/avatar/hair/601560025.equ	[hair avatar]	108	2
equipment/character/swordman/avatar/hair/601560026.equ	[hair avatar]	108	3
equipment/character/swordman/avatar/hair/601560027.equ	[hair avatar]	55	3
equipment/character/swordman/avatar/hair/601560028.equ	[hair avatar]	106	0
equipment/character/swordman/avatar/hair/601560029.equ	[hair avatar]	106	1
equipment/character/swordman/avatar/hair/601560030.equ	[hair avatar]	106	2
equipment/character/swordman/avatar/hair/601560031.equ	[hair avatar]	90	0
equipment/character/swordman/avatar/hair/601560032.equ	[hair avatar]	90	1
equipment/character/swordman/avatar/hair/601560033.equ	[hair avatar]	90	2
equipment/character/swordman/avatar/hair/601560034.equ	[hair avatar]	90	3
equipment/character/swordman/avatar/hair/601560035.equ	[hair avatar]	98	0
equipment/character/swordman/avatar/hair/601560036.equ	[hair avatar]	98	1
equipment/character/swordman/avatar/hair/601560037.equ	[hair avatar]	98	2
equipment/character/swordman/avatar/hair/601560038.equ	[hair avatar]	99	0
equipment/character/swordman/avatar/hair/601560039.equ	[hair avatar]	99	1
equipment/character/swordman/avatar/hair/601560040.equ	[hair avatar]	99	2
equipment/character/swordman/avatar/hair/601560041.equ	[hair avatar]	61	1
equipment/character/swordman/avatar/hair/601560042.equ	[hair avatar]	69	0
equipment/character/swordman/avatar/hair/601560043.equ	[hair avatar]	69	1
equipment/character/swordman/avatar/hair/601560044.equ	[hair avatar]	69	2
equipment/character/swordman/avatar/hair/601560045.equ	[hair avatar]	69	3
equipment/character/swordman/avatar/hair/601560046.equ	[hair avatar]	121	0
equipment/character/swordman/avatar/hair/601560047.equ	[hair avatar]	115	0
equipment/character/swordman/avatar/hair/601560048.equ	[hair avatar]	115	1
equipment/character/swordman/avatar/hair/601560049.equ	[hair avatar]	115	2
equipment/character/swordman/avatar/hair/601560050.equ	[hair avatar]	55	0
equipment/character/swordman/avatar/hair/601560051.equ	[hair avatar]	101	0
equipment/character/swordman/avatar/hair/601560052.equ	[hair avatar]	101	1
equipment/character/swordman/avatar/hair/601560053.equ	[hair avatar]	78	2
equipment/character/swordman/avatar/hair/601560054.equ	[hair avatar]	1	0
equipment/character/swordman/avatar/hair/601560055.equ	[hair avatar]	2	0
equipment/character/swordman/avatar/hair/601560056.equ	[hair avatar]	111	0
equipment/character/swordman/avatar/hair/601560057.equ	[hair avatar]	111	1
equipment/character/swordman/avatar/hair/601560058.equ	[hair avatar]	111	2
equipment/character/swordman/avatar/hair/601560059.equ	[hair avatar]	111	3
equipment/character/swordman/avatar/hair/601560060.equ	[hair avatar]	131	0
equipment/character/swordman/avatar/hair/601560061.equ	[hair avatar]	131	1
equipment/character/swordman/avatar/hair/601560062.equ	[hair avatar]	131	2
equipment/character/swordman/avatar/hair/601560063.equ	[hair avatar]	131	3
equipment/character/swordman/avatar/hair/601560064.equ	[hair avatar]	86	1
equipment/character/swordman/avatar/hair/601560065.equ	[hair avatar]	
equipment/character/swordman/avatar/hair/601560066.equ	[hair avatar]	129	0
equipment/character/swordman/avatar/hair/601560067.equ	[hair avatar]	129	1
equipment/character/swordman/avatar/hair/601560068.equ	[hair avatar]	127	0
equipment/character/swordman/avatar/hair/601560069.equ	[hair avatar]	127	1
equipment/character/swordman/avatar/hair/601560070.equ	[hair avatar]	127	2
equipment/character/swordman/avatar/hair/601560071.equ	[hair avatar]	127	3
equipment/character/swordman/avatar/hair/601560072.equ	[hair avatar]	127	4
equipment/character/swordman/avatar/hair/601560073.equ	[hair avatar]	127	5
equipment/character/swordman/avatar/hair/601560077.equ	[hair avatar]	133	0
equipment/character/swordman/avatar/hair/601560078.equ	[hair avatar]	133	1
equipment/character/swordman/avatar/hair/601560079.equ	[hair avatar]	133	2
equipment/character/swordman/avatar/hair/601560080.equ	[hair avatar]	133	3
equipment/character/swordman/avatar/hair/601560089.equ	[hair avatar]	132	0
equipment/character/swordman/avatar/hair/601560092.equ	[hair avatar]	142	0
equipment/character/swordman/avatar/hair/601560093.equ	[hair avatar]	142	1
equipment/character/swordman/avatar/hair/601560094.equ	[hair avatar]	134	0
equipment/character/swordman/avatar/hair/601560095.equ	[hair avatar]	135	0
equipment/character/swordman/avatar/hair/601560133.equ	[hair avatar]	
equipment/character/swordman/avatar/hair/601561040.equ	[hair avatar]	169	0
equipment/character/swordman/avatar/hair/601561041.equ	[hair avatar]	169	1
equipment/character/swordman/avatar/hair/601561042.equ	[hair avatar]	169	2
equipment/character/swordman/avatar/hair/601561043.equ	[hair avatar]	169	3
equipment/character/swordman/avatar/hair/601561044.equ	[hair avatar]	176	0
equipment/character/swordman/avatar/hair/601561045.equ	[hair avatar]	176	1
equipment/character/swordman/avatar/hair/601561046.equ	[hair avatar]	176	2
equipment/character/swordman/avatar/hair/601561047.equ	[hair avatar]	176	3
equipment/character/swordman/avatar/hair/601561048.equ	[hair avatar]	179	0
equipment/character/swordman/avatar/hair/601561049.equ	[hair avatar]	179	1
equipment/character/swordman/avatar/hair/601561050.equ	[hair avatar]	179	2
equipment/character/swordman/avatar/hair/601561051.equ	[hair avatar]	179	3
equipment/character/swordman/avatar/hair/601561052.equ	[hair avatar]	167	0
equipment/character/swordman/avatar/hair/601561053.equ	[hair avatar]	167	1
equipment/character/swordman/avatar/hair/601561054.equ	[hair avatar]	167	2
equipment/character/swordman/avatar/hair/601561055.equ	[hair avatar]	167	3
equipment/character/swordman/avatar/hair/601561059.equ	[hair avatar]	149	0
equipment/character/swordman/avatar/hair/601561060.equ	[hair avatar]	149	1
equipment/character/swordman/avatar/hair/601561061.equ	[hair avatar]	149	2
equipment/character/swordman/avatar/hair/601561062.equ	[hair avatar]	149	3
equipment/character/swordman/avatar/hair/acut_azlongwolf.equ	[hair avatar]	31	1
equipment/character/swordman/avatar/hair/acut_bkwoolf.equ	[hair avatar]	16	0
equipment/character/swordman/avatar/hair/acut_gllongwolf.equ	[hair avatar]	31	2
equipment/character/swordman/avatar/hair/acut_grwoolf.equ	[hair avatar]	16	3
equipment/character/swordman/avatar/hair/acut_ppwoolf.equ	[hair avatar]	16	2
equipment/character/swordman/avatar/hair/acut_rdlongwolf.equ	[hair avatar]	31	0
equipment/character/swordman/avatar/hair/acut_rdwoolf.equ	[hair avatar]	16	1
equipment/character/swordman/avatar/hair/acut_vllongwolf.equ	[hair avatar]	31	3
equipment/character/swordman/avatar/hair/ahair_39594.equ	[hair avatar]	54	0
equipment/character/swordman/avatar/hair/ahair_39595.equ	[hair avatar]	54	1
equipment/character/swordman/avatar/hair/ahair_39596.equ	[hair avatar]	54	2
equipment/character/swordman/avatar/hair/ahair_39597.equ	[hair avatar]	54	3
equipment/character/swordman/avatar/hair/ahair_39598.equ	[hair avatar]	55	0
equipment/character/swordman/avatar/hair/ahair_39599.equ	[hair avatar]	55	1
equipment/character/swordman/avatar/hair/ahair_39600.equ	[hair avatar]	7	0
equipment/character/swordman/avatar/hair/ahair_39601.equ	[hair avatar]	56	0
equipment/character/swordman/avatar/hair/ahair_39602.equ	[hair avatar]	56	1
equipment/character/swordman/avatar/hair/ahair_39603.equ	[hair avatar]	1	0
equipment/character/swordman/avatar/hair/ahair_39604.equ	[hair avatar]	34	0
equipment/character/swordman/avatar/hair/ahair_39605.equ	[hair avatar]	47	0
equipment/character/swordman/avatar/hair/ahair_39606.equ	[hair avatar]	48	0
equipment/character/swordman/avatar/hair/ahair_39607.equ	[hair avatar]	49	0
equipment/character/swordman/avatar/hair/ahair_39608.equ	[hair avatar]	50	0
equipment/character/swordman/avatar/hair/ahair_39609.equ	[hair avatar]	57	0
equipment/character/swordman/avatar/hair/ahair_39610.equ	[hair avatar]	57	1
equipment/character/swordman/avatar/hair/ahair_39611.equ	[hair avatar]	57	2
equipment/character/swordman/avatar/hair/ahair_39612.equ	[hair avatar]	57	3
equipment/character/swordman/avatar/hair/ahair_39613.equ	[hair avatar]	58	0
equipment/character/swordman/avatar/hair/ahair_39614.equ	[hair avatar]	58	1
equipment/character/swordman/avatar/hair/ahair_39615.equ	[hair avatar]	58	2
equipment/character/swordman/avatar/hair/ahair_39616.equ	[hair avatar]	58	3
equipment/character/swordman/avatar/hair/ahair_39617.equ	[hair avatar]	61	0
equipment/character/swordman/avatar/hair/ahair_39618.equ	[hair avatar]	61	1
equipment/character/swordman/avatar/hair/ahair_39619.equ	[hair avatar]	59	0
equipment/character/swordman/avatar/hair/ahair_39620.equ	[hair avatar]	59	1
equipment/character/swordman/avatar/hair/ahair_39621.equ	[hair avatar]	59	2
equipment/character/swordman/avatar/hair/ahair_39622.equ	[hair avatar]	59	3
equipment/character/swordman/avatar/hair/ahair_39623.equ	[hair avatar]	34	0
equipment/character/swordman/avatar/hair/ahair_39624.equ	[hair avatar]	64	0
equipment/character/swordman/avatar/hair/ahair_39625.equ	[hair avatar]	64	1
equipment/character/swordman/avatar/hair/ahair_39626.equ	[hair avatar]	64	2
equipment/character/swordman/avatar/hair/ahair_39627.equ	[hair avatar]	64	3
equipment/character/swordman/avatar/hair/ahair_39628.equ	[hair avatar]	65	0
equipment/character/swordman/avatar/hair/ahair_39629.equ	[hair avatar]	65	1
equipment/character/swordman/avatar/hair/ahair_39630.equ	[hair avatar]	65	2
equipment/character/swordman/avatar/hair/ahair_39631.equ	[hair avatar]	65	3
equipment/character/swordman/avatar/hair/ahair_39632.equ	[hair avatar]	34	0
equipment/character/swordman/avatar/hair/ahair_39633.equ	[hair avatar]	67	0
equipment/character/swordman/avatar/hair/ahair_39634.equ	[hair avatar]	67	1
equipment/character/swordman/avatar/hair/ahair_39635.equ	[hair avatar]	67	2
equipment/character/swordman/avatar/hair/ahair_39636.equ	[hair avatar]	68	0
equipment/character/swordman/avatar/hair/ahair_39637.equ	[hair avatar]	68	1
equipment/character/swordman/avatar/hair/ahair_39638.equ	[hair avatar]	68	2
equipment/character/swordman/avatar/hair/ahair_39639.equ	[hair avatar]	68	3
equipment/character/swordman/avatar/hair/ahair_39640.equ	[hair avatar]	71	0
equipment/character/swordman/avatar/hair/ahair_39641.equ	[hair avatar]	71	1
equipment/character/swordman/avatar/hair/ahair_39642.equ	[hair avatar]	70	0
equipment/character/swordman/avatar/hair/ahair_39643.equ	[hair avatar]	70	1
equipment/character/swordman/avatar/hair/ahair_39644.equ	[hair avatar]	76	0
equipment/character/swordman/avatar/hair/ahair_39645.equ	[hair avatar]	74	0
equipment/character/swordman/avatar/hair/ahair_39646.equ	[hair avatar]	74	1
equipment/character/swordman/avatar/hair/ahair_39647.equ	[hair avatar]	74	2
equipment/character/swordman/avatar/hair/ahair_39648.equ	[hair avatar]	74	3
equipment/character/swordman/avatar/hair/ahair_39649.equ	[hair avatar]	80	0
equipment/character/swordman/avatar/hair/ahair_39650.equ	[hair avatar]	80	1
equipment/character/swordman/avatar/hair/ahair_39651.equ	[hair avatar]	81	1
equipment/character/swordman/avatar/hair/ahair_39656.equ	[hair avatar]	85	0
equipment/character/swordman/avatar/hair/ahair_39657.equ	[hair avatar]	85	1
equipment/character/swordman/avatar/hair/ahair_39658.equ	[hair avatar]	85	2
equipment/character/swordman/avatar/hair/ahair_39659.equ	[hair avatar]	85	3
equipment/character/swordman/avatar/hair/ahair_39660.equ	[hair avatar]	69	0
equipment/character/swordman/avatar/hair/ahair_39661.equ	[hair avatar]	69	1
equipment/character/swordman/avatar/hair/ahair_39662.equ	[hair avatar]	69	2
equipment/character/swordman/avatar/hair/ahair_39663.equ	[hair avatar]	69	3
equipment/character/swordman/avatar/hair/ahair_39664.equ	[hair avatar]	86	0
equipment/character/swordman/avatar/hair/ahair_39665.equ	[hair avatar]	86	1
equipment/character/swordman/avatar/hair/ahair_39666.equ	[hair avatar]	72	0
equipment/character/swordman/avatar/hair/ahair_39667.equ	[hair avatar]	72	1
equipment/character/swordman/avatar/hair/ahair_39668.equ	[hair avatar]	72	2
equipment/character/swordman/avatar/hair/ahair_39669.equ	[hair avatar]	72	3
equipment/character/swordman/avatar/hair/ahair_39670.equ	[hair avatar]	89	0
equipment/character/swordman/avatar/hair/ahair_39671.equ	[hair avatar]	89	1
equipment/character/swordman/avatar/hair/ahair_39672.equ	[hair avatar]	87	0
equipment/character/swordman/avatar/hair/ahair_39673.equ	[hair avatar]	87	1
equipment/character/swordman/avatar/hair/ahair_39674.equ	[hair avatar]	87	2
equipment/character/swordman/avatar/hair/ahair_39675.equ	[hair avatar]	87	3
equipment/character/swordman/avatar/hair/ahair_39676.equ	[hair avatar]	95	0
equipment/character/swordman/avatar/hair/ahair_39677.equ	[hair avatar]	95	1
equipment/character/swordman/avatar/hair/ahair_39678.equ	[hair avatar]	95	2
equipment/character/swordman/avatar/hair/ahair_39679.equ	[hair avatar]	95	3
equipment/character/swordman/avatar/hair/ahair_39686.equ	[hair avatar]	100	0
equipment/character/swordman/avatar/hair/ahair_39687.equ	[hair avatar]	100	1
equipment/character/swordman/avatar/hair/ahair_39688.equ	[hair avatar]	100	2
equipment/character/swordman/avatar/hair/ahair_39697.equ	[hair avatar]	51	1
equipment/character/swordman/avatar/hair/ahair_39698.equ	[hair avatar]	91	0
equipment/character/swordman/avatar/hair/ahair_39699.equ	[hair avatar]	91	1
equipment/character/swordman/avatar/hair/ahair_39700.equ	[hair avatar]	91	2
equipment/character/swordman/avatar/hair/ahair_39701.equ	[hair avatar]	91	3
equipment/character/swordman/avatar/hair/ahair_39702.equ	[hair avatar]	94	0
equipment/character/swordman/avatar/hair/ahair_39703.equ	[hair avatar]	94	1
equipment/character/swordman/avatar/hair/ahair_39704.equ	[hair avatar]	94	2
equipment/character/swordman/avatar/hair/ahair_39705.equ	[hair avatar]	94	3
equipment/character/swordman/avatar/hair/ahair_39706.equ	[hair avatar]	96	0
equipment/character/swordman/avatar/hair/ahair_39707.equ	[hair avatar]	96	1
equipment/character/swordman/avatar/hair/ahair_39708.equ	[hair avatar]	96	2
equipment/character/swordman/avatar/hair/ahair_39709.equ	[hair avatar]	96	3
equipment/character/swordman/avatar/hair/ahair_39714.equ	[hair avatar]	105	2
equipment/character/swordman/avatar/hair/ahair_afro.equ	[hair avatar]	4	0
equipment/character/swordman/avatar/hair/ahair_aganzo.equ	[hair avatar]	50	0
equipment/character/swordman/avatar/hair/ahair_azstsports.equ	[hair avatar]	26	1
equipment/character/swordman/avatar/hair/ahair_band.equ	[hair avatar]	6	0
equipment/character/swordman/avatar/hair/ahair_band2.equ	[hair avatar]	6	0
equipment/character/swordman/avatar/hair/ahair_bkbatural.equ	[hair avatar]	21	3
equipment/character/swordman/avatar/hair/ahair_bkbulgewolfcut.equ	[hair avatar]	38	1
equipment/character/swordman/avatar/hair/ahair_bkdisheveled.equ	[hair avatar]	36	1
equipment/character/swordman/avatar/hair/ahair_bkhedgehog.equ	[hair avatar]	17	0
equipment/character/swordman/avatar/hair/ahair_bkhobgoblin.equ	[hair avatar]	25	3
equipment/character/swordman/avatar/hair/ahair_bklong.equ	[hair avatar]	29	0
equipment/character/swordman/avatar/hair/ahair_bkmane.equ	[hair avatar]	41	2
equipment/character/swordman/avatar/hair/ahair_bkrionmane.equ	[hair avatar]	51	0
equipment/character/swordman/avatar/hair/ahair_bkshort.equ	[hair avatar]	20	1
equipment/character/swordman/avatar/hair/ahair_bkvlhangstraight.equ	[hair avatar]	35	1
equipment/character/swordman/avatar/hair/ahair_blastray.equ	[hair avatar]	32	0
equipment/character/swordman/avatar/hair/ahair_blband.equ	[hair avatar]	6	1
equipment/character/swordman/avatar/hair/ahair_blbulgewolfcut.equ	[hair avatar]	38	2
equipment/character/swordman/avatar/hair/ahair_blgyscratch.equ	[hair avatar]	28	2
equipment/character/swordman/avatar/hair/ahair_blhedgehog.equ	[hair avatar]	17	1
equipment/character/swordman/avatar/hair/ahair_blhobgoblin.equ	[hair avatar]	25	1
equipment/character/swordman/avatar/hair/ahair_bllong.equ	[hair avatar]	29	1
equipment/character/swordman/avatar/hair/ahair_blponytail.equ	[hair avatar]	2	2
equipment/character/swordman/avatar/hair/ahair_blseagimlet.equ	[hair avatar]	11	2
equipment/character/swordman/avatar/hair/ahair_blshort.equ	[hair avatar]	20	2
equipment/character/swordman/avatar/hair/ahair_bltied.equ	[hair avatar]	13	2
equipment/character/swordman/avatar/hair/ahair_bltied2.equ	[hair avatar]	13	2
equipment/character/swordman/avatar/hair/ahair_blwindy.equ	[hair avatar]	12	1
equipment/character/swordman/avatar/hair/ahair_blwindy2.equ	[hair avatar]	52	0
equipment/character/swordman/avatar/hair/ahair_brgrbatural.equ	[hair avatar]	21	0
equipment/character/swordman/avatar/hair/ahair_brgrmodern.equ	[hair avatar]	15	3
equipment/character/swordman/avatar/hair/ahair_brgrmodern2.equ	[hair avatar]	15	3
equipment/character/swordman/avatar/hair/ahair_brhangstraight.equ	[hair avatar]	35	2
equipment/character/swordman/avatar/hair/ahair_brlong.equ	[hair avatar]	29	3
equipment/character/swordman/avatar/hair/ahair_brmoogak.equ	[hair avatar]	44	1
equipment/character/swordman/avatar/hair/ahair_brreggae.equ	[hair avatar]	7	3
equipment/character/swordman/avatar/hair/ahair_brtied.equ	[hair avatar]	13	3
equipment/character/swordman/avatar/hair/ahair_brtied2.equ	[hair avatar]	13	3
equipment/character/swordman/avatar/hair/ahair_brwindy.equ	[hair avatar]	52	3
equipment/character/swordman/avatar/hair/ahair_charmgafro.equ	[hair avatar]	4	1
equipment/character/swordman/avatar/hair/ahair_clonesw.equ	[hair avatar]	
equipment/character/swordman/avatar/hair/ahair_coldshort.equ	[hair avatar]	9	3
equipment/character/swordman/avatar/hair/ahair_coolsports.equ	[hair avatar]	1	2
equipment/character/swordman/avatar/hair/ahair_cut.equ	[hair avatar]	3	0
equipment/character/swordman/avatar/hair/ahair_dblcut.equ	[hair avatar]	3	3
equipment/character/swordman/avatar/hair/ahair_dblreggae.equ	[hair avatar]	7	2
equipment/character/swordman/avatar/hair/ahair_dbrreggae.equ	[hair avatar]	7	1
equipment/character/swordman/avatar/hair/ahair_default.equ	[hair avatar]	0	0
equipment/character/swordman/avatar/hair/ahair_dgrcut.equ	[hair avatar]	3	2
equipment/character/swordman/avatar/hair/ahair_dgtail.equ	[hair avatar]	5	3
equipment/character/swordman/avatar/hair/ahair_dkbrdisheveled.equ	[hair avatar]	36	0
equipment/character/swordman/avatar/hair/ahair_dkgyscratch.equ	[hair avatar]	28	0
equipment/character/swordman/avatar/hair/ahair_dreamafro.equ	[hair avatar]	4	3
equipment/character/swordman/avatar/hair/ahair_dredcut.equ	[hair avatar]	3	1
equipment/character/swordman/avatar/hair/ahair_fragrantshort.equ	[hair avatar]	9	2
equipment/character/swordman/avatar/hair/ahair_fronthiding.equ	[hair avatar]	8	0
equipment/character/swordman/avatar/hair/ahair_gdrionmane.equ	[hair avatar]	51	1
equipment/character/swordman/avatar/hair/ahair_gdsports.equ	[hair avatar]	1	1
equipment/character/swordman/avatar/hair/ahair_ggreen.equ	[hair avatar]	0	1
equipment/character/swordman/avatar/hair/ahair_gimlet.equ	[hair avatar]	11	0
equipment/character/swordman/avatar/hair/ahair_glmane.equ	[hair avatar]	41	3
equipment/character/swordman/avatar/hair/ahair_gpp.equ	[hair avatar]	0	2
equipment/character/swordman/avatar/hair/ahair_gray.equ	[hair avatar]	0	3
equipment/character/swordman/avatar/hair/ahair_grgrassgimlet.equ	[hair avatar]	11	3
equipment/character/swordman/avatar/hair/ahair_grhedgehog.equ	[hair avatar]	17	2
equipment/character/swordman/avatar/hair/ahair_grmodern.equ	[hair avatar]	15	0
equipment/character/swordman/avatar/hair/ahair_grmodern2.equ	[hair avatar]	15	0
equipment/character/swordman/avatar/hair/ahair_grtail.equ	[hair avatar]	5	1
equipment/character/swordman/avatar/hair/ahair_grtied.equ	[hair avatar]	13	0
equipment/character/swordman/avatar/hair/ahair_grtied2.equ	[hair avatar]	13	0
equipment/character/swordman/avatar/hair/ahair_gstsports.equ	[hair avatar]	26	2
equipment/character/swordman/avatar/hair/ahair_gyhangstraight.equ	[hair avatar]	35	0
equipment/character/swordman/avatar/hair/ahair_gyshort.equ	[hair avatar]	20	0
equipment/character/swordman/avatar/hair/ahair_hopeafro.equ	[hair avatar]	4	2
equipment/character/swordman/avatar/hair/ahair_lblfronthiding.equ	[hair avatar]	8	2
equipment/character/swordman/avatar/hair/ahair_lblspitcurl.equ	[hair avatar]	10	3
equipment/character/swordman/avatar/hair/ahair_lgrfronthiding.equ	[hair avatar]	8	3
equipment/character/swordman/avatar/hair/ahair_lgrspitcurl.equ	[hair avatar]	10	1
equipment/character/swordman/avatar/hair/ahair_librastray.equ	[hair avatar]	32	3
equipment/character/swordman/avatar/hair/ahair_lppfronthiding.equ	[hair avatar]	8	1
equipment/character/swordman/avatar/hair/ahair_lppspitcurl.equ	[hair avatar]	10	2
equipment/character/swordman/avatar/hair/ahair_ltbrdisheveled.equ	[hair avatar]	36	2
equipment/character/swordman/avatar/hair/ahair_mtgrbatural.equ	[hair avatar]	21	1
equipment/character/swordman/avatar/hair/ahair_mysports.equ	[hair avatar]	1	3
equipment/character/swordman/avatar/hair/ahair_nobleglwave.equ	[hair avatar]	39	0
equipment/character/swordman/avatar/hair/ahair_olivewindy.equ	[hair avatar]	12	3
equipment/character/swordman/avatar/hair/ahair_orgimlet.equ	[hair avatar]	11	1
equipment/character/swordman/avatar/hair/ahair_palebluest.equ	[hair avatar]	0	4
equipment/character/swordman/avatar/hair/ahair_pkband.equ	[hair avatar]	6	2
equipment/character/swordman/avatar/hair/ahair_ponytail.equ	[hair avatar]	2	0
equipment/character/swordman/avatar/hair/ahair_ppcockscomb.equ	[hair avatar]	24	3
equipment/character/swordman/avatar/hair/ahair_pptied.equ	[hair avatar]	13	1
equipment/character/swordman/avatar/hair/ahair_pptied2.equ	[hair avatar]	13	1
equipment/character/swordman/avatar/hair/ahair_rareclonesw.equ	[hair avatar]	
equipment/character/swordman/avatar/hair/ahair_rdastray.equ	[hair avatar]	32	2
equipment/character/swordman/avatar/hair/ahair_rdband.equ	[hair avatar]	6	3
equipment/character/swordman/avatar/hair/ahair_rdbatural.equ	[hair avatar]	21	2
equipment/character/swordman/avatar/hair/ahair_rdbrmodern.equ	[hair avatar]	15	2
equipment/character/swordman/avatar/hair/ahair_rdbrmodern2.equ	[hair avatar]	15	2
equipment/character/swordman/avatar/hair/ahair_rdbulgewolfcut.equ	[hair avatar]	38	3
equipment/character/swordman/avatar/hair/ahair_rdcockscomb.equ	[hair avatar]	24	1
equipment/character/swordman/avatar/hair/ahair_rddisheveled.equ	[hair avatar]	36	3
equipment/character/swordman/avatar/hair/ahair_rdgmodern.equ	[hair avatar]	15	1
equipment/character/swordman/avatar/hair/ahair_rdgmodern2.equ	[hair avatar]	15	1
equipment/character/swordman/avatar/hair/ahair_rdhedgehog.equ	[hair avatar]	17	3
equipment/character/swordman/avatar/hair/ahair_rdhobgoblin.equ	[hair avatar]	25	0
equipment/character/swordman/avatar/hair/ahair_rdmane.equ	[hair avatar]	41	1
equipment/character/swordman/avatar/hair/ahair_rdrionmane.equ	[hair avatar]	51	2
equipment/character/swordman/avatar/hair/ahair_rdscratch.equ	[hair avatar]	28	1
equipment/character/swordman/avatar/hair/ahair_rdshort.equ	[hair avatar]	20	3
equipment/character/swordman/avatar/hair/ahair_rdsoldier.equ	[hair avatar]	53	1
equipment/character/swordman/avatar/hair/ahair_rdwindy.equ	[hair avatar]	12	2
equipment/character/swordman/avatar/hair/ahair_rdwindy2.equ	[hair avatar]	52	2
equipment/character/swordman/avatar/hair/ahair_reggae.equ	[hair avatar]	7	0
equipment/character/swordman/avatar/hair/ahair_short.equ	[hair avatar]	9	0
equipment/character/swordman/avatar/hair/ahair_silverwindy.equ	[hair avatar]	12	0
equipment/character/swordman/avatar/hair/ahair_slhobgoblin.equ	[hair avatar]	25	2
equipment/character/swordman/avatar/hair/ahair_softshort.equ	[hair avatar]	9	1
equipment/character/swordman/avatar/hair/ahair_spitcurl.equ	[hair avatar]	10	0
equipment/character/swordman/avatar/hair/ahair_sports.equ	[hair avatar]	1	0
equipment/character/swordman/avatar/hair/ahair_svcockscomb.equ	[hair avatar]	24	2
equipment/character/swordman/avatar/hair/ahair_svmane.equ	[hair avatar]	41	0
equipment/character/swordman/avatar/hair/ahair_svmoogak.equ	[hair avatar]	44	0
equipment/character/swordman/avatar/hair/ahair_svrionmane.equ	[hair avatar]	51	3
equipment/character/swordman/avatar/hair/ahair_svsoldier.equ	[hair avatar]	53	0
equipment/character/swordman/avatar/hair/ahair_tail.equ	[hair avatar]	5	0
equipment/character/swordman/avatar/hair/ahair_viastray.equ	[hair avatar]	32	1
equipment/character/swordman/avatar/hair/ahair_viponytail.equ	[hair avatar]	2	3
equipment/character/swordman/avatar/hair/ahair_vllong.equ	[hair avatar]	29	2
equipment/character/swordman/avatar/hair/ahair_wnwindy.equ	[hair avatar]	52	1
equipment/character/swordman/avatar/hair/ahair_wtglbulgewolfcut.equ	[hair avatar]	38	0
equipment/character/swordman/avatar/hair/ahair_wtglhangstraight.equ	[hair avatar]	35	3
equipment/character/swordman/avatar/hair/ahair_wtgyscratch.equ	[hair avatar]	28	3
equipment/character/swordman/avatar/hair/ahair_wtstsports.equ	[hair avatar]	26	0
equipment/character/swordman/avatar/hair/ahair_ylcockscomb.equ	[hair avatar]	24	0
equipment/character/swordman/avatar/hair/ahair_ylponytail.equ	[hair avatar]	2	1
equipment/character/swordman/avatar/hair/ahair_ylstsports.equ	[hair avatar]	26	3
equipment/character/swordman/avatar/hair/ahair_yltail.equ	[hair avatar]	5	2
equipment/character/swordman/avatar/hair/ahead_bald.equ	[hair avatar]	
equipment/character/swordman/avatar/hair/ahead_shaven.equ	[hair avatar]	
equipment/character/swordman/avatar/hair/ahood_bkhwarang.equ	[hair avatar]	27	1
equipment/character/swordman/avatar/hair/ahood_blskullhood.equ	[hair avatar]	23	3
equipment/character/swordman/avatar/hair/ahood_grhwarang.equ	[hair avatar]	27	0
equipment/character/swordman/avatar/hair/ahood_ppskullhood.equ	[hair avatar]	23	1
equipment/character/swordman/avatar/hair/ahood_rdhwarang.equ	[hair avatar]	27	3
equipment/character/swordman/avatar/hair/ahood_rdskullhood.equ	[hair avatar]	23	2
equipment/character/swordman/avatar/hair/ahood_wthwarang.equ	[hair avatar]	27	2
equipment/character/swordman/avatar/hair/ahood_wtskullhood.equ	[hair avatar]	23	0
equipment/character/swordman/avatar/hair/aiahair_shadow.equ	[hair avatar]	17	4
equipment/character/swordman/avatar/hair/along_brblow.equ	[hair avatar]	34	3
equipment/character/swordman/avatar/hair/along_glblow.equ	[hair avatar]	34	1
equipment/character/swordman/avatar/hair/along_rdblow.equ	[hair avatar]	34	2
equipment/character/swordman/avatar/hair/along_svgyblow.equ	[hair avatar]	34	0
equipment/character/swordman/avatar/hair/asgcut_bkthunder.equ	[hair avatar]	45	1
equipment/character/swordman/avatar/hair/asgcut_glthunder.equ	[hair avatar]	45	2
equipment/character/swordman/avatar/hair/asgcut_rdthunder.equ	[hair avatar]	45	0
equipment/character/swordman/avatar/hair/asgcut_slipdownbk.equ	[hair avatar]	43	1
equipment/character/swordman/avatar/hair/asgcut_slipdownbz.equ	[hair avatar]	43	2
equipment/character/swordman/avatar/hair/asgcut_slipdownrd.equ	[hair avatar]	43	0
equipment/character/swordman/avatar/hair/asgcut_slipdownsv.equ	[hair avatar]	43	3
equipment/character/swordman/avatar/hair/asgcut_svthunder.equ	[hair avatar]	45	3
equipment/character/swordman/avatar/hair/ashair_culad.equ	[hair avatar]	42	0
equipment/character/swordman/avatar/hair/ashair_dkknightgrey.equ	[hair avatar]	30	0
equipment/character/swordman/avatar/hair/atail_bkshark.equ	[hair avatar]	14	2
equipment/character/swordman/avatar/hair/atail_blshark.equ	[hair avatar]	14	3
equipment/character/swordman/avatar/hair/atail_gshark.equ	[hair avatar]	14	1
equipment/character/swordman/avatar/hair/atail_orshark.equ	[hair avatar]	14	0
equipment/character/swordman/avatar/hair/atress_black.equ	[hair avatar]	22	3
equipment/character/swordman/avatar/hair/atress_brown.equ	[hair avatar]	22	1
equipment/character/swordman/avatar/hair/atress_gold.equ	[hair avatar]	22	0
equipment/character/swordman/avatar/hair/atress_purple.equ	[hair avatar]	22	2
equipment/character/swordman/avatar/hair/authohair_earthdeva.equ	[hair avatar]	19	0
equipment/character/swordman/avatar/hair/authohair_firedeva.equ	[hair avatar]	19	2
equipment/character/swordman/avatar/hair/authohair_waterdeva.equ	[hair avatar]	19	1
equipment/character/swordman/avatar/hair/authohair_winddeva.equ	[hair avatar]	19	3
equipment/character/swordman/avatar/hair/awcut_bkbleach.equ	[hair avatar]	37	2
equipment/character/swordman/avatar/hair/awcut_brbleach.equ	[hair avatar]	37	0
equipment/character/swordman/avatar/hair/awcut_dkblbleach.equ	[hair avatar]	37	3
equipment/character/swordman/avatar/hair/awcut_glbleach.equ	[hair avatar]	37	1
equipment/character/swordman/avatar/hair/chn_equ_avatar_swordman_hair_101560699.equ	[hair avatar]	131	0
equipment/character/swordman/avatar/hair/chn_equ_avatar_swordman_hair_101560700.equ	[hair avatar]	131	1
equipment/character/swordman/avatar/hair/chn_equ_avatar_swordman_hair_101560701.equ	[hair avatar]	131	2
equipment/character/swordman/avatar/hair/chn_equ_avatar_swordman_hair_101560702.equ	[hair avatar]	131	3
equipment/character/swordman/avatar/hair/chn_equ_avatar_swordman_hair_101560714.equ	[hair avatar]	137	0
equipment/character/swordman/avatar/hair/chn_equ_avatar_swordman_hair_101560715.equ	[hair avatar]	137	1
equipment/character/swordman/avatar/hair/chn_equ_avatar_swordman_hair_101560716.equ	[hair avatar]	137	2
equipment/character/swordman/avatar/hair/chn_equ_avatar_swordman_hair_101560717.equ	[hair avatar]	137	3
equipment/character/swordman/avatar/hair/chn_equ_avatar_swordman_hair_101560734.equ	[hair avatar]	144	0
equipment/character/swordman/avatar/hair/chn_equ_avatar_swordman_hair_101560735.equ	[hair avatar]	144	1
equipment/character/swordman/avatar/hair/chn_equ_avatar_swordman_hair_101560736.equ	[hair avatar]	144	2
equipment/character/swordman/avatar/hair/chn_equ_avatar_swordman_hair_101560737.equ	[hair avatar]	144	3
equipment/character/swordman/avatar/hair/chn_equ_avatar_swordman_hair_601564110.equ	[hair avatar]	60	0
equipment/character/swordman/avatar/hair/chn_equ_avatar_swordman_hair_601564111.equ	[hair avatar]	60	1
equipment/character/swordman/avatar/hair/chn_equ_avatar_swordman_hair_601564112.equ	[hair avatar]	60	2
equipment/character/swordman/avatar/hair/chn_equ_avatar_swordman_hair_601564113.equ	[hair avatar]	60	3
equipment/character/swordman/avatar/hair/chn_equ_avatar_swordman_hair_601564114.equ	[hair avatar]	62	0
equipment/character/swordman/avatar/hair/chn_equ_avatar_swordman_hair_601564115.equ	[hair avatar]	62	1
equipment/character/swordman/avatar/hair/chn_equ_avatar_swordman_hair_601564116.equ	[hair avatar]	62	2
equipment/character/swordman/avatar/hair/chn_equ_avatar_swordman_hair_601564117.equ	[hair avatar]	62	3
equipment/character/swordman/avatar/hair/chn_equ_avatar_swordman_hair_601564118.equ	[hair avatar]	63	0
equipment/character/swordman/avatar/hair/chn_equ_avatar_swordman_hair_601564119.equ	[hair avatar]	63	1
equipment/character/swordman/avatar/hair/chn_equ_avatar_swordman_hair_601564120.equ	[hair avatar]	63	2
equipment/character/swordman/avatar/hair/chn_equ_avatar_swordman_hair_601564121.equ	[hair avatar]	63	3
equipment/character/swordman/avatar/hair/chn_equ_avatar_swordman_hair_601564126.equ	[hair avatar]	72	0
equipment/character/swordman/avatar/hair/chn_equ_avatar_swordman_hair_601564127.equ	[hair avatar]	72	1
equipment/character/swordman/avatar/hair/chn_equ_avatar_swordman_hair_601564128.equ	[hair avatar]	72	2
equipment/character/swordman/avatar/hair/chn_equ_avatar_swordman_hair_601564129.equ	[hair avatar]	72	3
equipment/character/swordman/avatar/hair/chn_equ_avatar_swordman_hair_601564134.equ	[hair avatar]	78	0
equipment/character/swordman/avatar/hair/chn_equ_avatar_swordman_hair_601564135.equ	[hair avatar]	78	1
equipment/character/swordman/avatar/hair/chn_equ_avatar_swordman_hair_601564136.equ	[hair avatar]	78	2
equipment/character/swordman/avatar/hair/chn_equ_avatar_swordman_hair_601564137.equ	[hair avatar]	78	3
equipment/character/swordman/avatar/hair/chn_equ_avatar_swordman_hair_601564138.equ	[hair avatar]	79	0
equipment/character/swordman/avatar/hair/chn_equ_avatar_swordman_hair_601564139.equ	[hair avatar]	79	1
equipment/character/swordman/avatar/hair/chn_equ_avatar_swordman_hair_601564140.equ	[hair avatar]	79	2
equipment/character/swordman/avatar/hair/chn_equ_avatar_swordman_hair_601564141.equ	[hair avatar]	79	3
equipment/character/swordman/avatar/hair/chn_equ_avatar_swordman_hair_601564142.equ	[hair avatar]	81	0
equipment/character/swordman/avatar/hair/chn_equ_avatar_swordman_hair_601564143.equ	[hair avatar]	81	1
equipment/character/swordman/avatar/hair/chn_equ_avatar_swordman_hair_601564144.equ	[hair avatar]	81	2
equipment/character/swordman/avatar/hair/chn_equ_avatar_swordman_hair_601564145.equ	[hair avatar]	81	3
equipment/character/swordman/avatar/hair/chn_equ_avatar_swordman_hair_601564146.equ	[hair avatar]	66	0
equipment/character/swordman/avatar/hair/chn_equ_avatar_swordman_hair_601564147.equ	[hair avatar]	66	1
equipment/character/swordman/avatar/hair/chn_equ_avatar_swordman_hair_601564148.equ	[hair avatar]	66	2
equipment/character/swordman/avatar/hair/chn_equ_avatar_swordman_hair_601564149.equ	[hair avatar]	66	3
equipment/character/swordman/avatar/hair/chn_equ_avatar_swordman_hair_601564154.equ	[hair avatar]	82	0
equipment/character/swordman/avatar/hair/chn_equ_avatar_swordman_hair_601564155.equ	[hair avatar]	82	1
equipment/character/swordman/avatar/hair/chn_equ_avatar_swordman_hair_601564156.equ	[hair avatar]	82	2
equipment/character/swordman/avatar/hair/chn_equ_avatar_swordman_hair_601564157.equ	[hair avatar]	82	3
equipment/character/swordman/avatar/hair/chn_equ_avatar_swordman_hair_601564158.equ	[hair avatar]	87	0
equipment/character/swordman/avatar/hair/chn_equ_avatar_swordman_hair_601564159.equ	[hair avatar]	87	1
equipment/character/swordman/avatar/hair/chn_equ_avatar_swordman_hair_601564160.equ	[hair avatar]	87	2
equipment/character/swordman/avatar/hair/chn_equ_avatar_swordman_hair_601564161.equ	[hair avatar]	87	3
equipment/character/swordman/avatar/hair/chn_equ_avatar_swordman_hair_601564162.equ	[hair avatar]	88	0
equipment/character/swordman/avatar/hair/chn_equ_avatar_swordman_hair_601564163.equ	[hair avatar]	88	1
equipment/character/swordman/avatar/hair/chn_equ_avatar_swordman_hair_601564164.equ	[hair avatar]	88	2
equipment/character/swordman/avatar/hair/chn_equ_avatar_swordman_hair_601564165.equ	[hair avatar]	88	3
equipment/character/swordman/avatar/hair/chn_equ_avatar_swordman_hair_601564170.equ	[hair avatar]	90	0
equipment/character/swordman/avatar/hair/chn_equ_avatar_swordman_hair_601564171.equ	[hair avatar]	90	1
equipment/character/swordman/avatar/hair/chn_equ_avatar_swordman_hair_601564172.equ	[hair avatar]	90	2
equipment/character/swordman/avatar/hair/chn_equ_avatar_swordman_hair_601564173.equ	[hair avatar]	90	3
equipment/character/swordman/avatar/hair/chn_equ_avatar_swordman_hair_601564192.equ	[hair avatar]	104	0
equipment/character/swordman/avatar/hair/chn_equ_avatar_swordman_hair_601564193.equ	[hair avatar]	104	1
equipment/character/swordman/avatar/hair/chn_equ_avatar_swordman_hair_601564194.equ	[hair avatar]	104	2
equipment/character/swordman/avatar/hair/chn_equ_avatar_swordman_hair_601564195.equ	[hair avatar]	104	3
equipment/character/swordman/avatar/hair/chn_equ_avatar_swordman_hair_601564204.equ	[hair avatar]	92	0
equipment/character/swordman/avatar/hair/chn_equ_avatar_swordman_hair_601564205.equ	[hair avatar]	92	1
equipment/character/swordman/avatar/hair/chn_equ_avatar_swordman_hair_601564206.equ	[hair avatar]	92	2
equipment/character/swordman/avatar/hair/chn_equ_avatar_swordman_hair_601564207.equ	[hair avatar]	92	3
equipment/character/swordman/avatar/hair/chn_equ_avatar_swordman_hair_601564215.equ	[hair avatar]	93	0
equipment/character/swordman/avatar/hair/chn_equ_avatar_swordman_hair_601564216.equ	[hair avatar]	93	1
equipment/character/swordman/avatar/hair/chn_equ_avatar_swordman_hair_601564217.equ	[hair avatar]	93	2
equipment/character/swordman/avatar/hair/chn_equ_avatar_swordman_hair_601564218.equ	[hair avatar]	93	3
equipment/character/swordman/avatar/hair/chn_equ_special_avatar_swordman_hair_101560697.equ	[hair avatar]	112	0
equipment/character/swordman/avatar/hair/chn_equ_special_avatar_swordman_hair_101560720.equ	[hair avatar]	141	0
equipment/character/swordman/avatar/hair/chn_equ_special_avatar_swordman_hair_101560721.equ	[hair avatar]	141	1
equipment/character/swordman/avatar/hair/chn_equ_special_avatar_swordman_hair_101560730.equ	[hair avatar]	145	0
equipment/character/swordman/avatar/hair/chn_equ_special_avatar_swordman_hair_101560731.equ	[hair avatar]	145	1
equipment/character/swordman/avatar/hair/chn_equ_special_avatar_swordman_hair_101560732.equ	[hair avatar]	145	2
equipment/character/swordman/avatar/hair/chn_equ_special_avatar_swordman_hair_101560733.equ	[hair avatar]	145	3
equipment/character/swordman/avatar/hair/chn_equ_special_avatar_swordman_hair_101560743.equ	[hair avatar]	68	0
equipment/character/swordman/avatar/hair/chn_equ_special_avatar_swordman_hair_101560744.equ	[hair avatar]	68	1
equipment/character/swordman/avatar/hair/chn_equ_special_avatar_swordman_hair_101560745.equ	[hair avatar]	68	2
equipment/character/swordman/avatar/hair/chn_equ_special_avatar_swordman_hair_101560746.equ	[hair avatar]	68	3
equipment/character/swordman/avatar/hair/chn_equ_special_avatar_swordman_hair_101560750.equ	[hair avatar]	154	0
equipment/character/swordman/avatar/hair/chn_equ_special_avatar_swordman_hair_101560751.equ	[hair avatar]	154	1
equipment/character/swordman/avatar/hair/chn_equ_special_avatar_swordman_hair_101560752.equ	[hair avatar]	154	2
equipment/character/swordman/avatar/hair/chn_equ_special_avatar_swordman_hair_101560753.equ	[hair avatar]	154	3
equipment/character/swordman/avatar/hair/chn_equ_special_avatar_swordman_hair_101560760.equ	[hair avatar]	152	0
equipment/character/swordman/avatar/hair/chn_equ_special_avatar_swordman_hair_101560761.equ	[hair avatar]	152	1
equipment/character/swordman/avatar/hair/chn_equ_special_avatar_swordman_hair_101560762.equ	[hair avatar]	152	2
equipment/character/swordman/avatar/hair/chn_equ_special_avatar_swordman_hair_101560763.equ	[hair avatar]	152	3
equipment/character/swordman/avatar/hair/chn_equ_special_avatar_swordman_hair_101560765.equ	[hair avatar]	0	0
equipment/character/swordman/avatar/hair/chn_equ_special_avatar_swordman_hair_101560768.equ	[hair avatar]	161	0
equipment/character/swordman/avatar/hair/chn_equ_special_avatar_swordman_hair_101560769.equ	[hair avatar]	161	1
equipment/character/swordman/avatar/hair/chn_equ_special_avatar_swordman_hair_101560770.equ	[hair avatar]	161	2
equipment/character/swordman/avatar/hair/chn_equ_special_avatar_swordman_hair_101560778.equ	[hair avatar]	162	0
equipment/character/swordman/avatar/hair/chn_equ_special_avatar_swordman_hair_101560779.equ	[hair avatar]	162	1
equipment/character/swordman/avatar/hair/chn_equ_special_avatar_swordman_hair_101560780.equ	[hair avatar]	162	2
equipment/character/swordman/avatar/hair/chn_equ_special_avatar_swordman_hair_101560781.equ	[hair avatar]	162	3
equipment/character/swordman/avatar/hair/chn_equ_special_avatar_swordman_hair_101560786.equ	[hair avatar]	168	0
equipment/character/swordman/avatar/hair/chn_equ_special_avatar_swordman_hair_101560787.equ	[hair avatar]	168	1
equipment/character/swordman/avatar/hair/chn_equ_special_avatar_swordman_hair_101560788.equ	[hair avatar]	168	2
equipment/character/swordman/avatar/hair/chn_equ_special_avatar_swordman_hair_101560789.equ	[hair avatar]	168	3
equipment/character/swordman/avatar/hair/chn_equ_special_avatar_swordman_hair_101560791.equ	[hair avatar]	138	0
equipment/character/swordman/avatar/hair/chn_equ_special_avatar_swordman_hair_101560792.equ	[hair avatar]	138	1
equipment/character/swordman/avatar/hair/chn_equ_special_avatar_swordman_hair_101560795.equ	[hair avatar]	174	0
equipment/character/swordman/avatar/hair/chn_equ_special_avatar_swordman_hair_101560796.equ	[hair avatar]	174	1
equipment/character/swordman/avatar/hair/chn_equ_special_avatar_swordman_hair_101560797.equ	[hair avatar]	174	2
equipment/character/swordman/avatar/hair/chn_equ_special_avatar_swordman_hair_101560798.equ	[hair avatar]	174	3
equipment/character/swordman/avatar/hair/chn_equ_special_avatar_swordman_hair_101560808.equ	[hair avatar]	146	0
equipment/character/swordman/avatar/hair/chn_equ_special_avatar_swordman_hair_101560809.equ	[hair avatar]	146	1
equipment/character/swordman/avatar/hair/chn_equ_special_avatar_swordman_hair_101560810.equ	[hair avatar]	146	2
equipment/character/swordman/avatar/hair/chn_equ_special_avatar_swordman_hair_101560811.equ	[hair avatar]	175	0
equipment/character/swordman/avatar/hair/chn_equ_special_avatar_swordman_hair_101560812.equ	[hair avatar]	175	1
equipment/character/swordman/avatar/hair/chn_equ_special_avatar_swordman_hair_101560813.equ	[hair avatar]	175	2
equipment/character/swordman/avatar/hair/chn_equ_special_avatar_swordman_hair_101560814.equ	[hair avatar]	175	3
equipment/character/swordman/avatar/hair/chn_equ_special_avatar_swordman_hair_2684130.equ	[hair avatar]	75	0
equipment/character/swordman/avatar/hair/chn_equ_special_avatar_swordman_hair_2684131.equ	[hair avatar]	75	1
equipment/character/swordman/avatar/hair/chn_equ_special_avatar_swordman_hair_2684132.equ	[hair avatar]	75	2
equipment/character/swordman/avatar/hair/chn_equ_special_avatar_swordman_hair_2684133.equ	[hair avatar]	75	3
equipment/character/swordman/avatar/hair/chn_equ_special_avatar_swordman_hair_2684150.equ	[hair avatar]	84	0
equipment/character/swordman/avatar/hair/chn_equ_special_avatar_swordman_hair_2684151.equ	[hair avatar]	84	1
equipment/character/swordman/avatar/hair/chn_equ_special_avatar_swordman_hair_2684152.equ	[hair avatar]	84	2
equipment/character/swordman/avatar/hair/chn_equ_special_avatar_swordman_hair_2684153.equ	[hair avatar]	84	3
equipment/character/swordman/avatar/hair/chn_equ_special_avatar_swordman_hair_2684166.equ	[hair avatar]	67	0
equipment/character/swordman/avatar/hair/chn_equ_special_avatar_swordman_hair_2684167.equ	[hair avatar]	67	1
equipment/character/swordman/avatar/hair/chn_equ_special_avatar_swordman_hair_2684168.equ	[hair avatar]	67	2
equipment/character/swordman/avatar/hair/chn_equ_special_avatar_swordman_hair_2684169.equ	[hair avatar]	67	3
equipment/character/swordman/avatar/hair/chn_equ_upper_avatar_swordman_hair_101560678.equ	[hair avatar]	119	0
equipment/character/swordman/avatar/hair/chn_equ_upper_avatar_swordman_hair_101560679.equ	[hair avatar]	119	1
equipment/character/swordman/avatar/hair/chn_equ_upper_avatar_swordman_hair_101560680.equ	[hair avatar]	119	2
equipment/character/swordman/avatar/hair/chn_equ_upper_avatar_swordman_hair_101560681.equ	[hair avatar]	119	3
equipment/character/swordman/avatar/hair/chn_equ_upper_avatar_swordman_hair_101560703.equ	[hair avatar]	136	0
equipment/character/swordman/avatar/hair/chn_equ_upper_avatar_swordman_hair_101560704.equ	[hair avatar]	136	1
equipment/character/swordman/avatar/hair/chn_equ_upper_avatar_swordman_hair_101560705.equ	[hair avatar]	136	2
equipment/character/swordman/avatar/hair/chn_equ_upper_avatar_swordman_hair_101560706.equ	[hair avatar]	136	3
equipment/character/swordman/avatar/hair/chn_equ_upper_avatar_swordman_hair_101560722.equ	[hair avatar]	69	0
equipment/character/swordman/avatar/hair/chn_equ_upper_avatar_swordman_hair_101560723.equ	[hair avatar]	69	1
equipment/character/swordman/avatar/hair/chn_equ_upper_avatar_swordman_hair_101560724.equ	[hair avatar]	69	2
equipment/character/swordman/avatar/hair/chn_equ_upper_avatar_swordman_hair_101560725.equ	[hair avatar]	69	3
equipment/character/swordman/avatar/hair/chn_equ_upper_avatar_swordman_hair_101560829.equ	[hair avatar]	180	0
equipment/character/swordman/avatar/hair/chn_equ_upper_avatar_swordman_hair_101560830.equ	[hair avatar]	180	1
equipment/character/swordman/avatar/hair/chn_equ_upper_avatar_swordman_hair_101560831.equ	[hair avatar]	180	2
equipment/character/swordman/avatar/hair/chn_equ_upper_avatar_swordman_hair_101560832.equ	[hair avatar]	180	3
equipment/character/swordman/avatar/hair/chn_equ_upper_avatar_swordman_hair_601564122.equ	[hair avatar]	73	0
equipment/character/swordman/avatar/hair/chn_equ_upper_avatar_swordman_hair_601564123.equ	[hair avatar]	73	1
equipment/character/swordman/avatar/hair/chn_equ_upper_avatar_swordman_hair_601564124.equ	[hair avatar]	73	2
equipment/character/swordman/avatar/hair/chn_equ_upper_avatar_swordman_hair_601564125.equ	[hair avatar]	73	3
equipment/character/swordman/avatar/hair/chn_equ_upper_avatar_swordman_hair_601564174.equ	[hair avatar]	91	0
equipment/character/swordman/avatar/hair/chn_equ_upper_avatar_swordman_hair_601564175.equ	[hair avatar]	91	1
equipment/character/swordman/avatar/hair/chn_equ_upper_avatar_swordman_hair_601564176.equ	[hair avatar]	91	2
equipment/character/swordman/avatar/hair/chn_equ_upper_avatar_swordman_hair_601564177.equ	[hair avatar]	91	3
equipment/character/swordman/avatar/hair/chn_equ_upper_avatar_swordman_hair_601564178.equ	[hair avatar]	94	0
equipment/character/swordman/avatar/hair/chn_equ_upper_avatar_swordman_hair_601564179.equ	[hair avatar]	94	1
equipment/character/swordman/avatar/hair/chn_equ_upper_avatar_swordman_hair_601564180.equ	[hair avatar]	94	2
equipment/character/swordman/avatar/hair/chn_equ_upper_avatar_swordman_hair_601564181.equ	[hair avatar]	94	3
equipment/character/swordman/avatar/hair/chn_equ_upper_avatar_swordman_hair_601564196.equ	[hair avatar]	96	0
equipment/character/swordman/avatar/hair/chn_equ_upper_avatar_swordman_hair_601564197.equ	[hair avatar]	96	1
equipment/character/swordman/avatar/hair/chn_equ_upper_avatar_swordman_hair_601564198.equ	[hair avatar]	96	2
equipment/character/swordman/avatar/hair/chn_equ_upper_avatar_swordman_hair_601564199.equ	[hair avatar]	96	3
equipment/character/swordman/avatar/hair/chn_equ_upper_avatar_swordman_hair_601564210.equ	[hair avatar]	110	0
equipment/character/swordman/avatar/hair/chn_equ_upper_avatar_swordman_hair_601564211.equ	[hair avatar]	110	1
equipment/character/swordman/avatar/hair/chn_equ_upper_avatar_swordman_hair_601564212.equ	[hair avatar]	110	2
equipment/character/swordman/avatar/hair/chn_equ_upper_avatar_swordman_hair_601564213.equ	[hair avatar]	110	3
equipment/character/swordman/avatar/hair/chn_equ_upper_avatar_swordman_hair_601564223.equ	[hair avatar]	113	0
equipment/character/swordman/avatar/hair/chn_equ_upper_avatar_swordman_hair_601564224.equ	[hair avatar]	113	1
equipment/character/swordman/avatar/hair/chn_equ_upper_avatar_swordman_hair_601564225.equ	[hair avatar]	113	2
equipment/character/swordman/avatar/hair/chn_equ_upper_avatar_swordman_hair_601564226.equ	[hair avatar]	113	3
equipment/character/swordman/avatar/hair/gm_sword_hair.equ	[hair avatar]	30	1
equipment/character/swordman/avatar/hair/goldacut_bkwoolf.equ	[hair avatar]	16	0
equipment/character/swordman/avatar/hair/goldacut_grwoolf.equ	[hair avatar]	16	3
equipment/character/swordman/avatar/hair/goldacut_ppwoolf.equ	[hair avatar]	16	2
equipment/character/swordman/avatar/hair/goldacut_rdwoolf.equ	[hair avatar]	16	1
equipment/character/swordman/avatar/hair/goldalong_brblow.equ	[hair avatar]	34	3
equipment/character/swordman/avatar/hair/goldalong_glblow.equ	[hair avatar]	34	1
equipment/character/swordman/avatar/hair/goldalong_rdblow.equ	[hair avatar]	34	2
equipment/character/swordman/avatar/hair/goldalong_svgyblow.equ	[hair avatar]	34	0
equipment/character/swordman/avatar/neck/101520288.equ	[breast avatar]	17	0
equipment/character/swordman/avatar/neck/101520289.equ	[breast avatar]	17	1
equipment/character/swordman/avatar/neck/101520290.equ	[breast avatar]	17	2
equipment/character/swordman/avatar/neck/101520291.equ	[breast avatar]	17	3
equipment/character/swordman/avatar/neck/101520292.equ	[breast avatar]	21	2
equipment/character/swordman/avatar/neck/101520293.equ	[breast avatar]	21	3
equipment/character/swordman/avatar/neck/101520294.equ	[breast avatar]	22	0
equipment/character/swordman/avatar/neck/101520295.equ	[breast avatar]	22	1
equipment/character/swordman/avatar/neck/101520296.equ	[breast avatar]	22	2
equipment/character/swordman/avatar/neck/101520297.equ	[breast avatar]	22	3
equipment/character/swordman/avatar/neck/101520298.equ	[breast avatar]	23	0
equipment/character/swordman/avatar/neck/101520299.equ	[breast avatar]	23	1
equipment/character/swordman/avatar/neck/101520300.equ	[breast avatar]	23	2
equipment/character/swordman/avatar/neck/101520301.equ	[breast avatar]	23	3
equipment/character/swordman/avatar/neck/101520302.equ	[breast avatar]	26	0
equipment/character/swordman/avatar/neck/101520303.equ	[breast avatar]	26	1
equipment/character/swordman/avatar/neck/101520304.equ	[breast avatar]	29	1
equipment/character/swordman/avatar/neck/101520305.equ	[breast avatar]	31	2
equipment/character/swordman/avatar/neck/101520306.equ	[breast avatar]	31	3
equipment/character/swordman/avatar/neck/101520307.equ	[breast avatar]	37	1
equipment/character/swordman/avatar/neck/101520308.equ	[breast avatar]	37	2
equipment/character/swordman/avatar/neck/101520309.equ	[breast avatar]	37	3
equipment/character/swordman/avatar/neck/101520310.equ	[breast avatar]	38	0
equipment/character/swordman/avatar/neck/101520311.equ	[breast avatar]	38	1
equipment/character/swordman/avatar/neck/101520312.equ	[breast avatar]	38	2
equipment/character/swordman/avatar/neck/101520313.equ	[breast avatar]	44	0
equipment/character/swordman/avatar/neck/101520314.equ	[breast avatar]	44	1
equipment/character/swordman/avatar/neck/101520315.equ	[breast avatar]	46	0
equipment/character/swordman/avatar/neck/101520316.equ	[breast avatar]	46	1
equipment/character/swordman/avatar/neck/101520317.equ	[breast avatar]	46	2
equipment/character/swordman/avatar/neck/101520318.equ	[breast avatar]	61	0
equipment/character/swordman/avatar/neck/101520319.equ	[breast avatar]	61	1
equipment/character/swordman/avatar/neck/101520320.equ	[breast avatar]	61	2
equipment/character/swordman/avatar/neck/101520321.equ	[breast avatar]	79	0
equipment/character/swordman/avatar/neck/101520322.equ	[breast avatar]	79	3
equipment/character/swordman/avatar/neck/101520323.equ	[breast avatar]	85	2
equipment/character/swordman/avatar/neck/101520324.equ	[breast avatar]	85	3
equipment/character/swordman/avatar/neck/101520325.equ	[breast avatar]	89	0
equipment/character/swordman/avatar/neck/101520326.equ	[breast avatar]	89	1
equipment/character/swordman/avatar/neck/101520327.equ	[breast avatar]	89	2
equipment/character/swordman/avatar/neck/101520328.equ	[breast avatar]	89	3
equipment/character/swordman/avatar/neck/101520329.equ	[breast avatar]	91	0
equipment/character/swordman/avatar/neck/101520330.equ	[breast avatar]	91	1
equipment/character/swordman/avatar/neck/101520331.equ	[breast avatar]	91	2
equipment/character/swordman/avatar/neck/101520332.equ	[breast avatar]	91	3
equipment/character/swordman/avatar/neck/101520333.equ	[breast avatar]	98	0
equipment/character/swordman/avatar/neck/101520334.equ	[breast avatar]	98	1
equipment/character/swordman/avatar/neck/101520335.equ	[breast avatar]	98	2
equipment/character/swordman/avatar/neck/101520336.equ	[breast avatar]	16	0
equipment/character/swordman/avatar/neck/101520337.equ	[breast avatar]	16	1
equipment/character/swordman/avatar/neck/101520338.equ	[breast avatar]	16	2
equipment/character/swordman/avatar/neck/101520339.equ	[breast avatar]	16	3
equipment/character/swordman/avatar/neck/101520340.equ	[breast avatar]	19	0
equipment/character/swordman/avatar/neck/101520341.equ	[breast avatar]	19	1
equipment/character/swordman/avatar/neck/101520342.equ	[breast avatar]	19	2
equipment/character/swordman/avatar/neck/101520343.equ	[breast avatar]	19	3
equipment/character/swordman/avatar/neck/101520344.equ	[breast avatar]	21	0
equipment/character/swordman/avatar/neck/101520345.equ	[breast avatar]	21	1
equipment/character/swordman/avatar/neck/101520346.equ	[breast avatar]	26	2
equipment/character/swordman/avatar/neck/101520347.equ	[breast avatar]	26	3
equipment/character/swordman/avatar/neck/101520348.equ	[breast avatar]	29	0
equipment/character/swordman/avatar/neck/101520349.equ	[breast avatar]	29	2
equipment/character/swordman/avatar/neck/101520350.equ	[breast avatar]	29	3
equipment/character/swordman/avatar/neck/101520351.equ	[breast avatar]	31	0
equipment/character/swordman/avatar/neck/101520352.equ	[breast avatar]	31	1
equipment/character/swordman/avatar/neck/101520353.equ	[breast avatar]	37	0
equipment/character/swordman/avatar/neck/101520354.equ	[breast avatar]	38	3
equipment/character/swordman/avatar/neck/101520355.equ	[breast avatar]	40	0
equipment/character/swordman/avatar/neck/101520356.equ	[breast avatar]	40	1
equipment/character/swordman/avatar/neck/101520357.equ	[breast avatar]	40	2
equipment/character/swordman/avatar/neck/101520358.equ	[breast avatar]	40	3
equipment/character/swordman/avatar/neck/101520359.equ	[breast avatar]	44	2
equipment/character/swordman/avatar/neck/101520360.equ	[breast avatar]	44	3
equipment/character/swordman/avatar/neck/101520361.equ	[breast avatar]	45	0
equipment/character/swordman/avatar/neck/101520362.equ	[breast avatar]	45	1
equipment/character/swordman/avatar/neck/101520363.equ	[breast avatar]	45	2
equipment/character/swordman/avatar/neck/101520364.equ	[breast avatar]	45	3
equipment/character/swordman/avatar/neck/101520365.equ	[breast avatar]	46	3
equipment/character/swordman/avatar/neck/101520366.equ	[breast avatar]	56	0
equipment/character/swordman/avatar/neck/101520367.equ	[breast avatar]	56	1
equipment/character/swordman/avatar/neck/101520368.equ	[breast avatar]	56	2
equipment/character/swordman/avatar/neck/101520369.equ	[breast avatar]	56	3
equipment/character/swordman/avatar/neck/101520370.equ	[breast avatar]	60	0
equipment/character/swordman/avatar/neck/101520371.equ	[breast avatar]	60	1
equipment/character/swordman/avatar/neck/101520372.equ	[breast avatar]	60	2
equipment/character/swordman/avatar/neck/101520373.equ	[breast avatar]	60	3
equipment/character/swordman/avatar/neck/101520374.equ	[breast avatar]	61	3
equipment/character/swordman/avatar/neck/101520375.equ	[breast avatar]	79	1
equipment/character/swordman/avatar/neck/101520376.equ	[breast avatar]	79	2
equipment/character/swordman/avatar/neck/101520377.equ	[breast avatar]	70	0
equipment/character/swordman/avatar/neck/101520378.equ	[breast avatar]	70	1
equipment/character/swordman/avatar/neck/101520379.equ	[breast avatar]	70	2
equipment/character/swordman/avatar/neck/101520380.equ	[breast avatar]	70	3
equipment/character/swordman/avatar/neck/101520381.equ	[breast avatar]	85	0
equipment/character/swordman/avatar/neck/101520382.equ	[breast avatar]	85	1
equipment/character/swordman/avatar/neck/101520383.equ	[breast avatar]	
equipment/character/swordman/avatar/neck/101520384.equ	[breast avatar]	0	0
equipment/character/swordman/avatar/neck/101520385.equ	[breast avatar]	1	0
equipment/character/swordman/avatar/neck/101520386.equ	[breast avatar]	0	1
equipment/character/swordman/avatar/neck/101520387.equ	[breast avatar]	0	2
equipment/character/swordman/avatar/neck/101520388.equ	[breast avatar]	0	3
equipment/character/swordman/avatar/neck/101520389.equ	[breast avatar]	1	1
equipment/character/swordman/avatar/neck/101520390.equ	[breast avatar]	1	2
equipment/character/swordman/avatar/neck/101520391.equ	[breast avatar]	1	3
equipment/character/swordman/avatar/neck/101520392.equ	[breast avatar]	2	0
equipment/character/swordman/avatar/neck/101520393.equ	[breast avatar]	2	1
equipment/character/swordman/avatar/neck/101520394.equ	[breast avatar]	2	2
equipment/character/swordman/avatar/neck/101520395.equ	[breast avatar]	2	3
equipment/character/swordman/avatar/neck/101520396.equ	[breast avatar]	106	0
equipment/character/swordman/avatar/neck/101520399.equ	[breast avatar]	109	0
equipment/character/swordman/avatar/neck/101520422.equ	[breast avatar]	101	0
equipment/character/swordman/avatar/neck/101520423.equ	[breast avatar]	101	1
equipment/character/swordman/avatar/neck/101520424.equ	[breast avatar]	101	2
equipment/character/swordman/avatar/neck/101520425.equ	[breast avatar]	101	3
equipment/character/swordman/avatar/neck/101520426.equ	[breast avatar]	101	0
equipment/character/swordman/avatar/neck/101520427.equ	[breast avatar]	101	1
equipment/character/swordman/avatar/neck/101520428.equ	[breast avatar]	101	2
equipment/character/swordman/avatar/neck/101520429.equ	[breast avatar]	101	3
equipment/character/swordman/avatar/neck/101520430.equ	[breast avatar]	87	0
equipment/character/swordman/avatar/neck/101520431.equ	[breast avatar]	87	0
equipment/character/swordman/avatar/neck/101520437.equ	[breast avatar]	97	0
equipment/character/swordman/avatar/neck/101520438.equ	[breast avatar]	97	1
equipment/character/swordman/avatar/neck/101520439.equ	[breast avatar]	111	0
equipment/character/swordman/avatar/neck/101520440.equ	[breast avatar]	111	1
equipment/character/swordman/avatar/neck/101520441.equ	[breast avatar]	111	2
equipment/character/swordman/avatar/neck/101520442.equ	[breast avatar]	111	3
equipment/character/swordman/avatar/neck/101520443.equ	[breast avatar]	111	0
equipment/character/swordman/avatar/neck/101520444.equ	[breast avatar]	111	1
equipment/character/swordman/avatar/neck/101520445.equ	[breast avatar]	111	2
equipment/character/swordman/avatar/neck/101520446.equ	[breast avatar]	111	3
equipment/character/swordman/avatar/neck/101520448.equ	[breast avatar]	39	0
equipment/character/swordman/avatar/neck/101520449.equ	[breast avatar]	39	0
equipment/character/swordman/avatar/neck/101520450.equ	[breast avatar]	39	0
equipment/character/swordman/avatar/neck/101520451.equ	[breast avatar]	39	0
equipment/character/swordman/avatar/neck/101520452.equ	[breast avatar]	39	0
equipment/character/swordman/avatar/neck/101520453.equ	[breast avatar]	39	0
equipment/character/swordman/avatar/neck/101520454.equ	[breast avatar]	39	0
equipment/character/swordman/avatar/neck/101520455.equ	[breast avatar]	39	0
equipment/character/swordman/avatar/neck/101520456.equ	[breast avatar]	39	0
equipment/character/swordman/avatar/neck/101520457.equ	[breast avatar]	39	0
equipment/character/swordman/avatar/neck/101520458.equ	[breast avatar]	39	0
equipment/character/swordman/avatar/neck/101520459.equ	[breast avatar]	39	0
equipment/character/swordman/avatar/neck/101520460.equ	[breast avatar]	39	0
equipment/character/swordman/avatar/neck/101520461.equ	[breast avatar]	39	0
equipment/character/swordman/avatar/neck/101520462.equ	[breast avatar]	39	0
equipment/character/swordman/avatar/neck/101521488.equ	[breast avatar]	41	2
equipment/character/swordman/avatar/neck/101521527.equ	[breast avatar]	164	0
equipment/character/swordman/avatar/neck/101521528.equ	[breast avatar]	164	1
equipment/character/swordman/avatar/neck/101521529.equ	[breast avatar]	164	2
equipment/character/swordman/avatar/neck/101521530.equ	[breast avatar]	164	3
equipment/character/swordman/avatar/neck/101521617.equ	[breast avatar]	190	0
equipment/character/swordman/avatar/neck/101521621.equ	[breast avatar]	191	0
equipment/character/swordman/avatar/neck/101521625.equ	[breast avatar]	192	0
equipment/character/swordman/avatar/neck/101521629.equ	[breast avatar]	193	0
equipment/character/swordman/avatar/neck/1030000.equ	[breast avatar]	0	0
equipment/character/swordman/avatar/neck/1030001.equ	[breast avatar]	1	0
equipment/character/swordman/avatar/neck/1030002.equ	[breast avatar]	0	1
equipment/character/swordman/avatar/neck/1030003.equ	[breast avatar]	0	2
equipment/character/swordman/avatar/neck/1030004.equ	[breast avatar]	0	3
equipment/character/swordman/avatar/neck/1030005.equ	[breast avatar]	1	1
equipment/character/swordman/avatar/neck/1030006.equ	[breast avatar]	1	2
equipment/character/swordman/avatar/neck/1030007.equ	[breast avatar]	1	3
equipment/character/swordman/avatar/neck/1030008.equ	[breast avatar]	2	0
equipment/character/swordman/avatar/neck/1030009.equ	[breast avatar]	2	1
equipment/character/swordman/avatar/neck/1030010.equ	[breast avatar]	2	2
equipment/character/swordman/avatar/neck/1030011.equ	[breast avatar]	2	3
equipment/character/swordman/avatar/neck/601520000.equ	[breast avatar]	69	2
equipment/character/swordman/avatar/neck/601520001.equ	[breast avatar]	69	3
equipment/character/swordman/avatar/neck/601520002.equ	[breast avatar]	0	0
equipment/character/swordman/avatar/neck/601520003.equ	[breast avatar]	0	1
equipment/character/swordman/avatar/neck/601520004.equ	[breast avatar]	0	2
equipment/character/swordman/avatar/neck/601520005.equ	[breast avatar]	0	3
equipment/character/swordman/avatar/neck/601520006.equ	[breast avatar]	1	0
equipment/character/swordman/avatar/neck/601520007.equ	[breast avatar]	1	1
equipment/character/swordman/avatar/neck/601520008.equ	[breast avatar]	1	2
equipment/character/swordman/avatar/neck/601520009.equ	[breast avatar]	79	0
equipment/character/swordman/avatar/neck/601520010.equ	[breast avatar]	79	3
equipment/character/swordman/avatar/neck/601520011.equ	[breast avatar]	75	0
equipment/character/swordman/avatar/neck/601520012.equ	[breast avatar]	75	1
equipment/character/swordman/avatar/neck/601520013.equ	[breast avatar]	75	2
equipment/character/swordman/avatar/neck/601520014.equ	[breast avatar]	75	3
equipment/character/swordman/avatar/neck/601520016.equ	[breast avatar]	90	0
equipment/character/swordman/avatar/neck/601520017.equ	[breast avatar]	70	0
equipment/character/swordman/avatar/neck/601520018.equ	[breast avatar]	70	1
equipment/character/swordman/avatar/neck/601520019.equ	[breast avatar]	70	2
equipment/character/swordman/avatar/neck/601520020.equ	[breast avatar]	70	3
equipment/character/swordman/avatar/neck/601520021.equ	[breast avatar]	79	1
equipment/character/swordman/avatar/neck/601520022.equ	[breast avatar]	79	2
equipment/character/swordman/avatar/neck/601520023.equ	[breast avatar]	100	0
equipment/character/swordman/avatar/neck/601520024.equ	[breast avatar]	100	1
equipment/character/swordman/avatar/neck/601520025.equ	[breast avatar]	100	2
equipment/character/swordman/avatar/neck/601520026.equ	[breast avatar]	100	3
equipment/character/swordman/avatar/neck/601520027.equ	[breast avatar]	41	3
equipment/character/swordman/avatar/neck/601520028.equ	[breast avatar]	98	0
equipment/character/swordman/avatar/neck/601520029.equ	[breast avatar]	98	1
equipment/character/swordman/avatar/neck/601520030.equ	[breast avatar]	98	2
equipment/character/swordman/avatar/neck/601520031.equ	[breast avatar]	82	0
equipment/character/swordman/avatar/neck/601520032.equ	[breast avatar]	82	1
equipment/character/swordman/avatar/neck/601520033.equ	[breast avatar]	82	2
equipment/character/swordman/avatar/neck/601520034.equ	[breast avatar]	82	3
equipment/character/swordman/avatar/neck/601520035.equ	[breast avatar]	
equipment/character/swordman/avatar/neck/601520036.equ	[breast avatar]	
equipment/character/swordman/avatar/neck/601520037.equ	[breast avatar]	48	1
equipment/character/swordman/avatar/neck/601520038.equ	[breast avatar]	61	0
equipment/character/swordman/avatar/neck/601520039.equ	[breast avatar]	61	1
equipment/character/swordman/avatar/neck/601520040.equ	[breast avatar]	61	2
equipment/character/swordman/avatar/neck/601520041.equ	[breast avatar]	61	3
equipment/character/swordman/avatar/neck/601520042.equ	[breast avatar]	87	0
equipment/character/swordman/avatar/neck/601520043.equ	[breast avatar]	107	0
equipment/character/swordman/avatar/neck/601520044.equ	[breast avatar]	107	1
equipment/character/swordman/avatar/neck/601520045.equ	[breast avatar]	107	2
equipment/character/swordman/avatar/neck/601520046.equ	[breast avatar]	41	0
equipment/character/swordman/avatar/neck/601520047.equ	[breast avatar]	69	2
equipment/character/swordman/avatar/neck/601520048.equ	[breast avatar]	0	0
equipment/character/swordman/avatar/neck/601520049.equ	[breast avatar]	1	0
equipment/character/swordman/avatar/neck/601520050.equ	[breast avatar]	103	0
equipment/character/swordman/avatar/neck/601520051.equ	[breast avatar]	103	1
equipment/character/swordman/avatar/neck/601520052.equ	[breast avatar]	103	2
equipment/character/swordman/avatar/neck/601520053.equ	[breast avatar]	103	3
equipment/character/swordman/avatar/neck/601520054.equ	[breast avatar]	121	0
equipment/character/swordman/avatar/neck/601520055.equ	[breast avatar]	121	1
equipment/character/swordman/avatar/neck/601520056.equ	[breast avatar]	121	2
equipment/character/swordman/avatar/neck/601520057.equ	[breast avatar]	121	3
equipment/character/swordman/avatar/neck/601520058.equ	[breast avatar]	78	1
equipment/character/swordman/avatar/neck/601520059.equ	[breast avatar]	
equipment/character/swordman/avatar/neck/601520060.equ	[breast avatar]	118	0
equipment/character/swordman/avatar/neck/601520061.equ	[breast avatar]	118	1
equipment/character/swordman/avatar/neck/601520062.equ	[breast avatar]	116	0
equipment/character/swordman/avatar/neck/601520063.equ	[breast avatar]	116	1
equipment/character/swordman/avatar/neck/601520064.equ	[breast avatar]	116	2
equipment/character/swordman/avatar/neck/601520065.equ	[breast avatar]	116	3
equipment/character/swordman/avatar/neck/601520066.equ	[breast avatar]	116	4
equipment/character/swordman/avatar/neck/601520067.equ	[breast avatar]	116	5
equipment/character/swordman/avatar/neck/601520069.equ	[breast avatar]	123	0
equipment/character/swordman/avatar/neck/601520070.equ	[breast avatar]	123	1
equipment/character/swordman/avatar/neck/601520071.equ	[breast avatar]	123	2
equipment/character/swordman/avatar/neck/601520072.equ	[breast avatar]	123	3
equipment/character/swordman/avatar/neck/601520081.equ	[breast avatar]	122	0
equipment/character/swordman/avatar/neck/601520084.equ	[breast avatar]	132	0
equipment/character/swordman/avatar/neck/601520085.equ	[breast avatar]	132	1
equipment/character/swordman/avatar/neck/601520086.equ	[breast avatar]	124	0
equipment/character/swordman/avatar/neck/601520087.equ	[breast avatar]	124	1
equipment/character/swordman/avatar/neck/601520117.equ	[breast avatar]	206	0
equipment/character/swordman/avatar/neck/601520118.equ	[breast avatar]	206	1
equipment/character/swordman/avatar/neck/601520119.equ	[breast avatar]	206	2
equipment/character/swordman/avatar/neck/601520120.equ	[breast avatar]	206	3
equipment/character/swordman/avatar/neck/601521033.equ	[breast avatar]	159	0
equipment/character/swordman/avatar/neck/601521034.equ	[breast avatar]	159	1
equipment/character/swordman/avatar/neck/601521035.equ	[breast avatar]	159	2
equipment/character/swordman/avatar/neck/601521036.equ	[breast avatar]	159	3
equipment/character/swordman/avatar/neck/601521037.equ	[breast avatar]	164	0
equipment/character/swordman/avatar/neck/601521038.equ	[breast avatar]	164	1
equipment/character/swordman/avatar/neck/601521039.equ	[breast avatar]	164	2
equipment/character/swordman/avatar/neck/601521040.equ	[breast avatar]	164	3
equipment/character/swordman/avatar/neck/601521041.equ	[breast avatar]	167	0
equipment/character/swordman/avatar/neck/601521042.equ	[breast avatar]	167	1
equipment/character/swordman/avatar/neck/601521043.equ	[breast avatar]	167	2
equipment/character/swordman/avatar/neck/601521044.equ	[breast avatar]	167	3
equipment/character/swordman/avatar/neck/601521045.equ	[breast avatar]	157	0
equipment/character/swordman/avatar/neck/601521046.equ	[breast avatar]	157	1
equipment/character/swordman/avatar/neck/601521047.equ	[breast avatar]	157	2
equipment/character/swordman/avatar/neck/601521048.equ	[breast avatar]	157	3
equipment/character/swordman/avatar/neck/601521052.equ	[breast avatar]	140	0
equipment/character/swordman/avatar/neck/601521053.equ	[breast avatar]	140	1
equipment/character/swordman/avatar/neck/601521054.equ	[breast avatar]	140	2
equipment/character/swordman/avatar/neck/601521055.equ	[breast avatar]	140	3
equipment/character/swordman/avatar/neck/aadorn_holly.equ	[breast avatar]	28	0
equipment/character/swordman/avatar/neck/aasrf_nk1lrange.equ	[breast avatar]	39	0
equipment/character/swordman/avatar/neck/aasrf_nk2lrange.equ	[breast avatar]	39	1
equipment/character/swordman/avatar/neck/abelt_bkheart.equ	[breast avatar]	13	2
equipment/character/swordman/avatar/neck/abelt_bwheart.equ	[breast avatar]	13	3
equipment/character/swordman/avatar/neck/abelt_sdbrheart.equ	[breast avatar]	13	0
equipment/character/swordman/avatar/neck/abelt_wtheart.equ	[breast avatar]	13	1
equipment/character/swordman/avatar/neck/abpack_swbarunson.equ	[breast avatar]	27	0
equipment/character/swordman/avatar/neck/abundle_bkblue.equ	[breast avatar]	19	1
equipment/character/swordman/avatar/neck/abundle_ivory.equ	[breast avatar]	19	0
equipment/character/swordman/avatar/neck/abundle_white.equ	[breast avatar]	19	3
equipment/character/swordman/avatar/neck/abundle_yellow.equ	[breast avatar]	19	2
equipment/character/swordman/avatar/neck/achain_copper.equ	[breast avatar]	12	3
equipment/character/swordman/avatar/neck/achain_gold.equ	[breast avatar]	12	1
equipment/character/swordman/avatar/neck/achain_iron.equ	[breast avatar]	12	2
equipment/character/swordman/avatar/neck/achain_silver.equ	[breast avatar]	12	0
equipment/character/swordman/avatar/neck/acloak_bkshoulder.equ	[breast avatar]	17	0
equipment/character/swordman/avatar/neck/acloak_bktattered.equ	[breast avatar]	20	0
equipment/character/swordman/avatar/neck/acloak_bkvlseveralsect.equ	[breast avatar]	25	0
equipment/character/swordman/avatar/neck/acloak_black.equ	[breast avatar]	11	2
equipment/character/swordman/avatar/neck/acloak_blue.equ	[breast avatar]	11	1
equipment/character/swordman/avatar/neck/acloak_brfuradornlong.equ	[breast avatar]	29	1
equipment/character/swordman/avatar/neck/acloak_dkblshoulder.equ	[breast avatar]	17	3
equipment/character/swordman/avatar/neck/acloak_dkbrshoulder.equ	[breast avatar]	17	2
equipment/character/swordman/avatar/neck/acloak_dkgrtattered.equ	[breast avatar]	20	2
equipment/character/swordman/avatar/neck/acloak_dkrdshoulder.equ	[breast avatar]	17	1
equipment/character/swordman/avatar/neck/acloak_dpblfuradornlong.equ	[breast avatar]	29	0
equipment/character/swordman/avatar/neck/acloak_dpgytattered.equ	[breast avatar]	20	3
equipment/character/swordman/avatar/neck/acloak_glfuradornlong.equ	[breast avatar]	29	2
equipment/character/swordman/avatar/neck/acloak_rdfuradornlong.equ	[breast avatar]	29	3
equipment/character/swordman/avatar/neck/acloak_rdseveralsect.equ	[breast avatar]	25	1
equipment/character/swordman/avatar/neck/acloak_rdtattered.equ	[breast avatar]	20	1
equipment/character/swordman/avatar/neck/acloak_red.equ	[breast avatar]	11	0
equipment/character/swordman/avatar/neck/acloak_white.equ	[breast avatar]	11	3
equipment/character/swordman/avatar/neck/acompress_black.equ	[breast avatar]	26	1
equipment/character/swordman/avatar/neck/acompress_blue.equ	[breast avatar]	26	3
equipment/character/swordman/avatar/neck/acompress_white.equ	[breast avatar]	26	0
equipment/character/swordman/avatar/neck/acompress_yellow.equ	[breast avatar]	26	2
equipment/character/swordman/avatar/neck/adsword_black.equ	[breast avatar]	10	2
equipment/character/swordman/avatar/neck/adsword_green.equ	[breast avatar]	10	3
equipment/character/swordman/avatar/neck/adsword_red.equ	[breast avatar]	10	1
equipment/character/swordman/avatar/neck/adsword_yellow.equ	[breast avatar]	10	0
equipment/character/swordman/avatar/neck/amuffler_azrfox.equ	[breast avatar]	14	2
equipment/character/swordman/avatar/neck/amuffler_brfox.equ	[breast avatar]	14	0
equipment/character/swordman/avatar/neck/amuffler_vlfox.equ	[breast avatar]	14	3
equipment/character/swordman/avatar/neck/amuffler_wtfox.equ	[breast avatar]	14	1
equipment/character/swordman/avatar/neck/aneck_40333.equ	[breast avatar]	40	0
equipment/character/swordman/avatar/neck/aneck_40334.equ	[breast avatar]	40	1
equipment/character/swordman/avatar/neck/aneck_40335.equ	[breast avatar]	40	2
equipment/character/swordman/avatar/neck/aneck_40336.equ	[breast avatar]	40	3
equipment/character/swordman/avatar/neck/aneck_40337.equ	[breast avatar]	41	0
equipment/character/swordman/avatar/neck/aneck_40338.equ	[breast avatar]	41	1
equipment/character/swordman/avatar/neck/aneck_40339.equ	[breast avatar]	42	0
equipment/character/swordman/avatar/neck/aneck_40340.equ	[breast avatar]	42	1
equipment/character/swordman/avatar/neck/aneck_40341.equ	[breast avatar]	42	2
equipment/character/swordman/avatar/neck/aneck_40342.equ	[breast avatar]	43	0
equipment/character/swordman/avatar/neck/aneck_40343.equ	[breast avatar]	43	1
equipment/character/swordman/avatar/neck/aneck_40344.equ	[breast avatar]	33	0
equipment/character/swordman/avatar/neck/aneck_40345.equ	[breast avatar]	34	0
equipment/character/swordman/avatar/neck/aneck_40346.equ	[breast avatar]	35	0
equipment/character/swordman/avatar/neck/aneck_40347.equ	[breast avatar]	36	0
equipment/character/swordman/avatar/neck/aneck_40348.equ	[breast avatar]	44	0
equipment/character/swordman/avatar/neck/aneck_40349.equ	[breast avatar]	44	1
equipment/character/swordman/avatar/neck/aneck_40350.equ	[breast avatar]	44	2
equipment/character/swordman/avatar/neck/aneck_40351.equ	[breast avatar]	44	3
equipment/character/swordman/avatar/neck/aneck_40352.equ	[breast avatar]	45	0
equipment/character/swordman/avatar/neck/aneck_40353.equ	[breast avatar]	45	1
equipment/character/swordman/avatar/neck/aneck_40354.equ	[breast avatar]	45	2
equipment/character/swordman/avatar/neck/aneck_40355.equ	[breast avatar]	45	3
equipment/character/swordman/avatar/neck/aneck_40356.equ	[breast avatar]	49	0
equipment/character/swordman/avatar/neck/aneck_40357.equ	[breast avatar]	50	0
equipment/character/swordman/avatar/neck/aneck_40358.equ	[breast avatar]	51	0
equipment/character/swordman/avatar/neck/aneck_40359.equ	[breast avatar]	53	0
equipment/character/swordman/avatar/neck/aneck_40360.equ	[breast avatar]	52	0
equipment/character/swordman/avatar/neck/aneck_40361.equ	[breast avatar]	48	0
equipment/character/swordman/avatar/neck/aneck_40362.equ	[breast avatar]	48	1
equipment/character/swordman/avatar/neck/aneck_40363.equ	[breast avatar]	46	0
equipment/character/swordman/avatar/neck/aneck_40364.equ	[breast avatar]	46	1
equipment/character/swordman/avatar/neck/aneck_40365.equ	[breast avatar]	46	2
equipment/character/swordman/avatar/neck/aneck_40366.equ	[breast avatar]	46	3
equipment/character/swordman/avatar/neck/aneck_40367.equ	[breast avatar]	55	0
equipment/character/swordman/avatar/neck/aneck_40368.equ	[breast avatar]	55	1
equipment/character/swordman/avatar/neck/aneck_40369.equ	[breast avatar]	55	2
equipment/character/swordman/avatar/neck/aneck_40370.equ	[breast avatar]	55	3
equipment/character/swordman/avatar/neck/aneck_40371.equ	[breast avatar]	59	0
equipment/character/swordman/avatar/neck/aneck_40372.equ	[breast avatar]	56	0
equipment/character/swordman/avatar/neck/aneck_40373.equ	[breast avatar]	56	1
equipment/character/swordman/avatar/neck/aneck_40374.equ	[breast avatar]	56	2
equipment/character/swordman/avatar/neck/aneck_40375.equ	[breast avatar]	56	3
equipment/character/swordman/avatar/neck/aneck_40376.equ	[breast avatar]	58	0
equipment/character/swordman/avatar/neck/aneck_40377.equ	[breast avatar]	58	1
equipment/character/swordman/avatar/neck/aneck_40378.equ	[breast avatar]	58	2
equipment/character/swordman/avatar/neck/aneck_40379.equ	[breast avatar]	49	0
equipment/character/swordman/avatar/neck/aneck_40380.equ	[breast avatar]	50	0
equipment/character/swordman/avatar/neck/aneck_40381.equ	[breast avatar]	51	0
equipment/character/swordman/avatar/neck/aneck_40382.equ	[breast avatar]	53	0
equipment/character/swordman/avatar/neck/aneck_40383.equ	[breast avatar]	52	0
equipment/character/swordman/avatar/neck/aneck_40384.equ	[breast avatar]	60	0
equipment/character/swordman/avatar/neck/aneck_40385.equ	[breast avatar]	60	1
equipment/character/swordman/avatar/neck/aneck_40386.equ	[breast avatar]	60	2
equipment/character/swordman/avatar/neck/aneck_40387.equ	[breast avatar]	60	3
equipment/character/swordman/avatar/neck/aneck_40388.equ	[breast avatar]	62	0
equipment/character/swordman/avatar/neck/aneck_40389.equ	[breast avatar]	62	1
equipment/character/swordman/avatar/neck/aneck_40390.equ	[breast avatar]	67	0
equipment/character/swordman/avatar/neck/aneck_40391.equ	[breast avatar]	67	1
equipment/character/swordman/avatar/neck/aneck_40392.equ	[breast avatar]	67	2
equipment/character/swordman/avatar/neck/aneck_40393.equ	[breast avatar]	67	3
equipment/character/swordman/avatar/neck/aneck_40394.equ	[breast avatar]	71	0
equipment/character/swordman/avatar/neck/aneck_40395.equ	[breast avatar]	71	0
equipment/character/swordman/avatar/neck/aneck_40396.equ	[breast avatar]	72	0
equipment/character/swordman/avatar/neck/aneck_40397.equ	[breast avatar]	72	0
equipment/character/swordman/avatar/neck/aneck_40398.equ	[breast avatar]	73	1
equipment/character/swordman/avatar/neck/aneck_40403.equ	[breast avatar]	77	0
equipment/character/swordman/avatar/neck/aneck_40404.equ	[breast avatar]	77	1
equipment/character/swordman/avatar/neck/aneck_40405.equ	[breast avatar]	77	2
equipment/character/swordman/avatar/neck/aneck_40406.equ	[breast avatar]	77	3
equipment/character/swordman/avatar/neck/aneck_40407.equ	[breast avatar]	61	0
equipment/character/swordman/avatar/neck/aneck_40408.equ	[breast avatar]	61	1
equipment/character/swordman/avatar/neck/aneck_40409.equ	[breast avatar]	61	2
equipment/character/swordman/avatar/neck/aneck_40410.equ	[breast avatar]	61	3
equipment/character/swordman/avatar/neck/aneck_40411.equ	[breast avatar]	78	0
equipment/character/swordman/avatar/neck/aneck_40412.equ	[breast avatar]	78	1
equipment/character/swordman/avatar/neck/aneck_40413.equ	[breast avatar]	63	0
equipment/character/swordman/avatar/neck/aneck_40414.equ	[breast avatar]	63	1
equipment/character/swordman/avatar/neck/aneck_40415.equ	[breast avatar]	63	2
equipment/character/swordman/avatar/neck/aneck_40416.equ	[breast avatar]	63	3
equipment/character/swordman/avatar/neck/aneck_40417.equ	[breast avatar]	81	0
equipment/character/swordman/avatar/neck/aneck_40418.equ	[breast avatar]	81	1
equipment/character/swordman/avatar/neck/aneck_40419.equ	[breast avatar]	84	0
equipment/character/swordman/avatar/neck/aneck_40420.equ	[breast avatar]	79	0
equipment/character/swordman/avatar/neck/aneck_40421.equ	[breast avatar]	79	1
equipment/character/swordman/avatar/neck/aneck_40422.equ	[breast avatar]	79	2
equipment/character/swordman/avatar/neck/aneck_40423.equ	[breast avatar]	79	3
equipment/character/swordman/avatar/neck/aneck_40424.equ	[breast avatar]	90	0
equipment/character/swordman/avatar/neck/aneck_40425.equ	[breast avatar]	90	1
equipment/character/swordman/avatar/neck/aneck_40426.equ	[breast avatar]	90	2
equipment/character/swordman/avatar/neck/aneck_40427.equ	[breast avatar]	90	3
equipment/character/swordman/avatar/neck/aneck_40428.equ	[breast avatar]	94	0
equipment/character/swordman/avatar/neck/aneck_40429.equ	[breast avatar]	94	1
equipment/character/swordman/avatar/neck/aneck_40430.equ	[breast avatar]	94	2
equipment/character/swordman/avatar/neck/aneck_40437.equ	[breast avatar]	95	0
equipment/character/swordman/avatar/neck/aneck_40438.equ	[breast avatar]	85	0
equipment/character/swordman/avatar/neck/aneck_40439.equ	[breast avatar]	85	1
equipment/character/swordman/avatar/neck/aneck_40440.equ	[breast avatar]	85	2
equipment/character/swordman/avatar/neck/aneck_40441.equ	[breast avatar]	85	3
equipment/character/swordman/avatar/neck/aneck_40442.equ	[breast avatar]	89	0
equipment/character/swordman/avatar/neck/aneck_40443.equ	[breast avatar]	89	1
equipment/character/swordman/avatar/neck/aneck_40444.equ	[breast avatar]	89	2
equipment/character/swordman/avatar/neck/aneck_40445.equ	[breast avatar]	89	3
equipment/character/swordman/avatar/neck/aneck_40446.equ	[breast avatar]	91	0
equipment/character/swordman/avatar/neck/aneck_40447.equ	[breast avatar]	91	1
equipment/character/swordman/avatar/neck/aneck_40448.equ	[breast avatar]	91	2
equipment/character/swordman/avatar/neck/aneck_40449.equ	[breast avatar]	91	3
equipment/character/swordman/avatar/neck/aneck_aganzo.equ	[breast avatar]	36	0
equipment/character/swordman/avatar/neck/aneck_bkbead.equ	[breast avatar]	3	2
equipment/character/swordman/avatar/neck/aneck_bkskullneck.equ	[breast avatar]	7	1
equipment/character/swordman/avatar/neck/aneck_blbead.equ	[breast avatar]	3	1
equipment/character/swordman/avatar/neck/aneck_blgauzehood.equ	[breast avatar]	1	3
equipment/character/swordman/avatar/neck/aneck_blsharp.equ	[breast avatar]	38	2
equipment/character/swordman/avatar/neck/aneck_bltoenail.equ	[breast avatar]	9	3
equipment/character/swordman/avatar/neck/aneck_brightgauzehood.equ	[breast avatar]	1	1
equipment/character/swordman/avatar/neck/aneck_clonesw.equ	[breast avatar]	
equipment/character/swordman/avatar/neck/aneck_cpgothic.equ	[breast avatar]	5	1
equipment/character/swordman/avatar/neck/aneck_cpgothic2.equ	[breast avatar]	5	1
equipment/character/swordman/avatar/neck/aneck_gauzehood.equ	[breast avatar]	1	0
equipment/character/swordman/avatar/neck/aneck_gdgothic.equ	[breast avatar]	5	2
equipment/character/swordman/avatar/neck/aneck_gdgothic2.equ	[breast avatar]	5	2
equipment/character/swordman/avatar/neck/aneck_gdskullneck.equ	[breast avatar]	7	2
equipment/character/swordman/avatar/neck/aneck_gdtoenail.equ	[breast avatar]	9	1
equipment/character/swordman/avatar/neck/aneck_glowmuffler.equ	[breast avatar]	0	2
equipment/character/swordman/avatar/neck/aneck_grsharp.equ	[breast avatar]	38	0
equipment/character/swordman/avatar/neck/aneck_muffler.equ	[breast avatar]	0	0
equipment/character/swordman/avatar/neck/aneck_pksharp.equ	[breast avatar]	38	3
equipment/character/swordman/avatar/neck/aneck_ppbead.equ	[breast avatar]	3	3
equipment/character/swordman/avatar/neck/aneck_ptgothic.equ	[breast avatar]	5	0
equipment/character/swordman/avatar/neck/aneck_ptgothic2.equ	[breast avatar]	5	0
equipment/character/swordman/avatar/neck/aneck_rareclonesw.equ	[breast avatar]	
equipment/character/swordman/avatar/neck/aneck_rdbead.equ	[breast avatar]	3	0
equipment/character/swordman/avatar/neck/aneck_rdgauzehood.equ	[breast avatar]	1	2
equipment/character/swordman/avatar/neck/aneck_rdsharp.equ	[breast avatar]	38	1
equipment/character/swordman/avatar/neck/aneck_rdskullneck.equ	[breast avatar]	7	3
equipment/character/swordman/avatar/neck/aneck_rdtoenail.equ	[breast avatar]	9	2
equipment/character/swordman/avatar/neck/aneck_seamuffler.equ	[breast avatar]	0	3
equipment/character/swordman/avatar/neck/aneck_skymuffler.equ	[breast avatar]	0	1
equipment/character/swordman/avatar/neck/aneck_sltoenail.equ	[breast avatar]	9	0
equipment/character/swordman/avatar/neck/aneck_stgothic.equ	[breast avatar]	5	3
equipment/character/swordman/avatar/neck/aneck_stgothic2.equ	[breast avatar]	5	3
equipment/character/swordman/avatar/neck/aneck_svhobnail.equ	[breast avatar]	8	0
equipment/character/swordman/avatar/neck/aneck_tropical1.equ	[breast avatar]	22	0
equipment/character/swordman/avatar/neck/aneck_tropical2.equ	[breast avatar]	22	1
equipment/character/swordman/avatar/neck/aneck_tropical3.equ	[breast avatar]	22	2
equipment/character/swordman/avatar/neck/aneck_tropical4.equ	[breast avatar]	22	3
equipment/character/swordman/avatar/neck/aneck_wtskullneck.equ	[breast avatar]	7	0
equipment/character/swordman/avatar/neck/asguard_bkboneadorn.equ	[breast avatar]	31	0
equipment/character/swordman/avatar/neck/asguard_bkhorn.equ	[breast avatar]	23	2
equipment/character/swordman/avatar/neck/asguard_blboneadorn.equ	[breast avatar]	31	3
equipment/character/swordman/avatar/neck/asguard_blgrhorn.equ	[breast avatar]	23	0
equipment/character/swordman/avatar/neck/asguard_dpbrhorn.equ	[breast avatar]	23	3
equipment/character/swordman/avatar/neck/asguard_noblerdhawk.equ	[breast avatar]	24	0
equipment/character/swordman/avatar/neck/asguard_rdboneadorn.equ	[breast avatar]	31	1
equipment/character/swordman/avatar/neck/asguard_rdhorn.equ	[breast avatar]	23	1
equipment/character/swordman/avatar/neck/asguard_vlboneadorn.equ	[breast avatar]	31	2
equipment/character/swordman/avatar/neck/ashd_bkmoogak.equ	[breast avatar]	30	1
equipment/character/swordman/avatar/neck/ashd_glmoogak.equ	[breast avatar]	30	0
equipment/character/swordman/avatar/neck/ashguard_dkknight.equ	[breast avatar]	15	0
equipment/character/swordman/avatar/neck/asword_bksblade.equ	[breast avatar]	37	3
equipment/character/swordman/avatar/neck/asword_blbamboo.equ	[breast avatar]	21	2
equipment/character/swordman/avatar/neck/asword_blsblade.equ	[breast avatar]	37	1
equipment/character/swordman/avatar/neck/asword_kksblade.equ	[breast avatar]	37	2
equipment/character/swordman/avatar/neck/asword_rdbamboo.equ	[breast avatar]	21	3
equipment/character/swordman/avatar/neck/asword_rdsblade.equ	[breast avatar]	37	0
equipment/character/swordman/avatar/neck/asword_vlbamboo.equ	[breast avatar]	21	1
equipment/character/swordman/avatar/neck/asword_ylbamboo.equ	[breast avatar]	21	0
equipment/character/swordman/avatar/neck/atmuffler_black.equ	[breast avatar]	6	1
equipment/character/swordman/avatar/neck/atmuffler_brown.equ	[breast avatar]	6	2
equipment/character/swordman/avatar/neck/atmuffler_red.equ	[breast avatar]	6	0
equipment/character/swordman/avatar/neck/atmuffler_yellow.equ	[breast avatar]	6	3
equipment/character/swordman/avatar/neck/awing_bkfallangel.equ	[breast avatar]	16	0
equipment/character/swordman/avatar/neck/awing_blwyvern.equ	[breast avatar]	4	1
equipment/character/swordman/avatar/neck/awing_blwyvern2.equ	[breast avatar]	4	1
equipment/character/swordman/avatar/neck/awing_brfallangel.equ	[breast avatar]	16	2
equipment/character/swordman/avatar/neck/awing_dblfallangel.equ	[breast avatar]	16	3
equipment/character/swordman/avatar/neck/awing_gdwyvern.equ	[breast avatar]	4	0
equipment/character/swordman/avatar/neck/awing_gdwyvern2.equ	[breast avatar]	4	0
equipment/character/swordman/avatar/neck/awing_grwyvern.equ	[breast avatar]	4	3
equipment/character/swordman/avatar/neck/awing_grwyvern2.equ	[breast avatar]	4	3
equipment/character/swordman/avatar/neck/awing_rdfallangel.equ	[breast avatar]	16	1
equipment/character/swordman/avatar/neck/awing_slwyvern.equ	[breast avatar]	4	2
equipment/character/swordman/avatar/neck/awing_slwyvern2.equ	[breast avatar]	4	2
equipment/character/swordman/avatar/neck/chain_black.equ	[breast avatar]	2	3
equipment/character/swordman/avatar/neck/chain_copper.equ	[breast avatar]	2	1
equipment/character/swordman/avatar/neck/chain_gold.equ	[breast avatar]	2	2
equipment/character/swordman/avatar/neck/chain_silver.equ	[breast avatar]	2	0
equipment/character/swordman/avatar/neck/chn_equ_avatar_swordman_neck_101520523.equ	[breast avatar]	121	0
equipment/character/swordman/avatar/neck/chn_equ_avatar_swordman_neck_101520524.equ	[breast avatar]	121	1
equipment/character/swordman/avatar/neck/chn_equ_avatar_swordman_neck_101520525.equ	[breast avatar]	121	2
equipment/character/swordman/avatar/neck/chn_equ_avatar_swordman_neck_101520526.equ	[breast avatar]	121	3
equipment/character/swordman/avatar/neck/chn_equ_avatar_swordman_neck_101520538.equ	[breast avatar]	126	0
equipment/character/swordman/avatar/neck/chn_equ_avatar_swordman_neck_101520539.equ	[breast avatar]	126	1
equipment/character/swordman/avatar/neck/chn_equ_avatar_swordman_neck_101520540.equ	[breast avatar]	126	2
equipment/character/swordman/avatar/neck/chn_equ_avatar_swordman_neck_101520541.equ	[breast avatar]	126	3
equipment/character/swordman/avatar/neck/chn_equ_avatar_swordman_neck_101520558.equ	[breast avatar]	134	0
equipment/character/swordman/avatar/neck/chn_equ_avatar_swordman_neck_101520559.equ	[breast avatar]	134	1
equipment/character/swordman/avatar/neck/chn_equ_avatar_swordman_neck_101520560.equ	[breast avatar]	134	2
equipment/character/swordman/avatar/neck/chn_equ_avatar_swordman_neck_101520561.equ	[breast avatar]	134	3
equipment/character/swordman/avatar/neck/chn_equ_avatar_swordman_neck_601524370.equ	[breast avatar]	47	0
equipment/character/swordman/avatar/neck/chn_equ_avatar_swordman_neck_601524371.equ	[breast avatar]	47	1
equipment/character/swordman/avatar/neck/chn_equ_avatar_swordman_neck_601524372.equ	[breast avatar]	47	2
equipment/character/swordman/avatar/neck/chn_equ_avatar_swordman_neck_601524373.equ	[breast avatar]	47	3
equipment/character/swordman/avatar/neck/chn_equ_avatar_swordman_neck_601524374.equ	[breast avatar]	54	0
equipment/character/swordman/avatar/neck/chn_equ_avatar_swordman_neck_601524375.equ	[breast avatar]	54	1
equipment/character/swordman/avatar/neck/chn_equ_avatar_swordman_neck_601524376.equ	[breast avatar]	54	2
equipment/character/swordman/avatar/neck/chn_equ_avatar_swordman_neck_601524377.equ	[breast avatar]	54	3
equipment/character/swordman/avatar/neck/chn_equ_avatar_swordman_neck_601524382.equ	[breast avatar]	63	0
equipment/character/swordman/avatar/neck/chn_equ_avatar_swordman_neck_601524383.equ	[breast avatar]	63	1
equipment/character/swordman/avatar/neck/chn_equ_avatar_swordman_neck_601524384.equ	[breast avatar]	63	2
equipment/character/swordman/avatar/neck/chn_equ_avatar_swordman_neck_601524385.equ	[breast avatar]	63	3
equipment/character/swordman/avatar/neck/chn_equ_avatar_swordman_neck_601524390.equ	[breast avatar]	69	0
equipment/character/swordman/avatar/neck/chn_equ_avatar_swordman_neck_601524391.equ	[breast avatar]	69	1
equipment/character/swordman/avatar/neck/chn_equ_avatar_swordman_neck_601524392.equ	[breast avatar]	69	2
equipment/character/swordman/avatar/neck/chn_equ_avatar_swordman_neck_601524393.equ	[breast avatar]	69	3
equipment/character/swordman/avatar/neck/chn_equ_avatar_swordman_neck_601524394.equ	[breast avatar]	70	0
equipment/character/swordman/avatar/neck/chn_equ_avatar_swordman_neck_601524395.equ	[breast avatar]	70	1
equipment/character/swordman/avatar/neck/chn_equ_avatar_swordman_neck_601524396.equ	[breast avatar]	70	2
equipment/character/swordman/avatar/neck/chn_equ_avatar_swordman_neck_601524397.equ	[breast avatar]	70	3
equipment/character/swordman/avatar/neck/chn_equ_avatar_swordman_neck_601524398.equ	[breast avatar]	73	0
equipment/character/swordman/avatar/neck/chn_equ_avatar_swordman_neck_601524399.equ	[breast avatar]	73	1
equipment/character/swordman/avatar/neck/chn_equ_avatar_swordman_neck_601524400.equ	[breast avatar]	73	2
equipment/character/swordman/avatar/neck/chn_equ_avatar_swordman_neck_601524401.equ	[breast avatar]	73	3
equipment/character/swordman/avatar/neck/chn_equ_avatar_swordman_neck_601524402.equ	[breast avatar]	57	0
equipment/character/swordman/avatar/neck/chn_equ_avatar_swordman_neck_601524403.equ	[breast avatar]	57	1
equipment/character/swordman/avatar/neck/chn_equ_avatar_swordman_neck_601524404.equ	[breast avatar]	57	2
equipment/character/swordman/avatar/neck/chn_equ_avatar_swordman_neck_601524405.equ	[breast avatar]	57	3
equipment/character/swordman/avatar/neck/chn_equ_avatar_swordman_neck_601524410.equ	[breast avatar]	74	0
equipment/character/swordman/avatar/neck/chn_equ_avatar_swordman_neck_601524411.equ	[breast avatar]	74	1
equipment/character/swordman/avatar/neck/chn_equ_avatar_swordman_neck_601524412.equ	[breast avatar]	74	2
equipment/character/swordman/avatar/neck/chn_equ_avatar_swordman_neck_601524413.equ	[breast avatar]	74	3
equipment/character/swordman/avatar/neck/chn_equ_avatar_swordman_neck_601524414.equ	[breast avatar]	79	0
equipment/character/swordman/avatar/neck/chn_equ_avatar_swordman_neck_601524415.equ	[breast avatar]	79	1
equipment/character/swordman/avatar/neck/chn_equ_avatar_swordman_neck_601524416.equ	[breast avatar]	79	2
equipment/character/swordman/avatar/neck/chn_equ_avatar_swordman_neck_601524417.equ	[breast avatar]	79	3
equipment/character/swordman/avatar/neck/chn_equ_avatar_swordman_neck_601524419.equ	[breast avatar]	80	0
equipment/character/swordman/avatar/neck/chn_equ_avatar_swordman_neck_601524420.equ	[breast avatar]	80	1
equipment/character/swordman/avatar/neck/chn_equ_avatar_swordman_neck_601524421.equ	[breast avatar]	80	2
equipment/character/swordman/avatar/neck/chn_equ_avatar_swordman_neck_601524422.equ	[breast avatar]	80	3
equipment/character/swordman/avatar/neck/chn_equ_avatar_swordman_neck_601524427.equ	[breast avatar]	82	0
equipment/character/swordman/avatar/neck/chn_equ_avatar_swordman_neck_601524428.equ	[breast avatar]	82	1
equipment/character/swordman/avatar/neck/chn_equ_avatar_swordman_neck_601524429.equ	[breast avatar]	82	2
equipment/character/swordman/avatar/neck/chn_equ_avatar_swordman_neck_601524430.equ	[breast avatar]	82	3
equipment/character/swordman/avatar/neck/chn_equ_avatar_swordman_neck_601524445.equ	[breast avatar]	96	0
equipment/character/swordman/avatar/neck/chn_equ_avatar_swordman_neck_601524446.equ	[breast avatar]	96	1
equipment/character/swordman/avatar/neck/chn_equ_avatar_swordman_neck_601524447.equ	[breast avatar]	96	2
equipment/character/swordman/avatar/neck/chn_equ_avatar_swordman_neck_601524448.equ	[breast avatar]	96	3
equipment/character/swordman/avatar/neck/chn_equ_avatar_swordman_neck_601524457.equ	[breast avatar]	86	0
equipment/character/swordman/avatar/neck/chn_equ_avatar_swordman_neck_601524458.equ	[breast avatar]	86	1
equipment/character/swordman/avatar/neck/chn_equ_avatar_swordman_neck_601524459.equ	[breast avatar]	86	2
equipment/character/swordman/avatar/neck/chn_equ_avatar_swordman_neck_601524460.equ	[breast avatar]	86	3
equipment/character/swordman/avatar/neck/chn_equ_avatar_swordman_neck_601524477.equ	[breast avatar]	87	0
equipment/character/swordman/avatar/neck/chn_equ_avatar_swordman_neck_601524478.equ	[breast avatar]	87	1
equipment/character/swordman/avatar/neck/chn_equ_avatar_swordman_neck_601524479.equ	[breast avatar]	87	2
equipment/character/swordman/avatar/neck/chn_equ_avatar_swordman_neck_601524480.equ	[breast avatar]	87	3
equipment/character/swordman/avatar/neck/chn_equ_special_avatar_swordman_neck_101520516.equ	[breast avatar]	106	0
equipment/character/swordman/avatar/neck/chn_equ_special_avatar_swordman_neck_101520517.equ	[breast avatar]	109	0
equipment/character/swordman/avatar/neck/chn_equ_special_avatar_swordman_neck_101520521.equ	[breast avatar]	104	0
equipment/character/swordman/avatar/neck/chn_equ_special_avatar_swordman_neck_101520544.equ	[breast avatar]	131	0
equipment/character/swordman/avatar/neck/chn_equ_special_avatar_swordman_neck_101520545.equ	[breast avatar]	131	1
equipment/character/swordman/avatar/neck/chn_equ_special_avatar_swordman_neck_101520554.equ	[breast avatar]	135	0
equipment/character/swordman/avatar/neck/chn_equ_special_avatar_swordman_neck_101520555.equ	[breast avatar]	135	1
equipment/character/swordman/avatar/neck/chn_equ_special_avatar_swordman_neck_101520556.equ	[breast avatar]	135	2
equipment/character/swordman/avatar/neck/chn_equ_special_avatar_swordman_neck_101520557.equ	[breast avatar]	135	3
equipment/character/swordman/avatar/neck/chn_equ_special_avatar_swordman_neck_101520567.equ	[breast avatar]	60	0
equipment/character/swordman/avatar/neck/chn_equ_special_avatar_swordman_neck_101520568.equ	[breast avatar]	60	1
equipment/character/swordman/avatar/neck/chn_equ_special_avatar_swordman_neck_101520569.equ	[breast avatar]	60	2
equipment/character/swordman/avatar/neck/chn_equ_special_avatar_swordman_neck_101520570.equ	[breast avatar]	60	3
equipment/character/swordman/avatar/neck/chn_equ_special_avatar_swordman_neck_101520572.equ	[breast avatar]	145	0
equipment/character/swordman/avatar/neck/chn_equ_special_avatar_swordman_neck_101520573.equ	[breast avatar]	145	1
equipment/character/swordman/avatar/neck/chn_equ_special_avatar_swordman_neck_101520574.equ	[breast avatar]	145	2
equipment/character/swordman/avatar/neck/chn_equ_special_avatar_swordman_neck_101520575.equ	[breast avatar]	145	3
equipment/character/swordman/avatar/neck/chn_equ_special_avatar_swordman_neck_101520584.equ	[breast avatar]	143	0
equipment/character/swordman/avatar/neck/chn_equ_special_avatar_swordman_neck_101520585.equ	[breast avatar]	143	1
equipment/character/swordman/avatar/neck/chn_equ_special_avatar_swordman_neck_101520586.equ	[breast avatar]	143	2
equipment/character/swordman/avatar/neck/chn_equ_special_avatar_swordman_neck_101520587.equ	[breast avatar]	143	3
equipment/character/swordman/avatar/neck/chn_equ_special_avatar_swordman_neck_101520590.equ	[breast avatar]	136	0
equipment/character/swordman/avatar/neck/chn_equ_special_avatar_swordman_neck_101520591.equ	[breast avatar]	136	1
equipment/character/swordman/avatar/neck/chn_equ_special_avatar_swordman_neck_101520592.equ	[breast avatar]	136	2
equipment/character/swordman/avatar/neck/chn_equ_special_avatar_swordman_neck_101520595.equ	[breast avatar]	
equipment/character/swordman/avatar/neck/chn_equ_special_avatar_swordman_neck_101520603.equ	[breast avatar]	152	0
equipment/character/swordman/avatar/neck/chn_equ_special_avatar_swordman_neck_101520604.equ	[breast avatar]	152	1
equipment/character/swordman/avatar/neck/chn_equ_special_avatar_swordman_neck_101520605.equ	[breast avatar]	152	2
equipment/character/swordman/avatar/neck/chn_equ_special_avatar_swordman_neck_101520606.equ	[breast avatar]	152	3
equipment/character/swordman/avatar/neck/chn_equ_special_avatar_swordman_neck_101520611.equ	[breast avatar]	158	0
equipment/character/swordman/avatar/neck/chn_equ_special_avatar_swordman_neck_101520612.equ	[breast avatar]	158	1
equipment/character/swordman/avatar/neck/chn_equ_special_avatar_swordman_neck_101520613.equ	[breast avatar]	158	2
equipment/character/swordman/avatar/neck/chn_equ_special_avatar_swordman_neck_101520614.equ	[breast avatar]	158	3
equipment/character/swordman/avatar/neck/chn_equ_special_avatar_swordman_neck_101520616.equ	[breast avatar]	127	0
equipment/character/swordman/avatar/neck/chn_equ_special_avatar_swordman_neck_101520617.equ	[breast avatar]	127	1
equipment/character/swordman/avatar/neck/chn_equ_special_avatar_swordman_neck_101520620.equ	[breast avatar]	162	0
equipment/character/swordman/avatar/neck/chn_equ_special_avatar_swordman_neck_101520621.equ	[breast avatar]	162	1
equipment/character/swordman/avatar/neck/chn_equ_special_avatar_swordman_neck_101520622.equ	[breast avatar]	162	2
equipment/character/swordman/avatar/neck/chn_equ_special_avatar_swordman_neck_101520623.equ	[breast avatar]	162	3
equipment/character/swordman/avatar/neck/chn_equ_special_avatar_swordman_neck_101520624.equ	[breast avatar]	137	0
equipment/character/swordman/avatar/neck/chn_equ_special_avatar_swordman_neck_101520625.equ	[breast avatar]	137	1
equipment/character/swordman/avatar/neck/chn_equ_special_avatar_swordman_neck_101520626.equ	[breast avatar]	137	2
equipment/character/swordman/avatar/neck/chn_equ_special_avatar_swordman_neck_101520627.equ	[breast avatar]	163	0
equipment/character/swordman/avatar/neck/chn_equ_special_avatar_swordman_neck_101520628.equ	[breast avatar]	163	1
equipment/character/swordman/avatar/neck/chn_equ_special_avatar_swordman_neck_101520629.equ	[breast avatar]	163	2
equipment/character/swordman/avatar/neck/chn_equ_special_avatar_swordman_neck_101520630.equ	[breast avatar]	163	3
equipment/character/swordman/avatar/neck/chn_equ_special_avatar_swordman_neck_2684386.equ	[breast avatar]	68	0
equipment/character/swordman/avatar/neck/chn_equ_special_avatar_swordman_neck_2684387.equ	[breast avatar]	68	1
equipment/character/swordman/avatar/neck/chn_equ_special_avatar_swordman_neck_2684388.equ	[breast avatar]	68	2
equipment/character/swordman/avatar/neck/chn_equ_special_avatar_swordman_neck_2684389.equ	[breast avatar]	68	3
equipment/character/swordman/avatar/neck/chn_equ_special_avatar_swordman_neck_2684406.equ	[breast avatar]	76	0
equipment/character/swordman/avatar/neck/chn_equ_special_avatar_swordman_neck_2684407.equ	[breast avatar]	76	1
equipment/character/swordman/avatar/neck/chn_equ_special_avatar_swordman_neck_2684408.equ	[breast avatar]	76	2
equipment/character/swordman/avatar/neck/chn_equ_special_avatar_swordman_neck_2684409.equ	[breast avatar]	76	3
equipment/character/swordman/avatar/neck/chn_equ_special_avatar_swordman_neck_2684423.equ	[breast avatar]	58	0
equipment/character/swordman/avatar/neck/chn_equ_special_avatar_swordman_neck_2684424.equ	[breast avatar]	58	1
equipment/character/swordman/avatar/neck/chn_equ_special_avatar_swordman_neck_2684425.equ	[breast avatar]	58	2
equipment/character/swordman/avatar/neck/chn_equ_special_avatar_swordman_neck_2684426.equ	[breast avatar]	58	3
equipment/character/swordman/avatar/neck/chn_equ_upper_avatar_swordman_neck_101520496.equ	[breast avatar]	112	0
equipment/character/swordman/avatar/neck/chn_equ_upper_avatar_swordman_neck_101520497.equ	[breast avatar]	112	1
equipment/character/swordman/avatar/neck/chn_equ_upper_avatar_swordman_neck_101520498.equ	[breast avatar]	112	2
equipment/character/swordman/avatar/neck/chn_equ_upper_avatar_swordman_neck_101520499.equ	[breast avatar]	112	3
equipment/character/swordman/avatar/neck/chn_equ_upper_avatar_swordman_neck_101520527.equ	[breast avatar]	125	0
equipment/character/swordman/avatar/neck/chn_equ_upper_avatar_swordman_neck_101520528.equ	[breast avatar]	125	1
equipment/character/swordman/avatar/neck/chn_equ_upper_avatar_swordman_neck_101520529.equ	[breast avatar]	125	2
equipment/character/swordman/avatar/neck/chn_equ_upper_avatar_swordman_neck_101520530.equ	[breast avatar]	125	3
equipment/character/swordman/avatar/neck/chn_equ_upper_avatar_swordman_neck_101520546.equ	[breast avatar]	61	0
equipment/character/swordman/avatar/neck/chn_equ_upper_avatar_swordman_neck_101520547.equ	[breast avatar]	61	1
equipment/character/swordman/avatar/neck/chn_equ_upper_avatar_swordman_neck_101520548.equ	[breast avatar]	61	2
equipment/character/swordman/avatar/neck/chn_equ_upper_avatar_swordman_neck_101520549.equ	[breast avatar]	61	3
equipment/character/swordman/avatar/neck/chn_equ_upper_avatar_swordman_neck_101520642.equ	[breast avatar]	168	0
equipment/character/swordman/avatar/neck/chn_equ_upper_avatar_swordman_neck_101520643.equ	[breast avatar]	168	1
equipment/character/swordman/avatar/neck/chn_equ_upper_avatar_swordman_neck_101520644.equ	[breast avatar]	168	2
equipment/character/swordman/avatar/neck/chn_equ_upper_avatar_swordman_neck_101520645.equ	[breast avatar]	168	3
equipment/character/swordman/avatar/neck/chn_equ_upper_avatar_swordman_neck_601524149.equ	[breast avatar]	105	3
equipment/character/swordman/avatar/neck/chn_equ_upper_avatar_swordman_neck_601524378.equ	[breast avatar]	64	0
equipment/character/swordman/avatar/neck/chn_equ_upper_avatar_swordman_neck_601524379.equ	[breast avatar]	64	1
equipment/character/swordman/avatar/neck/chn_equ_upper_avatar_swordman_neck_601524380.equ	[breast avatar]	64	2
equipment/character/swordman/avatar/neck/chn_equ_upper_avatar_swordman_neck_601524381.equ	[breast avatar]	64	3
equipment/character/swordman/avatar/neck/chn_equ_upper_avatar_swordman_neck_601524431.equ	[breast avatar]	85	0
equipment/character/swordman/avatar/neck/chn_equ_upper_avatar_swordman_neck_601524432.equ	[breast avatar]	85	1
equipment/character/swordman/avatar/neck/chn_equ_upper_avatar_swordman_neck_601524433.equ	[breast avatar]	85	2
equipment/character/swordman/avatar/neck/chn_equ_upper_avatar_swordman_neck_601524434.equ	[breast avatar]	85	3
equipment/character/swordman/avatar/neck/chn_equ_upper_avatar_swordman_neck_601524435.equ	[breast avatar]	89	0
equipment/character/swordman/avatar/neck/chn_equ_upper_avatar_swordman_neck_601524436.equ	[breast avatar]	89	1
equipment/character/swordman/avatar/neck/chn_equ_upper_avatar_swordman_neck_601524437.equ	[breast avatar]	89	2
equipment/character/swordman/avatar/neck/chn_equ_upper_avatar_swordman_neck_601524438.equ	[breast avatar]	89	3
equipment/character/swordman/avatar/neck/chn_equ_upper_avatar_swordman_neck_601524449.equ	[breast avatar]	91	0
equipment/character/swordman/avatar/neck/chn_equ_upper_avatar_swordman_neck_601524450.equ	[breast avatar]	91	1
equipment/character/swordman/avatar/neck/chn_equ_upper_avatar_swordman_neck_601524451.equ	[breast avatar]	91	2
equipment/character/swordman/avatar/neck/chn_equ_upper_avatar_swordman_neck_601524452.equ	[breast avatar]	91	3
equipment/character/swordman/avatar/neck/chn_equ_upper_avatar_swordman_neck_601524463.equ	[breast avatar]	102	0
equipment/character/swordman/avatar/neck/chn_equ_upper_avatar_swordman_neck_601524464.equ	[breast avatar]	102	1
equipment/character/swordman/avatar/neck/chn_equ_upper_avatar_swordman_neck_601524465.equ	[breast avatar]	102	2
equipment/character/swordman/avatar/neck/chn_equ_upper_avatar_swordman_neck_601524466.equ	[breast avatar]	102	3
equipment/character/swordman/avatar/neck/chn_equ_upper_avatar_swordman_neck_601524497.equ	[breast avatar]	105	0
equipment/character/swordman/avatar/neck/chn_equ_upper_avatar_swordman_neck_601524498.equ	[breast avatar]	105	1
equipment/character/swordman/avatar/neck/chn_equ_upper_avatar_swordman_neck_601524499.equ	[breast avatar]	105	2
equipment/character/swordman/avatar/neck/gm_sword_neck.equ	[breast avatar]	15	1
equipment/character/swordman/avatar/neck/goldabundle_bkblue.equ	[breast avatar]	19	1
equipment/character/swordman/avatar/neck/goldabundle_ivory.equ	[breast avatar]	19	0
equipment/character/swordman/avatar/neck/goldabundle_white.equ	[breast avatar]	19	3
equipment/character/swordman/avatar/neck/goldabundle_yellow.equ	[breast avatar]	19	2
equipment/character/swordman/avatar/neck/goldaneck_glowmuffler.equ	[breast avatar]	0	2
equipment/character/swordman/avatar/neck/goldaneck_muffler.equ	[breast avatar]	0	0
equipment/character/swordman/avatar/neck/goldaneck_seamuffler.equ	[breast avatar]	0	3
equipment/character/swordman/avatar/neck/goldaneck_skymuffler.equ	[breast avatar]	0	1
equipment/character/swordman/avatar/pants/101510008.equ	[pants avatar]	116	0
equipment/character/swordman/avatar/pants/101510419.equ	[pants avatar]	33	0
equipment/character/swordman/avatar/pants/101510420.equ	[pants avatar]	33	1
equipment/character/swordman/avatar/pants/101510421.equ	[pants avatar]	34	0
equipment/character/swordman/avatar/pants/101510422.equ	[pants avatar]	39	0
equipment/character/swordman/avatar/pants/101510423.equ	[pants avatar]	39	1
equipment/character/swordman/avatar/pants/101510424.equ	[pants avatar]	39	2
equipment/character/swordman/avatar/pants/101510425.equ	[pants avatar]	39	3
equipment/character/swordman/avatar/pants/101510426.equ	[pants avatar]	41	0
equipment/character/swordman/avatar/pants/101510427.equ	[pants avatar]	41	1
equipment/character/swordman/avatar/pants/101510428.equ	[pants avatar]	41	2
equipment/character/swordman/avatar/pants/101510429.equ	[pants avatar]	41	3
equipment/character/swordman/avatar/pants/101510430.equ	[pants avatar]	46	0
equipment/character/swordman/avatar/pants/101510431.equ	[pants avatar]	46	1
equipment/character/swordman/avatar/pants/101510432.equ	[pants avatar]	46	2
equipment/character/swordman/avatar/pants/101510433.equ	[pants avatar]	46	3
equipment/character/swordman/avatar/pants/101510434.equ	[pants avatar]	48	0
equipment/character/swordman/avatar/pants/101510435.equ	[pants avatar]	48	1
equipment/character/swordman/avatar/pants/101510436.equ	[pants avatar]	48	2
equipment/character/swordman/avatar/pants/101510437.equ	[pants avatar]	48	3
equipment/character/swordman/avatar/pants/101510438.equ	[pants avatar]	56	3
equipment/character/swordman/avatar/pants/101510439.equ	[pants avatar]	58	0
equipment/character/swordman/avatar/pants/101510440.equ	[pants avatar]	58	1
equipment/character/swordman/avatar/pants/101510441.equ	[pants avatar]	58	2
equipment/character/swordman/avatar/pants/101510442.equ	[pants avatar]	58	3
equipment/character/swordman/avatar/pants/101510443.equ	[pants avatar]	61	2
equipment/character/swordman/avatar/pants/101510444.equ	[pants avatar]	62	2
equipment/character/swordman/avatar/pants/101510445.equ	[pants avatar]	62	3
equipment/character/swordman/avatar/pants/101510446.equ	[pants avatar]	63	0
equipment/character/swordman/avatar/pants/101510447.equ	[pants avatar]	63	1
equipment/character/swordman/avatar/pants/101510448.equ	[pants avatar]	70	3
equipment/character/swordman/avatar/pants/101510449.equ	[pants avatar]	73	0
equipment/character/swordman/avatar/pants/101510450.equ	[pants avatar]	73	1
equipment/character/swordman/avatar/pants/101510451.equ	[pants avatar]	73	2
equipment/character/swordman/avatar/pants/101510452.equ	[pants avatar]	73	3
equipment/character/swordman/avatar/pants/101510453.equ	[pants avatar]	74	0
equipment/character/swordman/avatar/pants/101510454.equ	[pants avatar]	74	1
equipment/character/swordman/avatar/pants/101510455.equ	[pants avatar]	90	0
equipment/character/swordman/avatar/pants/101510456.equ	[pants avatar]	90	1
equipment/character/swordman/avatar/pants/101510457.equ	[pants avatar]	90	2
equipment/character/swordman/avatar/pants/101510458.equ	[pants avatar]	90	3
equipment/character/swordman/avatar/pants/101510459.equ	[pants avatar]	82	3
equipment/character/swordman/avatar/pants/101510460.equ	[pants avatar]	94	1
equipment/character/swordman/avatar/pants/101510461.equ	[pants avatar]	94	2
equipment/character/swordman/avatar/pants/101510462.equ	[pants avatar]	94	3
equipment/character/swordman/avatar/pants/101510463.equ	[pants avatar]	
equipment/character/swordman/avatar/pants/101510464.equ	[pants avatar]	1	1
equipment/character/swordman/avatar/pants/101510465.equ	[pants avatar]	1	2
equipment/character/swordman/avatar/pants/101510466.equ	[pants avatar]	1	3
equipment/character/swordman/avatar/pants/101510467.equ	[pants avatar]	2	1
equipment/character/swordman/avatar/pants/101510468.equ	[pants avatar]	2	2
equipment/character/swordman/avatar/pants/101510469.equ	[pants avatar]	2	3
equipment/character/swordman/avatar/pants/101510470.equ	[pants avatar]	3	1
equipment/character/swordman/avatar/pants/101510471.equ	[pants avatar]	3	2
equipment/character/swordman/avatar/pants/101510472.equ	[pants avatar]	3	3
equipment/character/swordman/avatar/pants/101510473.equ	[pants avatar]	4	1
equipment/character/swordman/avatar/pants/101510474.equ	[pants avatar]	12	3
equipment/character/swordman/avatar/pants/101510475.equ	[pants avatar]	13	0
equipment/character/swordman/avatar/pants/101510476.equ	[pants avatar]	13	1
equipment/character/swordman/avatar/pants/101510477.equ	[pants avatar]	13	2
equipment/character/swordman/avatar/pants/101510478.equ	[pants avatar]	13	3
equipment/character/swordman/avatar/pants/101510479.equ	[pants avatar]	16	0
equipment/character/swordman/avatar/pants/101510480.equ	[pants avatar]	16	1
equipment/character/swordman/avatar/pants/101510481.equ	[pants avatar]	16	2
equipment/character/swordman/avatar/pants/101510482.equ	[pants avatar]	16	3
equipment/character/swordman/avatar/pants/101510483.equ	[pants avatar]	17	0
equipment/character/swordman/avatar/pants/101510484.equ	[pants avatar]	18	3
equipment/character/swordman/avatar/pants/101510485.equ	[pants avatar]	33	2
equipment/character/swordman/avatar/pants/101510486.equ	[pants avatar]	33	3
equipment/character/swordman/avatar/pants/101510487.equ	[pants avatar]	34	1
equipment/character/swordman/avatar/pants/101510488.equ	[pants avatar]	34	2
equipment/character/swordman/avatar/pants/101510489.equ	[pants avatar]	34	3
equipment/character/swordman/avatar/pants/101510490.equ	[pants avatar]	36	0
equipment/character/swordman/avatar/pants/101510491.equ	[pants avatar]	36	1
equipment/character/swordman/avatar/pants/101510492.equ	[pants avatar]	36	2
equipment/character/swordman/avatar/pants/101510493.equ	[pants avatar]	36	3
equipment/character/swordman/avatar/pants/101510494.equ	[pants avatar]	38	0
equipment/character/swordman/avatar/pants/101510495.equ	[pants avatar]	38	1
equipment/character/swordman/avatar/pants/101510496.equ	[pants avatar]	38	2
equipment/character/swordman/avatar/pants/101510497.equ	[pants avatar]	38	3
equipment/character/swordman/avatar/pants/101510498.equ	[pants avatar]	44	0
equipment/character/swordman/avatar/pants/101510499.equ	[pants avatar]	44	1
equipment/character/swordman/avatar/pants/101510500.equ	[pants avatar]	44	2
equipment/character/swordman/avatar/pants/101510501.equ	[pants avatar]	44	3
equipment/character/swordman/avatar/pants/101510502.equ	[pants avatar]	55	0
equipment/character/swordman/avatar/pants/101510503.equ	[pants avatar]	55	1
equipment/character/swordman/avatar/pants/101510504.equ	[pants avatar]	55	2
equipment/character/swordman/avatar/pants/101510505.equ	[pants avatar]	55	3
equipment/character/swordman/avatar/pants/101510506.equ	[pants avatar]	56	0
equipment/character/swordman/avatar/pants/101510507.equ	[pants avatar]	56	1
equipment/character/swordman/avatar/pants/101510508.equ	[pants avatar]	56	2
equipment/character/swordman/avatar/pants/101510509.equ	[pants avatar]	61	0
equipment/character/swordman/avatar/pants/101510510.equ	[pants avatar]	61	1
equipment/character/swordman/avatar/pants/101510511.equ	[pants avatar]	61	3
equipment/character/swordman/avatar/pants/101510512.equ	[pants avatar]	62	0
equipment/character/swordman/avatar/pants/101510513.equ	[pants avatar]	62	1
equipment/character/swordman/avatar/pants/101510514.equ	[pants avatar]	63	2
equipment/character/swordman/avatar/pants/101510515.equ	[pants avatar]	63	3
equipment/character/swordman/avatar/pants/101510516.equ	[pants avatar]	70	0
equipment/character/swordman/avatar/pants/101510517.equ	[pants avatar]	70	1
equipment/character/swordman/avatar/pants/101510518.equ	[pants avatar]	70	2
equipment/character/swordman/avatar/pants/101510519.equ	[pants avatar]	74	2
equipment/character/swordman/avatar/pants/101510520.equ	[pants avatar]	74	3
equipment/character/swordman/avatar/pants/101510521.equ	[pants avatar]	82	0
equipment/character/swordman/avatar/pants/101510522.equ	[pants avatar]	82	1
equipment/character/swordman/avatar/pants/101510523.equ	[pants avatar]	82	2
equipment/character/swordman/avatar/pants/101510524.equ	[pants avatar]	94	0
equipment/character/swordman/avatar/pants/101510525.equ	[pants avatar]	96	0
equipment/character/swordman/avatar/pants/101510526.equ	[pants avatar]	96	1
equipment/character/swordman/avatar/pants/101510527.equ	[pants avatar]	96	2
equipment/character/swordman/avatar/pants/101510528.equ	[pants avatar]	96	3
equipment/character/swordman/avatar/pants/101510529.equ	[pants avatar]	98	0
equipment/character/swordman/avatar/pants/101510530.equ	[pants avatar]	98	1
equipment/character/swordman/avatar/pants/101510531.equ	[pants avatar]	98	2
equipment/character/swordman/avatar/pants/101510532.equ	[pants avatar]	98	3
equipment/character/swordman/avatar/pants/101510533.equ	[pants avatar]	1	0
equipment/character/swordman/avatar/pants/101510534.equ	[pants avatar]	2	0
equipment/character/swordman/avatar/pants/101510535.equ	[pants avatar]	3	0
equipment/character/swordman/avatar/pants/101510536.equ	[pants avatar]	6	0
equipment/character/swordman/avatar/pants/101510537.equ	[pants avatar]	4	0
equipment/character/swordman/avatar/pants/101510538.equ	[pants avatar]	5	0
equipment/character/swordman/avatar/pants/101510539.equ	[pants avatar]	7	0
equipment/character/swordman/avatar/pants/101510540.equ	[pants avatar]	4	2
equipment/character/swordman/avatar/pants/101510541.equ	[pants avatar]	4	3
equipment/character/swordman/avatar/pants/101510542.equ	[pants avatar]	5	1
equipment/character/swordman/avatar/pants/101510543.equ	[pants avatar]	5	2
equipment/character/swordman/avatar/pants/101510544.equ	[pants avatar]	5	3
equipment/character/swordman/avatar/pants/101510545.equ	[pants avatar]	6	1
equipment/character/swordman/avatar/pants/101510546.equ	[pants avatar]	6	2
equipment/character/swordman/avatar/pants/101510547.equ	[pants avatar]	6	3
equipment/character/swordman/avatar/pants/101510548.equ	[pants avatar]	7	1
equipment/character/swordman/avatar/pants/101510549.equ	[pants avatar]	7	2
equipment/character/swordman/avatar/pants/101510550.equ	[pants avatar]	7	3
equipment/character/swordman/avatar/pants/101510551.equ	[pants avatar]	8	0
equipment/character/swordman/avatar/pants/101510552.equ	[pants avatar]	9	0
equipment/character/swordman/avatar/pants/101510553.equ	[pants avatar]	10	0
equipment/character/swordman/avatar/pants/101510554.equ	[pants avatar]	8	1
equipment/character/swordman/avatar/pants/101510555.equ	[pants avatar]	8	2
equipment/character/swordman/avatar/pants/101510556.equ	[pants avatar]	8	3
equipment/character/swordman/avatar/pants/101510557.equ	[pants avatar]	9	1
equipment/character/swordman/avatar/pants/101510558.equ	[pants avatar]	9	2
equipment/character/swordman/avatar/pants/101510559.equ	[pants avatar]	9	3
equipment/character/swordman/avatar/pants/101510560.equ	[pants avatar]	10	1
equipment/character/swordman/avatar/pants/101510561.equ	[pants avatar]	10	2
equipment/character/swordman/avatar/pants/101510562.equ	[pants avatar]	10	3
equipment/character/swordman/avatar/pants/101510563.equ	[pants avatar]	11	0
equipment/character/swordman/avatar/pants/101510564.equ	[pants avatar]	11	1
equipment/character/swordman/avatar/pants/101510565.equ	[pants avatar]	11	2
equipment/character/swordman/avatar/pants/101510566.equ	[pants avatar]	11	3
equipment/character/swordman/avatar/pants/101510567.equ	[pants avatar]	12	0
equipment/character/swordman/avatar/pants/101510568.equ	[pants avatar]	12	1
equipment/character/swordman/avatar/pants/101510569.equ	[pants avatar]	12	2
equipment/character/swordman/avatar/pants/101510570.equ	[pants avatar]	17	1
equipment/character/swordman/avatar/pants/101510571.equ	[pants avatar]	17	2
equipment/character/swordman/avatar/pants/101510572.equ	[pants avatar]	17	3
equipment/character/swordman/avatar/pants/101510573.equ	[pants avatar]	15	0
equipment/character/swordman/avatar/pants/101510574.equ	[pants avatar]	15	1
equipment/character/swordman/avatar/pants/101510575.equ	[pants avatar]	15	2
equipment/character/swordman/avatar/pants/101510576.equ	[pants avatar]	15	3
equipment/character/swordman/avatar/pants/101510577.equ	[pants avatar]	18	0
equipment/character/swordman/avatar/pants/101510578.equ	[pants avatar]	18	1
equipment/character/swordman/avatar/pants/101510579.equ	[pants avatar]	18	2
equipment/character/swordman/avatar/pants/101510580.equ	[pants avatar]	111	0
equipment/character/swordman/avatar/pants/101510581.equ	[pants avatar]	111	1
equipment/character/swordman/avatar/pants/101510582.equ	[pants avatar]	111	2
equipment/character/swordman/avatar/pants/101510597.equ	[pants avatar]	116	0
equipment/character/swordman/avatar/pants/101510598.equ	[pants avatar]	116	0
equipment/character/swordman/avatar/pants/101510599.equ	[pants avatar]	114	0
equipment/character/swordman/avatar/pants/101510600.equ	[pants avatar]	114	1
equipment/character/swordman/avatar/pants/101510601.equ	[pants avatar]	114	2
equipment/character/swordman/avatar/pants/101510602.equ	[pants avatar]	114	3
equipment/character/swordman/avatar/pants/101510603.equ	[pants avatar]	114	0
equipment/character/swordman/avatar/pants/101510604.equ	[pants avatar]	114	1
equipment/character/swordman/avatar/pants/101510605.equ	[pants avatar]	114	2
equipment/character/swordman/avatar/pants/101510606.equ	[pants avatar]	114	3
equipment/character/swordman/avatar/pants/101510607.equ	[pants avatar]	127	0
equipment/character/swordman/avatar/pants/101510608.equ	[pants avatar]	128	0
equipment/character/swordman/avatar/pants/101510609.equ	[pants avatar]	129	0
equipment/character/swordman/avatar/pants/101510610.equ	[pants avatar]	130	0
equipment/character/swordman/avatar/pants/101510611.equ	[pants avatar]	127	0
equipment/character/swordman/avatar/pants/101510612.equ	[pants avatar]	128	0
equipment/character/swordman/avatar/pants/101510613.equ	[pants avatar]	129	0
equipment/character/swordman/avatar/pants/101510614.equ	[pants avatar]	130	0
equipment/character/swordman/avatar/pants/101510623.equ	[pants avatar]	110	0
equipment/character/swordman/avatar/pants/101510624.equ	[pants avatar]	110	1
equipment/character/swordman/avatar/pants/101510625.equ	[pants avatar]	124	0
equipment/character/swordman/avatar/pants/101510626.equ	[pants avatar]	124	1
equipment/character/swordman/avatar/pants/101510627.equ	[pants avatar]	124	2
equipment/character/swordman/avatar/pants/101510628.equ	[pants avatar]	124	3
equipment/character/swordman/avatar/pants/101510629.equ	[pants avatar]	124	0
equipment/character/swordman/avatar/pants/101510630.equ	[pants avatar]	124	1
equipment/character/swordman/avatar/pants/101510631.equ	[pants avatar]	124	2
equipment/character/swordman/avatar/pants/101510632.equ	[pants avatar]	124	3
equipment/character/swordman/avatar/pants/101510633.equ	[pants avatar]	96	0
equipment/character/swordman/avatar/pants/101510634.equ	[pants avatar]	96	0
equipment/character/swordman/avatar/pants/101510636.equ	[pants avatar]	57	0
equipment/character/swordman/avatar/pants/101510637.equ	[pants avatar]	57	0
equipment/character/swordman/avatar/pants/101510638.equ	[pants avatar]	57	0
equipment/character/swordman/avatar/pants/101510639.equ	[pants avatar]	57	0
equipment/character/swordman/avatar/pants/101510640.equ	[pants avatar]	57	0
equipment/character/swordman/avatar/pants/101510641.equ	[pants avatar]	57	0
equipment/character/swordman/avatar/pants/101510642.equ	[pants avatar]	57	0
equipment/character/swordman/avatar/pants/101510643.equ	[pants avatar]	57	0
equipment/character/swordman/avatar/pants/101510644.equ	[pants avatar]	57	0
equipment/character/swordman/avatar/pants/101510645.equ	[pants avatar]	57	0
equipment/character/swordman/avatar/pants/101510646.equ	[pants avatar]	57	0
equipment/character/swordman/avatar/pants/101510647.equ	[pants avatar]	57	0
equipment/character/swordman/avatar/pants/101510648.equ	[pants avatar]	57	0
equipment/character/swordman/avatar/pants/101510649.equ	[pants avatar]	57	0
equipment/character/swordman/avatar/pants/101510650.equ	[pants avatar]	57	0
equipment/character/swordman/avatar/pants/101511859.equ	[pants avatar]	59	2
equipment/character/swordman/avatar/pants/101511901.equ	[pants avatar]	181	0
equipment/character/swordman/avatar/pants/101511902.equ	[pants avatar]	181	1
equipment/character/swordman/avatar/pants/101511903.equ	[pants avatar]	181	2
equipment/character/swordman/avatar/pants/101511904.equ	[pants avatar]	181	3
equipment/character/swordman/avatar/pants/101511995.equ	[pants avatar]	205	0
equipment/character/swordman/avatar/pants/101511999.equ	[pants avatar]	206	0
equipment/character/swordman/avatar/pants/101512003.equ	[pants avatar]	207	0
equipment/character/swordman/avatar/pants/101512007.equ	[pants avatar]	208	0
equipment/character/swordman/avatar/pants/1050000.equ	[pants avatar]	1	0
equipment/character/swordman/avatar/pants/1050001.equ	[pants avatar]	2	0
equipment/character/swordman/avatar/pants/1050002.equ	[pants avatar]	3	0
equipment/character/swordman/avatar/pants/1050003.equ	[pants avatar]	6	0
equipment/character/swordman/avatar/pants/1050004.equ	[pants avatar]	4	0
equipment/character/swordman/avatar/pants/1050005.equ	[pants avatar]	5	0
equipment/character/swordman/avatar/pants/1050006.equ	[pants avatar]	7	0
equipment/character/swordman/avatar/pants/1050007.equ	[pants avatar]	0	1
equipment/character/swordman/avatar/pants/1050008.equ	[pants avatar]	0	2
equipment/character/swordman/avatar/pants/1050009.equ	[pants avatar]	0	3
equipment/character/swordman/avatar/pants/1050010.equ	[pants avatar]	1	1
equipment/character/swordman/avatar/pants/1050011.equ	[pants avatar]	1	2
equipment/character/swordman/avatar/pants/1050012.equ	[pants avatar]	1	3
equipment/character/swordman/avatar/pants/1050013.equ	[pants avatar]	2	1
equipment/character/swordman/avatar/pants/1050014.equ	[pants avatar]	2	2
equipment/character/swordman/avatar/pants/1050015.equ	[pants avatar]	2	3
equipment/character/swordman/avatar/pants/1050016.equ	[pants avatar]	3	1
equipment/character/swordman/avatar/pants/1050017.equ	[pants avatar]	3	2
equipment/character/swordman/avatar/pants/1050018.equ	[pants avatar]	3	3
equipment/character/swordman/avatar/pants/1050019.equ	[pants avatar]	4	1
equipment/character/swordman/avatar/pants/1050020.equ	[pants avatar]	4	2
equipment/character/swordman/avatar/pants/1050021.equ	[pants avatar]	4	3
equipment/character/swordman/avatar/pants/1050022.equ	[pants avatar]	5	1
equipment/character/swordman/avatar/pants/1050023.equ	[pants avatar]	5	2
equipment/character/swordman/avatar/pants/1050024.equ	[pants avatar]	5	3
equipment/character/swordman/avatar/pants/1050025.equ	[pants avatar]	6	1
equipment/character/swordman/avatar/pants/1050026.equ	[pants avatar]	6	2
equipment/character/swordman/avatar/pants/1050027.equ	[pants avatar]	6	3
equipment/character/swordman/avatar/pants/1050028.equ	[pants avatar]	7	1
equipment/character/swordman/avatar/pants/1050029.equ	[pants avatar]	7	2
equipment/character/swordman/avatar/pants/1050030.equ	[pants avatar]	7	3
equipment/character/swordman/avatar/pants/1050031.equ	[pants avatar]	8	0
equipment/character/swordman/avatar/pants/1050032.equ	[pants avatar]	9	0
equipment/character/swordman/avatar/pants/1050033.equ	[pants avatar]	10	0
equipment/character/swordman/avatar/pants/1050034.equ	[pants avatar]	8	1
equipment/character/swordman/avatar/pants/1050035.equ	[pants avatar]	8	2
equipment/character/swordman/avatar/pants/1050036.equ	[pants avatar]	8	3
equipment/character/swordman/avatar/pants/1050037.equ	[pants avatar]	9	1
equipment/character/swordman/avatar/pants/1050038.equ	[pants avatar]	9	2
equipment/character/swordman/avatar/pants/1050039.equ	[pants avatar]	9	3
equipment/character/swordman/avatar/pants/1050040.equ	[pants avatar]	10	1
equipment/character/swordman/avatar/pants/1050041.equ	[pants avatar]	10	2
equipment/character/swordman/avatar/pants/1050042.equ	[pants avatar]	10	3
equipment/character/swordman/avatar/pants/1050043.equ	[pants avatar]	11	0
equipment/character/swordman/avatar/pants/1050044.equ	[pants avatar]	11	1
equipment/character/swordman/avatar/pants/1050045.equ	[pants avatar]	11	2
equipment/character/swordman/avatar/pants/1050046.equ	[pants avatar]	11	3
equipment/character/swordman/avatar/pants/1050047.equ	[pants avatar]	12	0
equipment/character/swordman/avatar/pants/1050048.equ	[pants avatar]	12	1
equipment/character/swordman/avatar/pants/1050049.equ	[pants avatar]	12	2
equipment/character/swordman/avatar/pants/1050050.equ	[pants avatar]	12	3
equipment/character/swordman/avatar/pants/1050051.equ	[pants avatar]	13	0
equipment/character/swordman/avatar/pants/1050052.equ	[pants avatar]	13	1
equipment/character/swordman/avatar/pants/1050053.equ	[pants avatar]	13	2
equipment/character/swordman/avatar/pants/1050054.equ	[pants avatar]	13	3
equipment/character/swordman/avatar/pants/1050055.equ	[pants avatar]	16	0
equipment/character/swordman/avatar/pants/1050056.equ	[pants avatar]	16	1
equipment/character/swordman/avatar/pants/1050057.equ	[pants avatar]	16	2
equipment/character/swordman/avatar/pants/1050058.equ	[pants avatar]	16	3
equipment/character/swordman/avatar/pants/1050059.equ	[pants avatar]	17	0
equipment/character/swordman/avatar/pants/1050060.equ	[pants avatar]	17	1
equipment/character/swordman/avatar/pants/1050061.equ	[pants avatar]	17	2
equipment/character/swordman/avatar/pants/1050062.equ	[pants avatar]	17	3
equipment/character/swordman/avatar/pants/1050063.equ	[pants avatar]	15	0
equipment/character/swordman/avatar/pants/1050064.equ	[pants avatar]	15	1
equipment/character/swordman/avatar/pants/1050065.equ	[pants avatar]	15	2
equipment/character/swordman/avatar/pants/1050066.equ	[pants avatar]	15	3
equipment/character/swordman/avatar/pants/1050067.equ	[pants avatar]	18	0
equipment/character/swordman/avatar/pants/1050068.equ	[pants avatar]	18	1
equipment/character/swordman/avatar/pants/1050069.equ	[pants avatar]	18	2
equipment/character/swordman/avatar/pants/1050070.equ	[pants avatar]	18	3
equipment/character/swordman/avatar/pants/601510000.equ	[pants avatar]	81	2
equipment/character/swordman/avatar/pants/601510001.equ	[pants avatar]	81	3
equipment/character/swordman/avatar/pants/601510002.equ	[pants avatar]	1	0
equipment/character/swordman/avatar/pants/601510003.equ	[pants avatar]	1	1
equipment/character/swordman/avatar/pants/601510004.equ	[pants avatar]	1	2
equipment/character/swordman/avatar/pants/601510005.equ	[pants avatar]	1	3
equipment/character/swordman/avatar/pants/601510006.equ	[pants avatar]	3	0
equipment/character/swordman/avatar/pants/601510007.equ	[pants avatar]	3	1
equipment/character/swordman/avatar/pants/601510008.equ	[pants avatar]	3	2
equipment/character/swordman/avatar/pants/601510009.equ	[pants avatar]	90	0
equipment/character/swordman/avatar/pants/601510010.equ	[pants avatar]	90	3
equipment/character/swordman/avatar/pants/601510011.equ	[pants avatar]	2	1
equipment/character/swordman/avatar/pants/601510012.equ	[pants avatar]	86	0
equipment/character/swordman/avatar/pants/601510013.equ	[pants avatar]	86	1
equipment/character/swordman/avatar/pants/601510014.equ	[pants avatar]	86	2
equipment/character/swordman/avatar/pants/601510015.equ	[pants avatar]	86	3
equipment/character/swordman/avatar/pants/601510017.equ	[pants avatar]	97	0
equipment/character/swordman/avatar/pants/601510018.equ	[pants avatar]	82	0
equipment/character/swordman/avatar/pants/601510019.equ	[pants avatar]	82	1
equipment/character/swordman/avatar/pants/601510020.equ	[pants avatar]	82	2
equipment/character/swordman/avatar/pants/601510021.equ	[pants avatar]	82	3
equipment/character/swordman/avatar/pants/601510022.equ	[pants avatar]	90	1
equipment/character/swordman/avatar/pants/601510023.equ	[pants avatar]	90	2
equipment/character/swordman/avatar/pants/601510024.equ	[pants avatar]	113	0
equipment/character/swordman/avatar/pants/601510025.equ	[pants avatar]	113	1
equipment/character/swordman/avatar/pants/601510026.equ	[pants avatar]	113	2
equipment/character/swordman/avatar/pants/601510027.equ	[pants avatar]	113	3
equipment/character/swordman/avatar/pants/601510028.equ	[pants avatar]	59	3
equipment/character/swordman/avatar/pants/601510029.equ	[pants avatar]	111	0
equipment/character/swordman/avatar/pants/601510030.equ	[pants avatar]	111	1
equipment/character/swordman/avatar/pants/601510031.equ	[pants avatar]	111	2
equipment/character/swordman/avatar/pants/601510032.equ	[pants avatar]	93	0
equipment/character/swordman/avatar/pants/601510033.equ	[pants avatar]	93	1
equipment/character/swordman/avatar/pants/601510034.equ	[pants avatar]	93	2
equipment/character/swordman/avatar/pants/601510035.equ	[pants avatar]	93	3
equipment/character/swordman/avatar/pants/601510036.equ	[pants avatar]	100	0
equipment/character/swordman/avatar/pants/601510037.equ	[pants avatar]	100	1
equipment/character/swordman/avatar/pants/601510038.equ	[pants avatar]	100	2
equipment/character/swordman/avatar/pants/601510039.equ	[pants avatar]	101	0
equipment/character/swordman/avatar/pants/601510040.equ	[pants avatar]	101	1
equipment/character/swordman/avatar/pants/601510041.equ	[pants avatar]	101	2
equipment/character/swordman/avatar/pants/601510042.equ	[pants avatar]	65	1
equipment/character/swordman/avatar/pants/601510043.equ	[pants avatar]	74	0
equipment/character/swordman/avatar/pants/601510044.equ	[pants avatar]	74	1
equipment/character/swordman/avatar/pants/601510045.equ	[pants avatar]	74	2
equipment/character/swordman/avatar/pants/601510046.equ	[pants avatar]	74	3
equipment/character/swordman/avatar/pants/601510047.equ	[pants avatar]	127	0
equipment/character/swordman/avatar/pants/601510048.equ	[pants avatar]	121	0
equipment/character/swordman/avatar/pants/601510049.equ	[pants avatar]	121	1
equipment/character/swordman/avatar/pants/601510050.equ	[pants avatar]	121	2
equipment/character/swordman/avatar/pants/601510051.equ	[pants avatar]	59	0
equipment/character/swordman/avatar/pants/601510052.equ	[pants avatar]	105	0
equipment/character/swordman/avatar/pants/601510053.equ	[pants avatar]	105	1
equipment/character/swordman/avatar/pants/601510054.equ	[pants avatar]	81	2
equipment/character/swordman/avatar/pants/601510055.equ	[pants avatar]	1	0
equipment/character/swordman/avatar/pants/601510056.equ	[pants avatar]	3	0
equipment/character/swordman/avatar/pants/601510057.equ	[pants avatar]	117	0
equipment/character/swordman/avatar/pants/601510058.equ	[pants avatar]	117	1
equipment/character/swordman/avatar/pants/601510059.equ	[pants avatar]	117	2
equipment/character/swordman/avatar/pants/601510060.equ	[pants avatar]	117	3
equipment/character/swordman/avatar/pants/601510061.equ	[pants avatar]	137	0
equipment/character/swordman/avatar/pants/601510062.equ	[pants avatar]	137	1
equipment/character/swordman/avatar/pants/601510063.equ	[pants avatar]	137	2
equipment/character/swordman/avatar/pants/601510064.equ	[pants avatar]	137	3
equipment/character/swordman/avatar/pants/601510065.equ	[pants avatar]	89	1
equipment/character/swordman/avatar/pants/601510066.equ	[pants avatar]	
equipment/character/swordman/avatar/pants/601510067.equ	[pants avatar]	135	0
equipment/character/swordman/avatar/pants/601510068.equ	[pants avatar]	135	1
equipment/character/swordman/avatar/pants/601510069.equ	[pants avatar]	133	0
equipment/character/swordman/avatar/pants/601510070.equ	[pants avatar]	133	1
equipment/character/swordman/avatar/pants/601510071.equ	[pants avatar]	133	2
equipment/character/swordman/avatar/pants/601510072.equ	[pants avatar]	133	3
equipment/character/swordman/avatar/pants/601510073.equ	[pants avatar]	133	4
equipment/character/swordman/avatar/pants/601510074.equ	[pants avatar]	133	5
equipment/character/swordman/avatar/pants/601510078.equ	[pants avatar]	138	0
equipment/character/swordman/avatar/pants/601510079.equ	[pants avatar]	138	1
equipment/character/swordman/avatar/pants/601510080.equ	[pants avatar]	138	2
equipment/character/swordman/avatar/pants/601510081.equ	[pants avatar]	138	3
equipment/character/swordman/avatar/pants/601510090.equ	[pants avatar]	0	0
equipment/character/swordman/avatar/pants/601510093.equ	[pants avatar]	147	0
equipment/character/swordman/avatar/pants/601510094.equ	[pants avatar]	147	1
equipment/character/swordman/avatar/pants/601510095.equ	[pants avatar]	139	0
equipment/character/swordman/avatar/pants/601510096.equ	[pants avatar]	140	0
equipment/character/swordman/avatar/pants/601510141.equ	[pants avatar]	218	0
equipment/character/swordman/avatar/pants/601510142.equ	[pants avatar]	218	1
equipment/character/swordman/avatar/pants/601510143.equ	[pants avatar]	218	2
equipment/character/swordman/avatar/pants/601510144.equ	[pants avatar]	218	3
equipment/character/swordman/avatar/pants/601511052.equ	[pants avatar]	174	0
equipment/character/swordman/avatar/pants/601511053.equ	[pants avatar]	174	1
equipment/character/swordman/avatar/pants/601511054.equ	[pants avatar]	174	2
equipment/character/swordman/avatar/pants/601511055.equ	[pants avatar]	174	3
equipment/character/swordman/avatar/pants/601511056.equ	[pants avatar]	181	0
equipment/character/swordman/avatar/pants/601511057.equ	[pants avatar]	181	1
equipment/character/swordman/avatar/pants/601511058.equ	[pants avatar]	181	2
equipment/character/swordman/avatar/pants/601511059.equ	[pants avatar]	181	3
equipment/character/swordman/avatar/pants/601511060.equ	[pants avatar]	184	0
equipment/character/swordman/avatar/pants/601511061.equ	[pants avatar]	184	1
equipment/character/swordman/avatar/pants/601511062.equ	[pants avatar]	184	2
equipment/character/swordman/avatar/pants/601511063.equ	[pants avatar]	184	3
equipment/character/swordman/avatar/pants/601511064.equ	[pants avatar]	172	0
equipment/character/swordman/avatar/pants/601511065.equ	[pants avatar]	172	1
equipment/character/swordman/avatar/pants/601511066.equ	[pants avatar]	172	2
equipment/character/swordman/avatar/pants/601511067.equ	[pants avatar]	172	3
equipment/character/swordman/avatar/pants/601511071.equ	[pants avatar]	154	0
equipment/character/swordman/avatar/pants/601511072.equ	[pants avatar]	154	1
equipment/character/swordman/avatar/pants/601511073.equ	[pants avatar]	154	2
equipment/character/swordman/avatar/pants/601511074.equ	[pants avatar]	154	3
equipment/character/swordman/avatar/pants/abapants_culad.equ	[pants avatar]	45	0
equipment/character/swordman/avatar/pants/afppants_dkknight.equ	[pants avatar]	32	0
equipment/character/swordman/avatar/pants/agaiter_black.equ	[pants avatar]	0	5
equipment/character/swordman/avatar/pants/agaitor_bllined.equ	[pants avatar]	4	2
equipment/character/swordman/avatar/pants/agaitor_dbl.equ	[pants avatar]	0	3
equipment/character/swordman/avatar/pants/agaitor_gr.equ	[pants avatar]	0	1
equipment/character/swordman/avatar/pants/agaitor_grlined.equ	[pants avatar]	4	3
equipment/character/swordman/avatar/pants/agaitor_lined.equ	[pants avatar]	4	0
equipment/character/swordman/avatar/pants/agaitor_pp.equ	[pants avatar]	0	2
equipment/character/swordman/avatar/pants/agaitor_yllined.equ	[pants avatar]	4	1
equipment/character/swordman/avatar/pants/agarb_bind.equ	[pants avatar]	9	0
equipment/character/swordman/avatar/pants/agarb_bkbeltbind.equ	[pants avatar]	9	3
equipment/character/swordman/avatar/pants/agarb_bkrumple.equ	[pants avatar]	20	2
equipment/character/swordman/avatar/pants/agarb_blrumple.equ	[pants avatar]	20	3
equipment/character/swordman/avatar/pants/agarb_dawnloose.equ	[pants avatar]	10	3
equipment/character/swordman/avatar/pants/agarb_dbl.equ	[pants avatar]	1	1
equipment/character/swordman/avatar/pants/agarb_dgr.equ	[pants avatar]	1	2
equipment/character/swordman/avatar/pants/agarb_dkrdsidebelt.equ	[pants avatar]	8	1
equipment/character/swordman/avatar/pants/agarb_gbeltbind.equ	[pants avatar]	9	2
equipment/character/swordman/avatar/pants/agarb_grrumple.equ	[pants avatar]	20	0
equipment/character/swordman/avatar/pants/agarb_loose.equ	[pants avatar]	10	0
equipment/character/swordman/avatar/pants/agarb_mlightnightloose.equ	[pants avatar]	10	2
equipment/character/swordman/avatar/pants/agarb_mygrsidebelt.equ	[pants avatar]	8	3
equipment/character/swordman/avatar/pants/agarb_ocnblsidebelt.equ	[pants avatar]	8	2
equipment/character/swordman/avatar/pants/agarb_ptdknessloose.equ	[pants avatar]	10	1
equipment/character/swordman/avatar/pants/agarb_rdbeltbind.equ	[pants avatar]	9	1
equipment/character/swordman/avatar/pants/agarb_rdrumple.equ	[pants avatar]	20	1
equipment/character/swordman/avatar/pants/agarb_sidebelt.equ	[pants avatar]	8	0
equipment/character/swordman/avatar/pants/ahrpants_black.equ	[pants avatar]	29	2
equipment/character/swordman/avatar/pants/ahrpants_green.equ	[pants avatar]	29	3
equipment/character/swordman/avatar/pants/ahrpants_ivory.equ	[pants avatar]	29	0
equipment/character/swordman/avatar/pants/ahrpants_red.equ	[pants avatar]	29	1
equipment/character/swordman/avatar/pants/aiapants_kagemaru.equ	[pants avatar]	36	4
equipment/character/swordman/avatar/pants/aiapants_pretender.equ	[pants avatar]	33	4
equipment/character/swordman/avatar/pants/aiapants_shadow.equ	[pants avatar]	20	4
equipment/character/swordman/avatar/pants/aleg_bkltswordman.equ	[pants avatar]	30	3
equipment/character/swordman/avatar/pants/aleg_bkswordman.equ	[pants avatar]	23	2
equipment/character/swordman/avatar/pants/aleg_brswordman.equ	[pants avatar]	23	1
equipment/character/swordman/avatar/pants/aleg_coblswordman.equ	[pants avatar]	23	0
equipment/character/swordman/avatar/pants/aleg_ppswordman.equ	[pants avatar]	23	3
equipment/character/swordman/avatar/pants/aleg_rdltswordman.equ	[pants avatar]	30	0
equipment/character/swordman/avatar/pants/aleg_wtltswordman.equ	[pants avatar]	30	1
equipment/character/swordman/avatar/pants/aleg_ylltswordman.equ	[pants avatar]	30	2
equipment/character/swordman/avatar/pants/apants_41213.equ	[pants avatar]	58	0
equipment/character/swordman/avatar/pants/apants_41214.equ	[pants avatar]	58	1
equipment/character/swordman/avatar/pants/apants_41215.equ	[pants avatar]	58	2
equipment/character/swordman/avatar/pants/apants_41216.equ	[pants avatar]	58	3
equipment/character/swordman/avatar/pants/apants_41217.equ	[pants avatar]	59	0
equipment/character/swordman/avatar/pants/apants_41218.equ	[pants avatar]	59	1
equipment/character/swordman/avatar/pants/apants_41219.equ	[pants avatar]	4	0
equipment/character/swordman/avatar/pants/apants_41220.equ	[pants avatar]	60	0
equipment/character/swordman/avatar/pants/apants_41221.equ	[pants avatar]	60	1
equipment/character/swordman/avatar/pants/apants_41222.equ	[pants avatar]	12	0
equipment/character/swordman/avatar/pants/apants_41223.equ	[pants avatar]	41	0
equipment/character/swordman/avatar/pants/apants_41224.equ	[pants avatar]	51	0
equipment/character/swordman/avatar/pants/apants_41225.equ	[pants avatar]	52	0
equipment/character/swordman/avatar/pants/apants_41226.equ	[pants avatar]	53	0
equipment/character/swordman/avatar/pants/apants_41227.equ	[pants avatar]	54	0
equipment/character/swordman/avatar/pants/apants_41228.equ	[pants avatar]	61	0
equipment/character/swordman/avatar/pants/apants_41229.equ	[pants avatar]	61	1
equipment/character/swordman/avatar/pants/apants_41230.equ	[pants avatar]	61	2
equipment/character/swordman/avatar/pants/apants_41231.equ	[pants avatar]	61	3
equipment/character/swordman/avatar/pants/apants_41232.equ	[pants avatar]	62	0
equipment/character/swordman/avatar/pants/apants_41233.equ	[pants avatar]	62	1
equipment/character/swordman/avatar/pants/apants_41234.equ	[pants avatar]	62	2
equipment/character/swordman/avatar/pants/apants_41235.equ	[pants avatar]	62	3
equipment/character/swordman/avatar/pants/apants_41236.equ	[pants avatar]	65	0
equipment/character/swordman/avatar/pants/apants_41237.equ	[pants avatar]	65	1
equipment/character/swordman/avatar/pants/apants_41238.equ	[pants avatar]	63	0
equipment/character/swordman/avatar/pants/apants_41239.equ	[pants avatar]	63	1
equipment/character/swordman/avatar/pants/apants_41240.equ	[pants avatar]	63	2
equipment/character/swordman/avatar/pants/apants_41241.equ	[pants avatar]	63	3
equipment/character/swordman/avatar/pants/apants_41242.equ	[pants avatar]	62	0
equipment/character/swordman/avatar/pants/apants_41243.equ	[pants avatar]	68	0
equipment/character/swordman/avatar/pants/apants_41244.equ	[pants avatar]	68	1
equipment/character/swordman/avatar/pants/apants_41245.equ	[pants avatar]	69	0
equipment/character/swordman/avatar/pants/apants_41246.equ	[pants avatar]	69	1
equipment/character/swordman/avatar/pants/apants_41247.equ	[pants avatar]	70	0
equipment/character/swordman/avatar/pants/apants_41248.equ	[pants avatar]	70	1
equipment/character/swordman/avatar/pants/apants_41249.equ	[pants avatar]	70	2
equipment/character/swordman/avatar/pants/apants_41250.equ	[pants avatar]	70	3
equipment/character/swordman/avatar/pants/apants_41251.equ	[pants avatar]	58	1
equipment/character/swordman/avatar/pants/apants_41252.equ	[pants avatar]	72	0
equipment/character/swordman/avatar/pants/apants_41253.equ	[pants avatar]	72	1
equipment/character/swordman/avatar/pants/apants_41254.equ	[pants avatar]	72	2
equipment/character/swordman/avatar/pants/apants_41255.equ	[pants avatar]	73	0
equipment/character/swordman/avatar/pants/apants_41256.equ	[pants avatar]	73	1
equipment/character/swordman/avatar/pants/apants_41257.equ	[pants avatar]	73	2
equipment/character/swordman/avatar/pants/apants_41258.equ	[pants avatar]	73	3
equipment/character/swordman/avatar/pants/apants_41259.equ	[pants avatar]	76	0
equipment/character/swordman/avatar/pants/apants_41260.equ	[pants avatar]	76	1
equipment/character/swordman/avatar/pants/apants_41261.equ	[pants avatar]	75	0
equipment/character/swordman/avatar/pants/apants_41262.equ	[pants avatar]	75	1
equipment/character/swordman/avatar/pants/apants_41263.equ	[pants avatar]	79	0
equipment/character/swordman/avatar/pants/apants_41264.equ	[pants avatar]	79	1
equipment/character/swordman/avatar/pants/apants_41265.equ	[pants avatar]	79	2
equipment/character/swordman/avatar/pants/apants_41266.equ	[pants avatar]	79	3
equipment/character/swordman/avatar/pants/apants_41267.equ	[pants avatar]	83	0
equipment/character/swordman/avatar/pants/apants_41268.equ	[pants avatar]	83	1
equipment/character/swordman/avatar/pants/apants_41269.equ	[pants avatar]	84	1
equipment/character/swordman/avatar/pants/apants_41274.equ	[pants avatar]	88	0
equipment/character/swordman/avatar/pants/apants_41275.equ	[pants avatar]	88	1
equipment/character/swordman/avatar/pants/apants_41276.equ	[pants avatar]	88	2
equipment/character/swordman/avatar/pants/apants_41277.equ	[pants avatar]	88	3
equipment/character/swordman/avatar/pants/apants_41278.equ	[pants avatar]	74	0
equipment/character/swordman/avatar/pants/apants_41279.equ	[pants avatar]	74	1
equipment/character/swordman/avatar/pants/apants_41280.equ	[pants avatar]	74	2
equipment/character/swordman/avatar/pants/apants_41281.equ	[pants avatar]	74	3
equipment/character/swordman/avatar/pants/apants_41282.equ	[pants avatar]	89	0
equipment/character/swordman/avatar/pants/apants_41283.equ	[pants avatar]	89	1
equipment/character/swordman/avatar/pants/apants_41284.equ	[pants avatar]	77	0
equipment/character/swordman/avatar/pants/apants_41285.equ	[pants avatar]	77	1
equipment/character/swordman/avatar/pants/apants_41286.equ	[pants avatar]	77	2
equipment/character/swordman/avatar/pants/apants_41287.equ	[pants avatar]	77	3
equipment/character/swordman/avatar/pants/apants_41288.equ	[pants avatar]	92	0
equipment/character/swordman/avatar/pants/apants_41289.equ	[pants avatar]	92	1
equipment/character/swordman/avatar/pants/apants_41290.equ	[pants avatar]	90	0
equipment/character/swordman/avatar/pants/apants_41291.equ	[pants avatar]	90	1
equipment/character/swordman/avatar/pants/apants_41292.equ	[pants avatar]	90	2
equipment/character/swordman/avatar/pants/apants_41293.equ	[pants avatar]	90	3
equipment/character/swordman/avatar/pants/apants_41294.equ	[pants avatar]	97	0
equipment/character/swordman/avatar/pants/apants_41295.equ	[pants avatar]	97	1
equipment/character/swordman/avatar/pants/apants_41296.equ	[pants avatar]	97	2
equipment/character/swordman/avatar/pants/apants_41297.equ	[pants avatar]	97	3
equipment/character/swordman/avatar/pants/apants_41304.equ	[pants avatar]	104	0
equipment/character/swordman/avatar/pants/apants_41305.equ	[pants avatar]	104	1
equipment/character/swordman/avatar/pants/apants_41306.equ	[pants avatar]	104	2
equipment/character/swordman/avatar/pants/apants_41315.equ	[pants avatar]	108	0
equipment/character/swordman/avatar/pants/apants_41316.equ	[pants avatar]	94	0
equipment/character/swordman/avatar/pants/apants_41317.equ	[pants avatar]	94	1
equipment/character/swordman/avatar/pants/apants_41318.equ	[pants avatar]	94	2
equipment/character/swordman/avatar/pants/apants_41319.equ	[pants avatar]	94	3
equipment/character/swordman/avatar/pants/apants_41320.equ	[pants avatar]	96	0
equipment/character/swordman/avatar/pants/apants_41321.equ	[pants avatar]	96	1
equipment/character/swordman/avatar/pants/apants_41322.equ	[pants avatar]	96	2
equipment/character/swordman/avatar/pants/apants_41323.equ	[pants avatar]	96	3
equipment/character/swordman/avatar/pants/apants_41324.equ	[pants avatar]	98	0
equipment/character/swordman/avatar/pants/apants_41325.equ	[pants avatar]	98	1
equipment/character/swordman/avatar/pants/apants_41326.equ	[pants avatar]	98	2
equipment/character/swordman/avatar/pants/apants_41327.equ	[pants avatar]	98	3
equipment/character/swordman/avatar/pants/apants_aganzo.equ	[pants avatar]	54	0
equipment/character/swordman/avatar/pants/apants_banded.equ	[pants avatar]	6	0
equipment/character/swordman/avatar/pants/apants_belt.equ	[pants avatar]	2	0
equipment/character/swordman/avatar/pants/apants_belt_newserver.equ	[pants avatar]	2	0
equipment/character/swordman/avatar/pants/apants_bgbelt.equ	[pants avatar]	2	2
equipment/character/swordman/avatar/pants/apants_bkbondage.equ	[pants avatar]	28	1
equipment/character/swordman/avatar/pants/apants_bkboneadorn.equ	[pants avatar]	48	0
equipment/character/swordman/avatar/pants/apants_bkbuckle.equ	[pants avatar]	33	1
equipment/character/swordman/avatar/pants/apants_bkbwmilitary.equ	[pants avatar]	19	2
equipment/character/swordman/avatar/pants/apants_bkchivalry.equ	[pants avatar]	44	1
equipment/character/swordman/avatar/pants/apants_bkethnic.equ	[pants avatar]	16	2
equipment/character/swordman/avatar/pants/apants_bkfallangel.equ	[pants avatar]	34	0
equipment/character/swordman/avatar/pants/apants_bkgrwarrior.equ	[pants avatar]	36	3
equipment/character/swordman/avatar/pants/apants_bkhornadorn.equ	[pants avatar]	46	2
equipment/character/swordman/avatar/pants/apants_bkhvcargo.equ	[pants avatar]	31	3
equipment/character/swordman/avatar/pants/apants_bkleather.equ	[pants avatar]	21	0
equipment/character/swordman/avatar/pants/apants_bkleather2.equ	[pants avatar]	21	0
equipment/character/swordman/avatar/pants/apants_bkmilitary.equ	[pants avatar]	19	1
equipment/character/swordman/avatar/pants/apants_bkmilitary7.equ	[pants avatar]	39	2
equipment/character/swordman/avatar/pants/apants_bkmonster.equ	[pants avatar]	41	2
equipment/character/swordman/avatar/pants/apants_bkmoogak.equ	[pants avatar]	47	0
equipment/character/swordman/avatar/pants/apants_bkpiratecalf.equ	[pants avatar]	24	2
equipment/character/swordman/avatar/pants/apants_bkrdmilitary.equ	[pants avatar]	19	3
equipment/character/swordman/avatar/pants/apants_bkrdpiratecalf.equ	[pants avatar]	24	0
equipment/character/swordman/avatar/pants/apants_bkrdwarrior.equ	[pants avatar]	36	0
equipment/character/swordman/avatar/pants/apants_bkswimming.equ	[pants avatar]	40	0
equipment/character/swordman/avatar/pants/apants_bkswimming_reward.equ	[pants avatar]	40	0
equipment/character/swordman/avatar/pants/apants_bktigerskin.equ	[pants avatar]	26	2
equipment/character/swordman/avatar/pants/apants_bktight.equ	[pants avatar]	17	1
equipment/character/swordman/avatar/pants/apants_bkwtwarrior.equ	[pants avatar]	36	1
equipment/character/swordman/avatar/pants/apants_bkwybuk.equ	[pants avatar]	55	3
equipment/character/swordman/avatar/pants/apants_bkwyvern.equ	[pants avatar]	14	1
equipment/character/swordman/avatar/pants/apants_bkwyvern2.equ	[pants avatar]	14	1
equipment/character/swordman/avatar/pants/apants_bkylwarrior.equ	[pants avatar]	36	2
equipment/character/swordman/avatar/pants/apants_blbanded.equ	[pants avatar]	6	1
equipment/character/swordman/avatar/pants/apants_blboneadorn.equ	[pants avatar]	48	3
equipment/character/swordman/avatar/pants/apants_blcheck.equ	[pants avatar]	13	2
equipment/character/swordman/avatar/pants/apants_blchivalry.equ	[pants avatar]	44	3
equipment/character/swordman/avatar/pants/apants_blgrmonster.equ	[pants avatar]	41	0
equipment/character/swordman/avatar/pants/apants_blgrxbelt.equ	[pants avatar]	3	2
equipment/character/swordman/avatar/pants/apants_blhornadorn.equ	[pants avatar]	46	3
equipment/character/swordman/avatar/pants/apants_blhvcargo.equ	[pants avatar]	31	2
equipment/character/swordman/avatar/pants/apants_blleather.equ	[pants avatar]	12	3
equipment/character/swordman/avatar/pants/apants_blleather_newserver.equ	[pants avatar]	12	3
equipment/character/swordman/avatar/pants/apants_blmilitary7.equ	[pants avatar]	39	1
equipment/character/swordman/avatar/pants/apants_blpiratecalf.equ	[pants avatar]	24	1
equipment/character/swordman/avatar/pants/apants_blpiratecalf2.equ	[pants avatar]	24	1
equipment/character/swordman/avatar/pants/apants_bluegsd.equ	[pants avatar]	43	1
equipment/character/swordman/avatar/pants/apants_blueleather.equ	[pants avatar]	21	2
equipment/character/swordman/avatar/pants/apants_blueleather2.equ	[pants avatar]	21	2
equipment/character/swordman/avatar/pants/apants_blwybuk.equ	[pants avatar]	55	1
equipment/character/swordman/avatar/pants/apants_blwyvern.equ	[pants avatar]	14	2
equipment/character/swordman/avatar/pants/apants_blwyvern2.equ	[pants avatar]	14	2
equipment/character/swordman/avatar/pants/apants_brcargo.equ	[pants avatar]	11	3
equipment/character/swordman/avatar/pants/apants_brfallangel.equ	[pants avatar]	34	2
equipment/character/swordman/avatar/pants/apants_brhornadorn.equ	[pants avatar]	46	1
equipment/character/swordman/avatar/pants/apants_brmilitary7.equ	[pants avatar]	39	3
equipment/character/swordman/avatar/pants/apants_brtight.equ	[pants avatar]	17	3
equipment/character/swordman/avatar/pants/apants_brxbelt.equ	[pants avatar]	3	3
equipment/character/swordman/avatar/pants/apants_cargo.equ	[pants avatar]	11	0
equipment/character/swordman/avatar/pants/apants_check.equ	[pants avatar]	13	0
equipment/character/swordman/avatar/pants/apants_clonesw.equ	[pants avatar]	
equipment/character/swordman/avatar/pants/apants_copperarmor.equ	[pants avatar]	15	2
equipment/character/swordman/avatar/pants/apants_dbcombat.equ	[pants avatar]	57	0
equipment/character/swordman/avatar/pants/apants_dblfallangel.equ	[pants avatar]	34	3
equipment/character/swordman/avatar/pants/apants_dbltriple.equ	[pants avatar]	7	3
equipment/character/swordman/avatar/pants/apants_default.equ	[pants avatar]	0	0
equipment/character/swordman/avatar/pants/apants_dkgrcargo.equ	[pants avatar]	11	2
equipment/character/swordman/avatar/pants/apants_dpblbondage.equ	[pants avatar]	28	3
equipment/character/swordman/avatar/pants/apants_dpblethnic.equ	[pants avatar]	16	0
equipment/character/swordman/avatar/pants/apants_dpblmilitary.equ	[pants avatar]	19	0
equipment/character/swordman/avatar/pants/apants_dpblsoul.equ	[pants avatar]	37	1
equipment/character/swordman/avatar/pants/apants_dpblswimming.equ	[pants avatar]	40	1
equipment/character/swordman/avatar/pants/apants_dpblswimming_reward.equ	[pants avatar]	40	1
equipment/character/swordman/avatar/pants/apants_dpbltight.equ	[pants avatar]	17	2
equipment/character/swordman/avatar/pants/apants_dpbrmonster.equ	[pants avatar]	41	3
equipment/character/swordman/avatar/pants/apants_dpgyhornadorn.equ	[pants avatar]	46	0
equipment/character/swordman/avatar/pants/apants_garb.equ	[pants avatar]	1	0
equipment/character/swordman/avatar/pants/apants_gblwyvern.equ	[pants avatar]	14	3
equipment/character/swordman/avatar/pants/apants_gblwyvern2.equ	[pants avatar]	14	3
equipment/character/swordman/avatar/pants/apants_gcheck.equ	[pants avatar]	13	3
equipment/character/swordman/avatar/pants/apants_gdtigerskin.equ	[pants avatar]	26	0
equipment/character/swordman/avatar/pants/apants_goldarmor.equ	[pants avatar]	15	1
equipment/character/swordman/avatar/pants/apants_graybelt.equ	[pants avatar]	2	3
equipment/character/swordman/avatar/pants/apants_grleather.equ	[pants avatar]	12	2
equipment/character/swordman/avatar/pants/apants_grpiratecalf.equ	[pants avatar]	24	3
equipment/character/swordman/avatar/pants/apants_grtriple.equ	[pants avatar]	7	2
equipment/character/swordman/avatar/pants/apants_ivorycargo.equ	[pants avatar]	11	1
equipment/character/swordman/avatar/pants/apants_kkmilitary7.equ	[pants avatar]	39	0
equipment/character/swordman/avatar/pants/apants_kkwybuk.equ	[pants avatar]	55	2
equipment/character/swordman/avatar/pants/apants_leather.equ	[pants avatar]	12	0
equipment/character/swordman/avatar/pants/apants_line.equ	[pants avatar]	5	0
equipment/character/swordman/avatar/pants/apants_lmbuckle.equ	[pants avatar]	33	2
equipment/character/swordman/avatar/pants/apants_lortriple.equ	[pants avatar]	7	1
equipment/character/swordman/avatar/pants/apants_lppline.equ	[pants avatar]	5	3
equipment/character/swordman/avatar/pants/apants_ltbrsoul.equ	[pants avatar]	37	2
equipment/character/swordman/avatar/pants/apants_noblerdhawk.equ	[pants avatar]	42	0
equipment/character/swordman/avatar/pants/apants_olivegsd.equ	[pants avatar]	43	0
equipment/character/swordman/avatar/pants/apants_ovhvcargo.equ	[pants avatar]	31	1
equipment/character/swordman/avatar/pants/apants_ppbanded.equ	[pants avatar]	6	2
equipment/character/swordman/avatar/pants/apants_ppbuckle.equ	[pants avatar]	33	3
equipment/character/swordman/avatar/pants/apants_ppethnic.equ	[pants avatar]	16	3
equipment/character/swordman/avatar/pants/apants_rareclonesw.equ	[pants avatar]	
equipment/character/swordman/avatar/pants/apants_rdbanded.equ	[pants avatar]	6	3
equipment/character/swordman/avatar/pants/apants_rdbondage.equ	[pants avatar]	28	0
equipment/character/swordman/avatar/pants/apants_rdboneadorn.equ	[pants avatar]	48	1
equipment/character/swordman/avatar/pants/apants_rdchivalry.equ	[pants avatar]	44	2
equipment/character/swordman/avatar/pants/apants_rddefault.equ	[pants avatar]	0	4
equipment/character/swordman/avatar/pants/apants_rdethnic.equ	[pants avatar]	16	1
equipment/character/swordman/avatar/pants/apants_rdfallangel.equ	[pants avatar]	34	1
equipment/character/swordman/avatar/pants/apants_rdhvcargo.equ	[pants avatar]	31	0
equipment/character/swordman/avatar/pants/apants_rdleather.equ	[pants avatar]	12	1
equipment/character/swordman/avatar/pants/apants_rdmonster.equ	[pants avatar]	41	1
equipment/character/swordman/avatar/pants/apants_rdmoogak.equ	[pants avatar]	47	1
equipment/character/swordman/avatar/pants/apants_rdsoul.equ	[pants avatar]	37	0
equipment/character/swordman/avatar/pants/apants_rdtigerskin.equ	[pants avatar]	26	3
equipment/character/swordman/avatar/pants/apants_rdwybuk.equ	[pants avatar]	55	0
equipment/character/swordman/avatar/pants/apants_rdwyvern.equ	[pants avatar]	14	0
equipment/character/swordman/avatar/pants/apants_rdwyvern2.equ	[pants avatar]	14	0
equipment/character/swordman/avatar/pants/apants_rdxbelt.equ	[pants avatar]	3	1
equipment/character/swordman/avatar/pants/apants_redleather.equ	[pants avatar]	21	1
equipment/character/swordman/avatar/pants/apants_redleather2.equ	[pants avatar]	21	1
equipment/character/swordman/avatar/pants/apants_sblbelt.equ	[pants avatar]	2	1
equipment/character/swordman/avatar/pants/apants_sblline.equ	[pants avatar]	5	1
equipment/character/swordman/avatar/pants/apants_scokeventa.equ	[pants avatar]	27	0
equipment/character/swordman/avatar/pants/apants_scokeventb.equ	[pants avatar]	27	0
equipment/character/swordman/avatar/pants/apants_scokeventc.equ	[pants avatar]	27	0
equipment/character/swordman/avatar/pants/apants_silverarmor.equ	[pants avatar]	15	0
equipment/character/swordman/avatar/pants/apants_sltigerskin.equ	[pants avatar]	26	1
equipment/character/swordman/avatar/pants/apants_steelarmor.equ	[pants avatar]	15	3
equipment/character/swordman/avatar/pants/apants_triple.equ	[pants avatar]	7	0
equipment/character/swordman/avatar/pants/apants_vlboneadorn.equ	[pants avatar]	48	2
equipment/character/swordman/avatar/pants/apants_vlchivalry.equ	[pants avatar]	44	0
equipment/character/swordman/avatar/pants/apants_vlleather.equ	[pants avatar]	21	3
equipment/character/swordman/avatar/pants/apants_vlleather2.equ	[pants avatar]	21	3
equipment/character/swordman/avatar/pants/apants_wnsoul.equ	[pants avatar]	37	3
equipment/character/swordman/avatar/pants/apants_wtarrogantprince.equ	[pants avatar]	49	0
equipment/character/swordman/avatar/pants/apants_wtbondage.equ	[pants avatar]	28	2
equipment/character/swordman/avatar/pants/apants_wtbuckle.equ	[pants avatar]	33	0
equipment/character/swordman/avatar/pants/apants_wtcombat.equ	[pants avatar]	57	1
equipment/character/swordman/avatar/pants/apants_wttight.equ	[pants avatar]	17	0
equipment/character/swordman/avatar/pants/apants_xbelt.equ	[pants avatar]	3	0
equipment/character/swordman/avatar/pants/apants_xbelt2.equ	[pants avatar]	3	0
equipment/character/swordman/avatar/pants/apants_ylarrogantprince.equ	[pants avatar]	49	1
equipment/character/swordman/avatar/pants/apants_ylcheck.equ	[pants avatar]	13	1
equipment/character/swordman/avatar/pants/apants_ylline.equ	[pants avatar]	5	2
equipment/character/swordman/avatar/pants/apgarb_dpp.equ	[pants avatar]	1	3
equipment/character/swordman/avatar/pants/ashorts_bgbiscuit.equ	[pants avatar]	56	2
equipment/character/swordman/avatar/pants/ashorts_bkbiscuit.equ	[pants avatar]	56	3
equipment/character/swordman/avatar/pants/ashorts_dkgrcargo.equ	[pants avatar]	25	0
equipment/character/swordman/avatar/pants/ashorts_ivcargo.equ	[pants avatar]	25	1
equipment/character/swordman/avatar/pants/ashorts_kkbiscuit.equ	[pants avatar]	56	0
equipment/character/swordman/avatar/pants/ashorts_mtbkcargo.equ	[pants avatar]	25	2
equipment/character/swordman/avatar/pants/ashorts_wtbiscuit.equ	[pants avatar]	56	1
equipment/character/swordman/avatar/pants/ashorts_wtcargo.equ	[pants avatar]	25	3
equipment/character/swordman/avatar/pants/atrousers_bksumuniform.equ	[pants avatar]	38	2
equipment/character/swordman/avatar/pants/atrousers_blsumuniform.equ	[pants avatar]	38	0
equipment/character/swordman/avatar/pants/atrousers_wnsumuniform.equ	[pants avatar]	38	1
equipment/character/swordman/avatar/pants/atrousers_wtsumuniform.equ	[pants avatar]	38	3
equipment/character/swordman/avatar/pants/chn_equ_avatar_swordman_pants_101510886.equ	[pants avatar]	137	0
equipment/character/swordman/avatar/pants/chn_equ_avatar_swordman_pants_101510887.equ	[pants avatar]	137	1
equipment/character/swordman/avatar/pants/chn_equ_avatar_swordman_pants_101510888.equ	[pants avatar]	137	2
equipment/character/swordman/avatar/pants/chn_equ_avatar_swordman_pants_101510889.equ	[pants avatar]	137	3
equipment/character/swordman/avatar/pants/chn_equ_avatar_swordman_pants_101510899.equ	[pants avatar]	142	0
equipment/character/swordman/avatar/pants/chn_equ_avatar_swordman_pants_101510900.equ	[pants avatar]	142	1
equipment/character/swordman/avatar/pants/chn_equ_avatar_swordman_pants_101510901.equ	[pants avatar]	142	2
equipment/character/swordman/avatar/pants/chn_equ_avatar_swordman_pants_101510902.equ	[pants avatar]	142	3
equipment/character/swordman/avatar/pants/chn_equ_avatar_swordman_pants_101510919.equ	[pants avatar]	149	0
equipment/character/swordman/avatar/pants/chn_equ_avatar_swordman_pants_101510920.equ	[pants avatar]	149	1
equipment/character/swordman/avatar/pants/chn_equ_avatar_swordman_pants_101510921.equ	[pants avatar]	149	2
equipment/character/swordman/avatar/pants/chn_equ_avatar_swordman_pants_101510922.equ	[pants avatar]	149	3
equipment/character/swordman/avatar/pants/chn_equ_avatar_swordman_pants_601514630.equ	[pants avatar]	64	0
equipment/character/swordman/avatar/pants/chn_equ_avatar_swordman_pants_601514631.equ	[pants avatar]	64	1
equipment/character/swordman/avatar/pants/chn_equ_avatar_swordman_pants_601514632.equ	[pants avatar]	64	2
equipment/character/swordman/avatar/pants/chn_equ_avatar_swordman_pants_601514633.equ	[pants avatar]	64	3
equipment/character/swordman/avatar/pants/chn_equ_avatar_swordman_pants_601514634.equ	[pants avatar]	66	0
equipment/character/swordman/avatar/pants/chn_equ_avatar_swordman_pants_601514635.equ	[pants avatar]	66	1
equipment/character/swordman/avatar/pants/chn_equ_avatar_swordman_pants_601514636.equ	[pants avatar]	66	2
equipment/character/swordman/avatar/pants/chn_equ_avatar_swordman_pants_601514637.equ	[pants avatar]	66	3
equipment/character/swordman/avatar/pants/chn_equ_avatar_swordman_pants_601514638.equ	[pants avatar]	67	0
equipment/character/swordman/avatar/pants/chn_equ_avatar_swordman_pants_601514639.equ	[pants avatar]	67	1
equipment/character/swordman/avatar/pants/chn_equ_avatar_swordman_pants_601514640.equ	[pants avatar]	67	2
equipment/character/swordman/avatar/pants/chn_equ_avatar_swordman_pants_601514641.equ	[pants avatar]	67	3
equipment/character/swordman/avatar/pants/chn_equ_avatar_swordman_pants_601514646.equ	[pants avatar]	77	0
equipment/character/swordman/avatar/pants/chn_equ_avatar_swordman_pants_601514647.equ	[pants avatar]	77	1
equipment/character/swordman/avatar/pants/chn_equ_avatar_swordman_pants_601514648.equ	[pants avatar]	77	2
equipment/character/swordman/avatar/pants/chn_equ_avatar_swordman_pants_601514649.equ	[pants avatar]	77	3
equipment/character/swordman/avatar/pants/chn_equ_avatar_swordman_pants_601514654.equ	[pants avatar]	81	0
equipment/character/swordman/avatar/pants/chn_equ_avatar_swordman_pants_601514655.equ	[pants avatar]	81	1
equipment/character/swordman/avatar/pants/chn_equ_avatar_swordman_pants_601514656.equ	[pants avatar]	81	2
equipment/character/swordman/avatar/pants/chn_equ_avatar_swordman_pants_601514657.equ	[pants avatar]	81	3
equipment/character/swordman/avatar/pants/chn_equ_avatar_swordman_pants_601514658.equ	[pants avatar]	82	0
equipment/character/swordman/avatar/pants/chn_equ_avatar_swordman_pants_601514659.equ	[pants avatar]	82	1
equipment/character/swordman/avatar/pants/chn_equ_avatar_swordman_pants_601514660.equ	[pants avatar]	82	2
equipment/character/swordman/avatar/pants/chn_equ_avatar_swordman_pants_601514661.equ	[pants avatar]	82	3
equipment/character/swordman/avatar/pants/chn_equ_avatar_swordman_pants_601514663.equ	[pants avatar]	84	0
equipment/character/swordman/avatar/pants/chn_equ_avatar_swordman_pants_601514664.equ	[pants avatar]	84	1
equipment/character/swordman/avatar/pants/chn_equ_avatar_swordman_pants_601514665.equ	[pants avatar]	84	2
equipment/character/swordman/avatar/pants/chn_equ_avatar_swordman_pants_601514666.equ	[pants avatar]	84	3
equipment/character/swordman/avatar/pants/chn_equ_avatar_swordman_pants_601514667.equ	[pants avatar]	71	0
equipment/character/swordman/avatar/pants/chn_equ_avatar_swordman_pants_601514668.equ	[pants avatar]	71	1
equipment/character/swordman/avatar/pants/chn_equ_avatar_swordman_pants_601514669.equ	[pants avatar]	71	2
equipment/character/swordman/avatar/pants/chn_equ_avatar_swordman_pants_601514670.equ	[pants avatar]	71	3
equipment/character/swordman/avatar/pants/chn_equ_avatar_swordman_pants_601514676.equ	[pants avatar]	85	0
equipment/character/swordman/avatar/pants/chn_equ_avatar_swordman_pants_601514677.equ	[pants avatar]	85	1
equipment/character/swordman/avatar/pants/chn_equ_avatar_swordman_pants_601514678.equ	[pants avatar]	85	2
equipment/character/swordman/avatar/pants/chn_equ_avatar_swordman_pants_601514679.equ	[pants avatar]	85	3
equipment/character/swordman/avatar/pants/chn_equ_avatar_swordman_pants_601514681.equ	[pants avatar]	90	0
equipment/character/swordman/avatar/pants/chn_equ_avatar_swordman_pants_601514682.equ	[pants avatar]	90	1
equipment/character/swordman/avatar/pants/chn_equ_avatar_swordman_pants_601514683.equ	[pants avatar]	90	2
equipment/character/swordman/avatar/pants/chn_equ_avatar_swordman_pants_601514684.equ	[pants avatar]	90	3
equipment/character/swordman/avatar/pants/chn_equ_avatar_swordman_pants_601514685.equ	[pants avatar]	91	0
equipment/character/swordman/avatar/pants/chn_equ_avatar_swordman_pants_601514686.equ	[pants avatar]	91	1
equipment/character/swordman/avatar/pants/chn_equ_avatar_swordman_pants_601514687.equ	[pants avatar]	91	2
equipment/character/swordman/avatar/pants/chn_equ_avatar_swordman_pants_601514688.equ	[pants avatar]	91	3
equipment/character/swordman/avatar/pants/chn_equ_avatar_swordman_pants_601514693.equ	[pants avatar]	93	0
equipment/character/swordman/avatar/pants/chn_equ_avatar_swordman_pants_601514694.equ	[pants avatar]	93	1
equipment/character/swordman/avatar/pants/chn_equ_avatar_swordman_pants_601514695.equ	[pants avatar]	93	2
equipment/character/swordman/avatar/pants/chn_equ_avatar_swordman_pants_601514696.equ	[pants avatar]	93	3
equipment/character/swordman/avatar/pants/chn_equ_avatar_swordman_pants_601514719.equ	[pants avatar]	109	0
equipment/character/swordman/avatar/pants/chn_equ_avatar_swordman_pants_601514720.equ	[pants avatar]	109	1
equipment/character/swordman/avatar/pants/chn_equ_avatar_swordman_pants_601514721.equ	[pants avatar]	109	2
equipment/character/swordman/avatar/pants/chn_equ_avatar_swordman_pants_601514722.equ	[pants avatar]	109	3
equipment/character/swordman/avatar/pants/chn_equ_avatar_swordman_pants_601514731.equ	[pants avatar]	95	0
equipment/character/swordman/avatar/pants/chn_equ_avatar_swordman_pants_601514732.equ	[pants avatar]	95	1
equipment/character/swordman/avatar/pants/chn_equ_avatar_swordman_pants_601514733.equ	[pants avatar]	95	2
equipment/character/swordman/avatar/pants/chn_equ_avatar_swordman_pants_601514734.equ	[pants avatar]	95	3
equipment/character/swordman/avatar/pants/chn_equ_avatar_swordman_pants_601514742.equ	[pants avatar]	103	0
equipment/character/swordman/avatar/pants/chn_equ_avatar_swordman_pants_601514743.equ	[pants avatar]	103	1
equipment/character/swordman/avatar/pants/chn_equ_avatar_swordman_pants_601514744.equ	[pants avatar]	103	2
equipment/character/swordman/avatar/pants/chn_equ_avatar_swordman_pants_601514745.equ	[pants avatar]	103	3
equipment/character/swordman/avatar/pants/chn_equ_special_avatar_swordman_pants_101510882.equ	[pants avatar]	118	0
equipment/character/swordman/avatar/pants/chn_equ_special_avatar_swordman_pants_101510905.equ	[pants avatar]	146	0
equipment/character/swordman/avatar/pants/chn_equ_special_avatar_swordman_pants_101510906.equ	[pants avatar]	146	1
equipment/character/swordman/avatar/pants/chn_equ_special_avatar_swordman_pants_101510915.equ	[pants avatar]	150	0
equipment/character/swordman/avatar/pants/chn_equ_special_avatar_swordman_pants_101510916.equ	[pants avatar]	150	1
equipment/character/swordman/avatar/pants/chn_equ_special_avatar_swordman_pants_101510917.equ	[pants avatar]	150	2
equipment/character/swordman/avatar/pants/chn_equ_special_avatar_swordman_pants_101510918.equ	[pants avatar]	150	3
equipment/character/swordman/avatar/pants/chn_equ_special_avatar_swordman_pants_101510928.equ	[pants avatar]	73	0
equipment/character/swordman/avatar/pants/chn_equ_special_avatar_swordman_pants_101510929.equ	[pants avatar]	73	1
equipment/character/swordman/avatar/pants/chn_equ_special_avatar_swordman_pants_101510930.equ	[pants avatar]	73	2
equipment/character/swordman/avatar/pants/chn_equ_special_avatar_swordman_pants_101510931.equ	[pants avatar]	73	3
equipment/character/swordman/avatar/pants/chn_equ_special_avatar_swordman_pants_101510935.equ	[pants avatar]	159	0
equipment/character/swordman/avatar/pants/chn_equ_special_avatar_swordman_pants_101510936.equ	[pants avatar]	159	1
equipment/character/swordman/avatar/pants/chn_equ_special_avatar_swordman_pants_101510937.equ	[pants avatar]	159	2
equipment/character/swordman/avatar/pants/chn_equ_special_avatar_swordman_pants_101510938.equ	[pants avatar]	159	3
equipment/character/swordman/avatar/pants/chn_equ_special_avatar_swordman_pants_101510945.equ	[pants avatar]	157	0
equipment/character/swordman/avatar/pants/chn_equ_special_avatar_swordman_pants_101510946.equ	[pants avatar]	157	1
equipment/character/swordman/avatar/pants/chn_equ_special_avatar_swordman_pants_101510947.equ	[pants avatar]	157	2
equipment/character/swordman/avatar/pants/chn_equ_special_avatar_swordman_pants_101510948.equ	[pants avatar]	157	3
equipment/character/swordman/avatar/pants/chn_equ_special_avatar_swordman_pants_101510950.equ	[pants avatar]	0	0
equipment/character/swordman/avatar/pants/chn_equ_special_avatar_swordman_pants_101510953.equ	[pants avatar]	166	0
equipment/character/swordman/avatar/pants/chn_equ_special_avatar_swordman_pants_101510954.equ	[pants avatar]	166	1
equipment/character/swordman/avatar/pants/chn_equ_special_avatar_swordman_pants_101510955.equ	[pants avatar]	166	2
equipment/character/swordman/avatar/pants/chn_equ_special_avatar_swordman_pants_101510966.equ	[pants avatar]	167	0
equipment/character/swordman/avatar/pants/chn_equ_special_avatar_swordman_pants_101510967.equ	[pants avatar]	167	1
equipment/character/swordman/avatar/pants/chn_equ_special_avatar_swordman_pants_101510968.equ	[pants avatar]	167	2
equipment/character/swordman/avatar/pants/chn_equ_special_avatar_swordman_pants_101510969.equ	[pants avatar]	167	3
equipment/character/swordman/avatar/pants/chn_equ_special_avatar_swordman_pants_101510974.equ	[pants avatar]	173	0
equipment/character/swordman/avatar/pants/chn_equ_special_avatar_swordman_pants_101510975.equ	[pants avatar]	173	1
equipment/character/swordman/avatar/pants/chn_equ_special_avatar_swordman_pants_101510976.equ	[pants avatar]	173	2
equipment/character/swordman/avatar/pants/chn_equ_special_avatar_swordman_pants_101510977.equ	[pants avatar]	173	3
equipment/character/swordman/avatar/pants/chn_equ_special_avatar_swordman_pants_101510979.equ	[pants avatar]	143	0
equipment/character/swordman/avatar/pants/chn_equ_special_avatar_swordman_pants_101510980.equ	[pants avatar]	143	1
equipment/character/swordman/avatar/pants/chn_equ_special_avatar_swordman_pants_101510983.equ	[pants avatar]	179	0
equipment/character/swordman/avatar/pants/chn_equ_special_avatar_swordman_pants_101510984.equ	[pants avatar]	179	1
equipment/character/swordman/avatar/pants/chn_equ_special_avatar_swordman_pants_101510985.equ	[pants avatar]	179	2
equipment/character/swordman/avatar/pants/chn_equ_special_avatar_swordman_pants_101510986.equ	[pants avatar]	179	3
equipment/character/swordman/avatar/pants/chn_equ_special_avatar_swordman_pants_101510996.equ	[pants avatar]	151	0
equipment/character/swordman/avatar/pants/chn_equ_special_avatar_swordman_pants_101510997.equ	[pants avatar]	151	1
equipment/character/swordman/avatar/pants/chn_equ_special_avatar_swordman_pants_101510998.equ	[pants avatar]	151	2
equipment/character/swordman/avatar/pants/chn_equ_special_avatar_swordman_pants_101510999.equ	[pants avatar]	180	0
equipment/character/swordman/avatar/pants/chn_equ_special_avatar_swordman_pants_101511000.equ	[pants avatar]	180	1
equipment/character/swordman/avatar/pants/chn_equ_special_avatar_swordman_pants_101511001.equ	[pants avatar]	180	2
equipment/character/swordman/avatar/pants/chn_equ_special_avatar_swordman_pants_101511002.equ	[pants avatar]	180	3
equipment/character/swordman/avatar/pants/chn_equ_special_avatar_swordman_pants_2684650.equ	[pants avatar]	80	0
equipment/character/swordman/avatar/pants/chn_equ_special_avatar_swordman_pants_2684651.equ	[pants avatar]	80	1
equipment/character/swordman/avatar/pants/chn_equ_special_avatar_swordman_pants_2684652.equ	[pants avatar]	80	2
equipment/character/swordman/avatar/pants/chn_equ_special_avatar_swordman_pants_2684653.equ	[pants avatar]	80	3
equipment/character/swordman/avatar/pants/chn_equ_special_avatar_swordman_pants_2684672.equ	[pants avatar]	87	0
equipment/character/swordman/avatar/pants/chn_equ_special_avatar_swordman_pants_2684673.equ	[pants avatar]	87	1
equipment/character/swordman/avatar/pants/chn_equ_special_avatar_swordman_pants_2684674.equ	[pants avatar]	87	2
equipment/character/swordman/avatar/pants/chn_equ_special_avatar_swordman_pants_2684675.equ	[pants avatar]	87	3
equipment/character/swordman/avatar/pants/chn_equ_special_avatar_swordman_pants_2684689.equ	[pants avatar]	72	0
equipment/character/swordman/avatar/pants/chn_equ_special_avatar_swordman_pants_2684690.equ	[pants avatar]	72	1
equipment/character/swordman/avatar/pants/chn_equ_special_avatar_swordman_pants_2684691.equ	[pants avatar]	72	2
equipment/character/swordman/avatar/pants/chn_equ_special_avatar_swordman_pants_2684692.equ	[pants avatar]	72	3
equipment/character/swordman/avatar/pants/chn_equ_upper_avatar_swordman_pants_101510859.equ	[pants avatar]	125	0
equipment/character/swordman/avatar/pants/chn_equ_upper_avatar_swordman_pants_101510860.equ	[pants avatar]	125	1
equipment/character/swordman/avatar/pants/chn_equ_upper_avatar_swordman_pants_101510861.equ	[pants avatar]	125	2
equipment/character/swordman/avatar/pants/chn_equ_upper_avatar_swordman_pants_101510862.equ	[pants avatar]	125	3
equipment/character/swordman/avatar/pants/chn_equ_upper_avatar_swordman_pants_101510890.equ	[pants avatar]	141	0
equipment/character/swordman/avatar/pants/chn_equ_upper_avatar_swordman_pants_101510891.equ	[pants avatar]	141	1
equipment/character/swordman/avatar/pants/chn_equ_upper_avatar_swordman_pants_101510892.equ	[pants avatar]	141	2
equipment/character/swordman/avatar/pants/chn_equ_upper_avatar_swordman_pants_101510893.equ	[pants avatar]	141	3
equipment/character/swordman/avatar/pants/chn_equ_upper_avatar_swordman_pants_101510907.equ	[pants avatar]	74	0
equipment/character/swordman/avatar/pants/chn_equ_upper_avatar_swordman_pants_101510908.equ	[pants avatar]	74	1
equipment/character/swordman/avatar/pants/chn_equ_upper_avatar_swordman_pants_101510909.equ	[pants avatar]	74	2
equipment/character/swordman/avatar/pants/chn_equ_upper_avatar_swordman_pants_101510910.equ	[pants avatar]	74	3
equipment/character/swordman/avatar/pants/chn_equ_upper_avatar_swordman_pants_101511017.equ	[pants avatar]	185	0
equipment/character/swordman/avatar/pants/chn_equ_upper_avatar_swordman_pants_101511018.equ	[pants avatar]	185	1
equipment/character/swordman/avatar/pants/chn_equ_upper_avatar_swordman_pants_101511019.equ	[pants avatar]	185	2
equipment/character/swordman/avatar/pants/chn_equ_upper_avatar_swordman_pants_101511020.equ	[pants avatar]	185	3
equipment/character/swordman/avatar/pants/chn_equ_upper_avatar_swordman_pants_601514642.equ	[pants avatar]	78	0
equipment/character/swordman/avatar/pants/chn_equ_upper_avatar_swordman_pants_601514643.equ	[pants avatar]	78	1
equipment/character/swordman/avatar/pants/chn_equ_upper_avatar_swordman_pants_601514644.equ	[pants avatar]	78	2
equipment/character/swordman/avatar/pants/chn_equ_upper_avatar_swordman_pants_601514645.equ	[pants avatar]	78	3
equipment/character/swordman/avatar/pants/chn_equ_upper_avatar_swordman_pants_601514697.equ	[pants avatar]	94	0
equipment/character/swordman/avatar/pants/chn_equ_upper_avatar_swordman_pants_601514698.equ	[pants avatar]	94	1
equipment/character/swordman/avatar/pants/chn_equ_upper_avatar_swordman_pants_601514699.equ	[pants avatar]	94	2
equipment/character/swordman/avatar/pants/chn_equ_upper_avatar_swordman_pants_601514700.equ	[pants avatar]	94	3
equipment/character/swordman/avatar/pants/chn_equ_upper_avatar_swordman_pants_601514701.equ	[pants avatar]	96	0
equipment/character/swordman/avatar/pants/chn_equ_upper_avatar_swordman_pants_601514702.equ	[pants avatar]	96	1
equipment/character/swordman/avatar/pants/chn_equ_upper_avatar_swordman_pants_601514703.equ	[pants avatar]	96	2
equipment/character/swordman/avatar/pants/chn_equ_upper_avatar_swordman_pants_601514704.equ	[pants avatar]	96	3
equipment/character/swordman/avatar/pants/chn_equ_upper_avatar_swordman_pants_601514723.equ	[pants avatar]	98	0
equipment/character/swordman/avatar/pants/chn_equ_upper_avatar_swordman_pants_601514724.equ	[pants avatar]	98	1
equipment/character/swordman/avatar/pants/chn_equ_upper_avatar_swordman_pants_601514725.equ	[pants avatar]	98	2
equipment/character/swordman/avatar/pants/chn_equ_upper_avatar_swordman_pants_601514726.equ	[pants avatar]	98	3
equipment/character/swordman/avatar/pants/chn_equ_upper_avatar_swordman_pants_601514737.equ	[pants avatar]	115	0
equipment/character/swordman/avatar/pants/chn_equ_upper_avatar_swordman_pants_601514738.equ	[pants avatar]	115	1
equipment/character/swordman/avatar/pants/chn_equ_upper_avatar_swordman_pants_601514739.equ	[pants avatar]	115	2
equipment/character/swordman/avatar/pants/chn_equ_upper_avatar_swordman_pants_601514740.equ	[pants avatar]	115	3
equipment/character/swordman/avatar/pants/chn_equ_upper_avatar_swordman_pants_601514754.equ	[pants avatar]	119	0
equipment/character/swordman/avatar/pants/chn_equ_upper_avatar_swordman_pants_601514755.equ	[pants avatar]	119	1
equipment/character/swordman/avatar/pants/chn_equ_upper_avatar_swordman_pants_601514756.equ	[pants avatar]	119	2
equipment/character/swordman/avatar/pants/chn_equ_upper_avatar_swordman_pants_601514757.equ	[pants avatar]	119	3
equipment/character/swordman/avatar/pants/gm_sword_pant.equ	[pants avatar]	32	1
equipment/character/swordman/avatar/pants/goldapants_bkgrwarrior.equ	[pants avatar]	36	3
equipment/character/swordman/avatar/pants/goldapants_bkrdwarrior.equ	[pants avatar]	36	0
equipment/character/swordman/avatar/pants/goldapants_bkwtwarrior.equ	[pants avatar]	36	1
equipment/character/swordman/avatar/pants/goldapants_bkylwarrior.equ	[pants avatar]	36	2
equipment/character/swordman/avatar/pants/goldapants_copperarmor.equ	[pants avatar]	15	2
equipment/character/swordman/avatar/pants/goldapants_goldarmor.equ	[pants avatar]	15	1
equipment/character/swordman/avatar/pants/goldapants_silverarmor.equ	[pants avatar]	15	0
equipment/character/swordman/avatar/pants/goldapants_steelarmor.equ	[pants avatar]	15	3
equipment/character/swordman/avatar/pants/valor_earthdeva.equ	[pants avatar]	18	0
equipment/character/swordman/avatar/pants/valor_firedeva.equ	[pants avatar]	18	2
equipment/character/swordman/avatar/pants/valor_waterdeva.equ	[pants avatar]	18	1
equipment/character/swordman/avatar/pants/valor_winddeva.equ	[pants avatar]	18	3
equipment/character/swordman/avatar/shoes/101540381.equ	[shoes avatar]	29	0
equipment/character/swordman/avatar/shoes/101540382.equ	[shoes avatar]	29	1
equipment/character/swordman/avatar/shoes/101540383.equ	[shoes avatar]	29	2
equipment/character/swordman/avatar/shoes/101540384.equ	[shoes avatar]	29	3
equipment/character/swordman/avatar/shoes/101540385.equ	[shoes avatar]	28	0
equipment/character/swordman/avatar/shoes/101540386.equ	[shoes avatar]	28	1
equipment/character/swordman/avatar/shoes/101540387.equ	[shoes avatar]	28	2
equipment/character/swordman/avatar/shoes/101540388.equ	[shoes avatar]	28	3
equipment/character/swordman/avatar/shoes/101540389.equ	[shoes avatar]	31	0
equipment/character/swordman/avatar/shoes/101540390.equ	[shoes avatar]	31	1
equipment/character/swordman/avatar/shoes/101540391.equ	[shoes avatar]	34	1
equipment/character/swordman/avatar/shoes/101540392.equ	[shoes avatar]	35	0
equipment/character/swordman/avatar/shoes/101540393.equ	[shoes avatar]	35	1
equipment/character/swordman/avatar/shoes/101540394.equ	[shoes avatar]	35	2
equipment/character/swordman/avatar/shoes/101540395.equ	[shoes avatar]	35	3
equipment/character/swordman/avatar/shoes/101540396.equ	[shoes avatar]	37	0
equipment/character/swordman/avatar/shoes/101540397.equ	[shoes avatar]	37	1
equipment/character/swordman/avatar/shoes/101540398.equ	[shoes avatar]	37	2
equipment/character/swordman/avatar/shoes/101540399.equ	[shoes avatar]	37	3
equipment/character/swordman/avatar/shoes/101540400.equ	[shoes avatar]	40	0
equipment/character/swordman/avatar/shoes/101540401.equ	[shoes avatar]	40	1
equipment/character/swordman/avatar/shoes/101540402.equ	[shoes avatar]	44	1
equipment/character/swordman/avatar/shoes/101540403.equ	[shoes avatar]	44	2
equipment/character/swordman/avatar/shoes/101540404.equ	[shoes avatar]	44	3
equipment/character/swordman/avatar/shoes/101540405.equ	[shoes avatar]	51	0
equipment/character/swordman/avatar/shoes/101540406.equ	[shoes avatar]	51	1
equipment/character/swordman/avatar/shoes/101540407.equ	[shoes avatar]	51	2
equipment/character/swordman/avatar/shoes/101540408.equ	[shoes avatar]	51	3
equipment/character/swordman/avatar/shoes/101540409.equ	[shoes avatar]	54	3
equipment/character/swordman/avatar/shoes/101540410.equ	[shoes avatar]	60	0
equipment/character/swordman/avatar/shoes/101540411.equ	[shoes avatar]	60	1
equipment/character/swordman/avatar/shoes/101540412.equ	[shoes avatar]	60	2
equipment/character/swordman/avatar/shoes/101540413.equ	[shoes avatar]	60	3
equipment/character/swordman/avatar/shoes/101540414.equ	[shoes avatar]	69	1
equipment/character/swordman/avatar/shoes/101540415.equ	[shoes avatar]	69	2
equipment/character/swordman/avatar/shoes/101540416.equ	[shoes avatar]	69	3
equipment/character/swordman/avatar/shoes/101540417.equ	[shoes avatar]	70	0
equipment/character/swordman/avatar/shoes/101540418.equ	[shoes avatar]	70	1
equipment/character/swordman/avatar/shoes/101540419.equ	[shoes avatar]	70	2
equipment/character/swordman/avatar/shoes/101540420.equ	[shoes avatar]	70	3
equipment/character/swordman/avatar/shoes/101540421.equ	[shoes avatar]	88	3
equipment/character/swordman/avatar/shoes/101540422.equ	[shoes avatar]	92	0
equipment/character/swordman/avatar/shoes/101540423.equ	[shoes avatar]	92	1
equipment/character/swordman/avatar/shoes/101540424.equ	[shoes avatar]	92	2
equipment/character/swordman/avatar/shoes/101540425.equ	[shoes avatar]	92	3
equipment/character/swordman/avatar/shoes/101540426.equ	[shoes avatar]	95	0
equipment/character/swordman/avatar/shoes/101540427.equ	[shoes avatar]	95	1
equipment/character/swordman/avatar/shoes/101540428.equ	[shoes avatar]	95	2
equipment/character/swordman/avatar/shoes/101540429.equ	[shoes avatar]	
equipment/character/swordman/avatar/shoes/101540430.equ	[shoes avatar]	1	0
equipment/character/swordman/avatar/shoes/101540431.equ	[shoes avatar]	2	0
equipment/character/swordman/avatar/shoes/101540432.equ	[shoes avatar]	3	0
equipment/character/swordman/avatar/shoes/101540433.equ	[shoes avatar]	4	0
equipment/character/swordman/avatar/shoes/101540434.equ	[shoes avatar]	5	0
equipment/character/swordman/avatar/shoes/101540435.equ	[shoes avatar]	1	1
equipment/character/swordman/avatar/shoes/101540436.equ	[shoes avatar]	1	2
equipment/character/swordman/avatar/shoes/101540437.equ	[shoes avatar]	5	1
equipment/character/swordman/avatar/shoes/101540438.equ	[shoes avatar]	5	2
equipment/character/swordman/avatar/shoes/101540439.equ	[shoes avatar]	5	3
equipment/character/swordman/avatar/shoes/101540440.equ	[shoes avatar]	6	0
equipment/character/swordman/avatar/shoes/101540441.equ	[shoes avatar]	6	1
equipment/character/swordman/avatar/shoes/101540442.equ	[shoes avatar]	6	2
equipment/character/swordman/avatar/shoes/101540443.equ	[shoes avatar]	6	3
equipment/character/swordman/avatar/shoes/101540444.equ	[shoes avatar]	10	0
equipment/character/swordman/avatar/shoes/101540445.equ	[shoes avatar]	10	1
equipment/character/swordman/avatar/shoes/101540446.equ	[shoes avatar]	10	2
equipment/character/swordman/avatar/shoes/101540447.equ	[shoes avatar]	13	0
equipment/character/swordman/avatar/shoes/101540448.equ	[shoes avatar]	8	3
equipment/character/swordman/avatar/shoes/101540449.equ	[shoes avatar]	12	0
equipment/character/swordman/avatar/shoes/101540450.equ	[shoes avatar]	12	1
equipment/character/swordman/avatar/shoes/101540451.equ	[shoes avatar]	12	2
equipment/character/swordman/avatar/shoes/101540452.equ	[shoes avatar]	12	3
equipment/character/swordman/avatar/shoes/101540453.equ	[shoes avatar]	15	0
equipment/character/swordman/avatar/shoes/101540454.equ	[shoes avatar]	15	1
equipment/character/swordman/avatar/shoes/101540455.equ	[shoes avatar]	15	2
equipment/character/swordman/avatar/shoes/101540456.equ	[shoes avatar]	31	2
equipment/character/swordman/avatar/shoes/101540457.equ	[shoes avatar]	31	3
equipment/character/swordman/avatar/shoes/101540458.equ	[shoes avatar]	34	0
equipment/character/swordman/avatar/shoes/101540459.equ	[shoes avatar]	34	2
equipment/character/swordman/avatar/shoes/101540460.equ	[shoes avatar]	34	3
equipment/character/swordman/avatar/shoes/101540461.equ	[shoes avatar]	40	2
equipment/character/swordman/avatar/shoes/101540462.equ	[shoes avatar]	40	3
equipment/character/swordman/avatar/shoes/101540463.equ	[shoes avatar]	42	0
equipment/character/swordman/avatar/shoes/101540464.equ	[shoes avatar]	42	1
equipment/character/swordman/avatar/shoes/101540465.equ	[shoes avatar]	42	2
equipment/character/swordman/avatar/shoes/101540466.equ	[shoes avatar]	42	3
equipment/character/swordman/avatar/shoes/101540467.equ	[shoes avatar]	44	0
equipment/character/swordman/avatar/shoes/101540468.equ	[shoes avatar]	52	0
equipment/character/swordman/avatar/shoes/101540469.equ	[shoes avatar]	52	1
equipment/character/swordman/avatar/shoes/101540470.equ	[shoes avatar]	52	2
equipment/character/swordman/avatar/shoes/101540471.equ	[shoes avatar]	52	3
equipment/character/swordman/avatar/shoes/101540472.equ	[shoes avatar]	54	0
equipment/character/swordman/avatar/shoes/101540473.equ	[shoes avatar]	54	1
equipment/character/swordman/avatar/shoes/101540474.equ	[shoes avatar]	54	2
equipment/character/swordman/avatar/shoes/101540475.equ	[shoes avatar]	58	0
equipment/character/swordman/avatar/shoes/101540476.equ	[shoes avatar]	58	1
equipment/character/swordman/avatar/shoes/101540477.equ	[shoes avatar]	58	2
equipment/character/swordman/avatar/shoes/101540478.equ	[shoes avatar]	58	3
equipment/character/swordman/avatar/shoes/101540479.equ	[shoes avatar]	59	0
equipment/character/swordman/avatar/shoes/101540480.equ	[shoes avatar]	66	0
equipment/character/swordman/avatar/shoes/101540481.equ	[shoes avatar]	66	1
equipment/character/swordman/avatar/shoes/101540482.equ	[shoes avatar]	66	2
equipment/character/swordman/avatar/shoes/101540483.equ	[shoes avatar]	66	3
equipment/character/swordman/avatar/shoes/101540484.equ	[shoes avatar]	69	0
equipment/character/swordman/avatar/shoes/101540485.equ	[shoes avatar]	88	0
equipment/character/swordman/avatar/shoes/101540486.equ	[shoes avatar]	88	1
equipment/character/swordman/avatar/shoes/101540487.equ	[shoes avatar]	88	2
equipment/character/swordman/avatar/shoes/101540488.equ	[shoes avatar]	79	0
equipment/character/swordman/avatar/shoes/101540489.equ	[shoes avatar]	79	1
equipment/character/swordman/avatar/shoes/101540490.equ	[shoes avatar]	79	2
equipment/character/swordman/avatar/shoes/101540491.equ	[shoes avatar]	79	3
equipment/character/swordman/avatar/shoes/101540492.equ	[shoes avatar]	95	3
equipment/character/swordman/avatar/shoes/101540493.equ	[shoes avatar]	97	0
equipment/character/swordman/avatar/shoes/101540494.equ	[shoes avatar]	97	1
equipment/character/swordman/avatar/shoes/101540495.equ	[shoes avatar]	97	2
equipment/character/swordman/avatar/shoes/101540496.equ	[shoes avatar]	97	3
equipment/character/swordman/avatar/shoes/101540497.equ	[shoes avatar]	1	3
equipment/character/swordman/avatar/shoes/101540498.equ	[shoes avatar]	2	1
equipment/character/swordman/avatar/shoes/101540499.equ	[shoes avatar]	2	2
equipment/character/swordman/avatar/shoes/101540500.equ	[shoes avatar]	2	3
equipment/character/swordman/avatar/shoes/101540501.equ	[shoes avatar]	3	1
equipment/character/swordman/avatar/shoes/101540502.equ	[shoes avatar]	3	2
equipment/character/swordman/avatar/shoes/101540503.equ	[shoes avatar]	3	3
equipment/character/swordman/avatar/shoes/101540504.equ	[shoes avatar]	4	1
equipment/character/swordman/avatar/shoes/101540505.equ	[shoes avatar]	4	2
equipment/character/swordman/avatar/shoes/101540506.equ	[shoes avatar]	4	3
equipment/character/swordman/avatar/shoes/101540507.equ	[shoes avatar]	10	3
equipment/character/swordman/avatar/shoes/101540508.equ	[shoes avatar]	7	0
equipment/character/swordman/avatar/shoes/101540509.equ	[shoes avatar]	7	1
equipment/character/swordman/avatar/shoes/101540510.equ	[shoes avatar]	7	2
equipment/character/swordman/avatar/shoes/101540511.equ	[shoes avatar]	7	3
equipment/character/swordman/avatar/shoes/101540512.equ	[shoes avatar]	13	1
equipment/character/swordman/avatar/shoes/101540513.equ	[shoes avatar]	13	2
equipment/character/swordman/avatar/shoes/101540514.equ	[shoes avatar]	13	3
equipment/character/swordman/avatar/shoes/101540515.equ	[shoes avatar]	8	0
equipment/character/swordman/avatar/shoes/101540516.equ	[shoes avatar]	8	1
equipment/character/swordman/avatar/shoes/101540517.equ	[shoes avatar]	8	2
equipment/character/swordman/avatar/shoes/101540518.equ	[shoes avatar]	15	3
equipment/character/swordman/avatar/shoes/101540519.equ	[shoes avatar]	108	0
equipment/character/swordman/avatar/shoes/101540520.equ	[shoes avatar]	108	1
equipment/character/swordman/avatar/shoes/101540521.equ	[shoes avatar]	108	2
equipment/character/swordman/avatar/shoes/101540522.equ	[shoes avatar]	33	0
equipment/character/swordman/avatar/shoes/101540537.equ	[shoes avatar]	111	0
equipment/character/swordman/avatar/shoes/101540538.equ	[shoes avatar]	111	1
equipment/character/swordman/avatar/shoes/101540539.equ	[shoes avatar]	111	2
equipment/character/swordman/avatar/shoes/101540540.equ	[shoes avatar]	111	3
equipment/character/swordman/avatar/shoes/101540541.equ	[shoes avatar]	111	0
equipment/character/swordman/avatar/shoes/101540542.equ	[shoes avatar]	111	1
equipment/character/swordman/avatar/shoes/101540543.equ	[shoes avatar]	111	2
equipment/character/swordman/avatar/shoes/101540544.equ	[shoes avatar]	111	3
equipment/character/swordman/avatar/shoes/101540545.equ	[shoes avatar]	94	0
equipment/character/swordman/avatar/shoes/101540546.equ	[shoes avatar]	94	0
equipment/character/swordman/avatar/shoes/101540552.equ	[shoes avatar]	107	0
equipment/character/swordman/avatar/shoes/101540553.equ	[shoes avatar]	107	1
equipment/character/swordman/avatar/shoes/101540554.equ	[shoes avatar]	120	0
equipment/character/swordman/avatar/shoes/101540555.equ	[shoes avatar]	120	1
equipment/character/swordman/avatar/shoes/101540556.equ	[shoes avatar]	120	2
equipment/character/swordman/avatar/shoes/101540557.equ	[shoes avatar]	120	3
equipment/character/swordman/avatar/shoes/101540558.equ	[shoes avatar]	120	0
equipment/character/swordman/avatar/shoes/101540559.equ	[shoes avatar]	120	1
equipment/character/swordman/avatar/shoes/101540560.equ	[shoes avatar]	120	2
equipment/character/swordman/avatar/shoes/101540561.equ	[shoes avatar]	120	3
equipment/character/swordman/avatar/shoes/101540563.equ	[shoes avatar]	53	0
equipment/character/swordman/avatar/shoes/101540564.equ	[shoes avatar]	53	0
equipment/character/swordman/avatar/shoes/101540565.equ	[shoes avatar]	53	0
equipment/character/swordman/avatar/shoes/101540566.equ	[shoes avatar]	53	0
equipment/character/swordman/avatar/shoes/101540567.equ	[shoes avatar]	53	0
equipment/character/swordman/avatar/shoes/101540568.equ	[shoes avatar]	53	0
equipment/character/swordman/avatar/shoes/101540569.equ	[shoes avatar]	53	0
equipment/character/swordman/avatar/shoes/101540570.equ	[shoes avatar]	53	0
equipment/character/swordman/avatar/shoes/101540571.equ	[shoes avatar]	53	0
equipment/character/swordman/avatar/shoes/101540572.equ	[shoes avatar]	53	0
equipment/character/swordman/avatar/shoes/101540573.equ	[shoes avatar]	53	0
equipment/character/swordman/avatar/shoes/101540574.equ	[shoes avatar]	53	0
equipment/character/swordman/avatar/shoes/101540575.equ	[shoes avatar]	53	0
equipment/character/swordman/avatar/shoes/101540576.equ	[shoes avatar]	53	0
equipment/character/swordman/avatar/shoes/101540577.equ	[shoes avatar]	53	0
equipment/character/swordman/avatar/shoes/101541622.equ	[shoes avatar]	55	2
equipment/character/swordman/avatar/shoes/101541673.equ	[shoes avatar]	176	0
equipment/character/swordman/avatar/shoes/101541674.equ	[shoes avatar]	176	1
equipment/character/swordman/avatar/shoes/101541675.equ	[shoes avatar]	176	2
equipment/character/swordman/avatar/shoes/101541676.equ	[shoes avatar]	176	3
equipment/character/swordman/avatar/shoes/101541760.equ	[shoes avatar]	202	0
equipment/character/swordman/avatar/shoes/101541764.equ	[shoes avatar]	203	0
equipment/character/swordman/avatar/shoes/101541768.equ	[shoes avatar]	204	0
equipment/character/swordman/avatar/shoes/101541772.equ	[shoes avatar]	205	0
equipment/character/swordman/avatar/shoes/1070000.equ	[shoes avatar]	1	0
equipment/character/swordman/avatar/shoes/1070001.equ	[shoes avatar]	2	0
equipment/character/swordman/avatar/shoes/1070002.equ	[shoes avatar]	3	0
equipment/character/swordman/avatar/shoes/1070003.equ	[shoes avatar]	4	0
equipment/character/swordman/avatar/shoes/1070004.equ	[shoes avatar]	5	0
equipment/character/swordman/avatar/shoes/1070005.equ	[shoes avatar]	0	1
equipment/character/swordman/avatar/shoes/1070006.equ	[shoes avatar]	0	2
equipment/character/swordman/avatar/shoes/1070007.equ	[shoes avatar]	0	3
equipment/character/swordman/avatar/shoes/1070008.equ	[shoes avatar]	1	1
equipment/character/swordman/avatar/shoes/1070009.equ	[shoes avatar]	1	2
equipment/character/swordman/avatar/shoes/1070010.equ	[shoes avatar]	1	3
equipment/character/swordman/avatar/shoes/1070011.equ	[shoes avatar]	2	1
equipment/character/swordman/avatar/shoes/1070012.equ	[shoes avatar]	2	2
equipment/character/swordman/avatar/shoes/1070013.equ	[shoes avatar]	2	3
equipment/character/swordman/avatar/shoes/1070014.equ	[shoes avatar]	3	1
equipment/character/swordman/avatar/shoes/1070015.equ	[shoes avatar]	3	2
equipment/character/swordman/avatar/shoes/1070016.equ	[shoes avatar]	3	3
equipment/character/swordman/avatar/shoes/1070017.equ	[shoes avatar]	4	1
equipment/character/swordman/avatar/shoes/1070018.equ	[shoes avatar]	4	2
equipment/character/swordman/avatar/shoes/1070019.equ	[shoes avatar]	4	3
equipment/character/swordman/avatar/shoes/1070020.equ	[shoes avatar]	5	1
equipment/character/swordman/avatar/shoes/1070021.equ	[shoes avatar]	5	2
equipment/character/swordman/avatar/shoes/1070022.equ	[shoes avatar]	5	3
equipment/character/swordman/avatar/shoes/1070023.equ	[shoes avatar]	6	0
equipment/character/swordman/avatar/shoes/1070024.equ	[shoes avatar]	6	1
equipment/character/swordman/avatar/shoes/1070025.equ	[shoes avatar]	6	2
equipment/character/swordman/avatar/shoes/1070026.equ	[shoes avatar]	6	3
equipment/character/swordman/avatar/shoes/1070027.equ	[shoes avatar]	10	0
equipment/character/swordman/avatar/shoes/1070028.equ	[shoes avatar]	10	1
equipment/character/swordman/avatar/shoes/1070029.equ	[shoes avatar]	10	2
equipment/character/swordman/avatar/shoes/1070030.equ	[shoes avatar]	10	3
equipment/character/swordman/avatar/shoes/1070031.equ	[shoes avatar]	7	0
equipment/character/swordman/avatar/shoes/1070032.equ	[shoes avatar]	7	1
equipment/character/swordman/avatar/shoes/1070033.equ	[shoes avatar]	7	2
equipment/character/swordman/avatar/shoes/1070034.equ	[shoes avatar]	7	3
equipment/character/swordman/avatar/shoes/1070035.equ	[shoes avatar]	13	0
equipment/character/swordman/avatar/shoes/1070036.equ	[shoes avatar]	13	1
equipment/character/swordman/avatar/shoes/1070037.equ	[shoes avatar]	13	2
equipment/character/swordman/avatar/shoes/1070038.equ	[shoes avatar]	13	3
equipment/character/swordman/avatar/shoes/1070039.equ	[shoes avatar]	8	0
equipment/character/swordman/avatar/shoes/1070040.equ	[shoes avatar]	8	1
equipment/character/swordman/avatar/shoes/1070041.equ	[shoes avatar]	8	2
equipment/character/swordman/avatar/shoes/1070042.equ	[shoes avatar]	8	3
equipment/character/swordman/avatar/shoes/1070043.equ	[shoes avatar]	12	0
equipment/character/swordman/avatar/shoes/1070044.equ	[shoes avatar]	12	1
equipment/character/swordman/avatar/shoes/1070045.equ	[shoes avatar]	12	2
equipment/character/swordman/avatar/shoes/1070046.equ	[shoes avatar]	12	3
equipment/character/swordman/avatar/shoes/1070047.equ	[shoes avatar]	15	0
equipment/character/swordman/avatar/shoes/1070048.equ	[shoes avatar]	15	1
equipment/character/swordman/avatar/shoes/1070049.equ	[shoes avatar]	15	2
equipment/character/swordman/avatar/shoes/1070050.equ	[shoes avatar]	15	3
equipment/character/swordman/avatar/shoes/601540000.equ	[shoes avatar]	78	2
equipment/character/swordman/avatar/shoes/601540001.equ	[shoes avatar]	78	3
equipment/character/swordman/avatar/shoes/601540002.equ	[shoes avatar]	1	0
equipment/character/swordman/avatar/shoes/601540003.equ	[shoes avatar]	1	1
equipment/character/swordman/avatar/shoes/601540004.equ	[shoes avatar]	1	2
equipment/character/swordman/avatar/shoes/601540005.equ	[shoes avatar]	1	3
equipment/character/swordman/avatar/shoes/601540006.equ	[shoes avatar]	2	0
equipment/character/swordman/avatar/shoes/601540007.equ	[shoes avatar]	2	1
equipment/character/swordman/avatar/shoes/601540008.equ	[shoes avatar]	2	2
equipment/character/swordman/avatar/shoes/601540009.equ	[shoes avatar]	88	0
equipment/character/swordman/avatar/shoes/601540010.equ	[shoes avatar]	88	3
equipment/character/swordman/avatar/shoes/601540011.equ	[shoes avatar]	3	2
equipment/character/swordman/avatar/shoes/601540012.equ	[shoes avatar]	84	0
equipment/character/swordman/avatar/shoes/601540013.equ	[shoes avatar]	84	1
equipment/character/swordman/avatar/shoes/601540014.equ	[shoes avatar]	84	2
equipment/character/swordman/avatar/shoes/601540015.equ	[shoes avatar]	84	3
equipment/character/swordman/avatar/shoes/601540017.equ	[shoes avatar]	96	0
equipment/character/swordman/avatar/shoes/601540018.equ	[shoes avatar]	79	0
equipment/character/swordman/avatar/shoes/601540019.equ	[shoes avatar]	79	1
equipment/character/swordman/avatar/shoes/601540020.equ	[shoes avatar]	79	2
equipment/character/swordman/avatar/shoes/601540021.equ	[shoes avatar]	79	3
equipment/character/swordman/avatar/shoes/601540022.equ	[shoes avatar]	88	1
equipment/character/swordman/avatar/shoes/601540023.equ	[shoes avatar]	88	2
equipment/character/swordman/avatar/shoes/601540024.equ	[shoes avatar]	110	0
equipment/character/swordman/avatar/shoes/601540025.equ	[shoes avatar]	110	1
equipment/character/swordman/avatar/shoes/601540026.equ	[shoes avatar]	110	2
equipment/character/swordman/avatar/shoes/601540027.equ	[shoes avatar]	110	3
equipment/character/swordman/avatar/shoes/601540028.equ	[shoes avatar]	55	3
equipment/character/swordman/avatar/shoes/601540029.equ	[shoes avatar]	108	0
equipment/character/swordman/avatar/shoes/601540030.equ	[shoes avatar]	108	1
equipment/character/swordman/avatar/shoes/601540031.equ	[shoes avatar]	108	2
equipment/character/swordman/avatar/shoes/601540032.equ	[shoes avatar]	91	0
equipment/character/swordman/avatar/shoes/601540033.equ	[shoes avatar]	91	1
equipment/character/swordman/avatar/shoes/601540034.equ	[shoes avatar]	91	2
equipment/character/swordman/avatar/shoes/601540035.equ	[shoes avatar]	91	3
equipment/character/swordman/avatar/shoes/601540036.equ	[shoes avatar]	99	0
equipment/character/swordman/avatar/shoes/601540037.equ	[shoes avatar]	99	1
equipment/character/swordman/avatar/shoes/601540038.equ	[shoes avatar]	99	2
equipment/character/swordman/avatar/shoes/601540039.equ	[shoes avatar]	99	3
equipment/character/swordman/avatar/shoes/601540040.equ	[shoes avatar]	99	4
equipment/character/swordman/avatar/shoes/601540041.equ	[shoes avatar]	99	5
equipment/character/swordman/avatar/shoes/601540042.equ	[shoes avatar]	62	1
equipment/character/swordman/avatar/shoes/601540043.equ	[shoes avatar]	70	0
equipment/character/swordman/avatar/shoes/601540044.equ	[shoes avatar]	70	1
equipment/character/swordman/avatar/shoes/601540045.equ	[shoes avatar]	70	2
equipment/character/swordman/avatar/shoes/601540046.equ	[shoes avatar]	70	3
equipment/character/swordman/avatar/shoes/601540047.equ	[shoes avatar]	46	4
equipment/character/swordman/avatar/shoes/601540048.equ	[shoes avatar]	94	0
equipment/character/swordman/avatar/shoes/601540049.equ	[shoes avatar]	117	0
equipment/character/swordman/avatar/shoes/601540050.equ	[shoes avatar]	117	1
equipment/character/swordman/avatar/shoes/601540051.equ	[shoes avatar]	117	2
equipment/character/swordman/avatar/shoes/601540052.equ	[shoes avatar]	55	0
equipment/character/swordman/avatar/shoes/601540053.equ	[shoes avatar]	102	0
equipment/character/swordman/avatar/shoes/601540054.equ	[shoes avatar]	102	1
equipment/character/swordman/avatar/shoes/601540055.equ	[shoes avatar]	78	2
equipment/character/swordman/avatar/shoes/601540056.equ	[shoes avatar]	1	0
equipment/character/swordman/avatar/shoes/601540057.equ	[shoes avatar]	2	0
equipment/character/swordman/avatar/shoes/601540058.equ	[shoes avatar]	113	0
equipment/character/swordman/avatar/shoes/601540059.equ	[shoes avatar]	113	1
equipment/character/swordman/avatar/shoes/601540060.equ	[shoes avatar]	113	2
equipment/character/swordman/avatar/shoes/601540061.equ	[shoes avatar]	113	3
equipment/character/swordman/avatar/shoes/601540062.equ	[shoes avatar]	130	0
equipment/character/swordman/avatar/shoes/601540063.equ	[shoes avatar]	130	1
equipment/character/swordman/avatar/shoes/601540064.equ	[shoes avatar]	130	2
equipment/character/swordman/avatar/shoes/601540065.equ	[shoes avatar]	130	3
equipment/character/swordman/avatar/shoes/601540066.equ	[shoes avatar]	87	1
equipment/character/swordman/avatar/shoes/601540067.equ	[shoes avatar]	
equipment/character/swordman/avatar/shoes/601540068.equ	[shoes avatar]	127	0
equipment/character/swordman/avatar/shoes/601540069.equ	[shoes avatar]	127	1
equipment/character/swordman/avatar/shoes/601540070.equ	[shoes avatar]	125	0
equipment/character/swordman/avatar/shoes/601540071.equ	[shoes avatar]	125	1
equipment/character/swordman/avatar/shoes/601540072.equ	[shoes avatar]	125	2
equipment/character/swordman/avatar/shoes/601540073.equ	[shoes avatar]	125	3
equipment/character/swordman/avatar/shoes/601540074.equ	[shoes avatar]	125	4
equipment/character/swordman/avatar/shoes/601540075.equ	[shoes avatar]	125	5
equipment/character/swordman/avatar/shoes/601540079.equ	[shoes avatar]	132	0
equipment/character/swordman/avatar/shoes/601540080.equ	[shoes avatar]	132	1
equipment/character/swordman/avatar/shoes/601540081.equ	[shoes avatar]	132	2
equipment/character/swordman/avatar/shoes/601540082.equ	[shoes avatar]	132	3
equipment/character/swordman/avatar/shoes/601540091.equ	[shoes avatar]	131	0
equipment/character/swordman/avatar/shoes/601540094.equ	[shoes avatar]	141	0
equipment/character/swordman/avatar/shoes/601540095.equ	[shoes avatar]	141	1
equipment/character/swordman/avatar/shoes/601540096.equ	[shoes avatar]	133	0
equipment/character/swordman/avatar/shoes/601540097.equ	[shoes avatar]	134	0
equipment/character/swordman/avatar/shoes/601540138.equ	[shoes avatar]	215	0
equipment/character/swordman/avatar/shoes/601540139.equ	[shoes avatar]	215	1
equipment/character/swordman/avatar/shoes/601540140.equ	[shoes avatar]	215	2
equipment/character/swordman/avatar/shoes/601540141.equ	[shoes avatar]	215	3
equipment/character/swordman/avatar/shoes/601541048.equ	[shoes avatar]	169	0
equipment/character/swordman/avatar/shoes/601541049.equ	[shoes avatar]	169	1
equipment/character/swordman/avatar/shoes/601541050.equ	[shoes avatar]	169	2
equipment/character/swordman/avatar/shoes/601541051.equ	[shoes avatar]	169	3
equipment/character/swordman/avatar/shoes/601541052.equ	[shoes avatar]	176	0
equipment/character/swordman/avatar/shoes/601541053.equ	[shoes avatar]	176	1
equipment/character/swordman/avatar/shoes/601541054.equ	[shoes avatar]	176	2
equipment/character/swordman/avatar/shoes/601541055.equ	[shoes avatar]	176	3
equipment/character/swordman/avatar/shoes/601541056.equ	[shoes avatar]	179	0
equipment/character/swordman/avatar/shoes/601541057.equ	[shoes avatar]	179	1
equipment/character/swordman/avatar/shoes/601541058.equ	[shoes avatar]	179	2
equipment/character/swordman/avatar/shoes/601541059.equ	[shoes avatar]	179	3
equipment/character/swordman/avatar/shoes/601541060.equ	[shoes avatar]	167	0
equipment/character/swordman/avatar/shoes/601541061.equ	[shoes avatar]	167	1
equipment/character/swordman/avatar/shoes/601541062.equ	[shoes avatar]	167	2
equipment/character/swordman/avatar/shoes/601541063.equ	[shoes avatar]	167	3
equipment/character/swordman/avatar/shoes/601541067.equ	[shoes avatar]	149	0
equipment/character/swordman/avatar/shoes/601541068.equ	[shoes avatar]	149	1
equipment/character/swordman/avatar/shoes/601541069.equ	[shoes avatar]	149	2
equipment/character/swordman/avatar/shoes/601541070.equ	[shoes avatar]	149	3
equipment/character/swordman/avatar/shoes/aband_bkfoot.equ	[shoes avatar]	10	3
equipment/character/swordman/avatar/shoes/aband_bloodyfoot.equ	[shoes avatar]	10	2
equipment/character/swordman/avatar/shoes/aband_foot.equ	[shoes avatar]	10	0
equipment/character/swordman/avatar/shoes/aband_oldfoot.equ	[shoes avatar]	10	1
equipment/character/swordman/avatar/shoes/abandage_bkankle.equ	[shoes avatar]	40	1
equipment/character/swordman/avatar/shoes/abandage_blankle.equ	[shoes avatar]	40	3
equipment/character/swordman/avatar/shoes/abandage_wtankle.equ	[shoes avatar]	40	0
equipment/character/swordman/avatar/shoes/abandage_ylankle.equ	[shoes avatar]	40	2
equipment/character/swordman/avatar/shoes/aboots_bkarmor.equ	[shoes avatar]	39	1
equipment/character/swordman/avatar/shoes/aboots_bkberserker.equ	[shoes avatar]	37	2
equipment/character/swordman/avatar/shoes/aboots_bkcombat.equ	[shoes avatar]	53	0
equipment/character/swordman/avatar/shoes/aboots_bkleather.equ	[shoes avatar]	51	3
equipment/character/swordman/avatar/shoes/aboots_bkltswordman.equ	[shoes avatar]	25	3
equipment/character/swordman/avatar/shoes/aboots_bksoullong.equ	[shoes avatar]	32	0
equipment/character/swordman/avatar/shoes/aboots_blgrberserker.equ	[shoes avatar]	37	0
equipment/character/swordman/avatar/shoes/aboots_blleather.equ	[shoes avatar]	51	1
equipment/character/swordman/avatar/shoes/aboots_brleather.equ	[shoes avatar]	51	0
equipment/character/swordman/avatar/shoes/aboots_brzwyvern.equ	[shoes avatar]	11	3
equipment/character/swordman/avatar/shoes/aboots_brzwyvern2.equ	[shoes avatar]	11	3
equipment/character/swordman/avatar/shoes/aboots_bzswordman.equ	[shoes avatar]	19	3
equipment/character/swordman/avatar/shoes/aboots_dkblwinter.equ	[shoes avatar]	26	2
equipment/character/swordman/avatar/shoes/aboots_dkbrwinter.equ	[shoes avatar]	26	0
equipment/character/swordman/avatar/shoes/aboots_dkgreywinter.equ	[shoes avatar]	26	1
equipment/character/swordman/avatar/shoes/aboots_dkgrsoullong.equ	[shoes avatar]	32	2
equipment/character/swordman/avatar/shoes/aboots_dkvlwinter.equ	[shoes avatar]	26	3
equipment/character/swordman/avatar/shoes/aboots_dpbrberserker.equ	[shoes avatar]	37	3
equipment/character/swordman/avatar/shoes/aboots_dpgysoullong.equ	[shoes avatar]	32	3
equipment/character/swordman/avatar/shoes/aboots_gdswordman.equ	[shoes avatar]	19	0
equipment/character/swordman/avatar/shoes/aboots_gdwyvern.equ	[shoes avatar]	11	0
equipment/character/swordman/avatar/shoes/aboots_gdwyvern2.equ	[shoes avatar]	11	0
equipment/character/swordman/avatar/shoes/aboots_grbandwarrior.equ	[shoes avatar]	31	3
equipment/character/swordman/avatar/shoes/aboots_pltwyvern.equ	[shoes avatar]	11	2
equipment/character/swordman/avatar/shoes/aboots_pltwyvern2.equ	[shoes avatar]	11	2
equipment/character/swordman/avatar/shoes/aboots_ppcombat.equ	[shoes avatar]	53	1
equipment/character/swordman/avatar/shoes/aboots_rdarmor.equ	[shoes avatar]	39	0
equipment/character/swordman/avatar/shoes/aboots_rdbandwarrior.equ	[shoes avatar]	31	0
equipment/character/swordman/avatar/shoes/aboots_rdberserker.equ	[shoes avatar]	37	1
equipment/character/swordman/avatar/shoes/aboots_rdleather.equ	[shoes avatar]	51	2
equipment/character/swordman/avatar/shoes/aboots_rdltswordman.equ	[shoes avatar]	25	0
equipment/character/swordman/avatar/shoes/aboots_rdsoullong.equ	[shoes avatar]	32	1
equipment/character/swordman/avatar/shoes/aboots_slswordman.equ	[shoes avatar]	19	1
equipment/character/swordman/avatar/shoes/aboots_stswordman.equ	[shoes avatar]	19	2
equipment/character/swordman/avatar/shoes/aboots_stwyvern.equ	[shoes avatar]	11	1
equipment/character/swordman/avatar/shoes/aboots_stwyvern2.equ	[shoes avatar]	11	1
equipment/character/swordman/avatar/shoes/aboots_wtbandwarrior.equ	[shoes avatar]	31	1
equipment/character/swordman/avatar/shoes/aboots_wtltswordman.equ	[shoes avatar]	25	1
equipment/character/swordman/avatar/shoes/aboots_ylbandwarrior.equ	[shoes avatar]	31	2
equipment/character/swordman/avatar/shoes/aboots_ylltswordman.equ	[shoes avatar]	25	2
equipment/character/swordman/avatar/shoes/abshoes_culad.equ	[shoes avatar]	41	0
equipment/character/swordman/avatar/shoes/acoat_bkarrogantprince.equ	[shoes avatar]	45	1
equipment/character/swordman/avatar/shoes/acoat_blarrogantprince.equ	[shoes avatar]	45	0
equipment/character/swordman/avatar/shoes/afetter_copper.equ	[shoes avatar]	23	3
equipment/character/swordman/avatar/shoes/afetter_gold.equ	[shoes avatar]	23	1
equipment/character/swordman/avatar/shoes/afetter_iron.equ	[shoes avatar]	23	2
equipment/character/swordman/avatar/shoes/afetter_silver.equ	[shoes avatar]	23	0
equipment/character/swordman/avatar/shoes/afoot_bear.equ	[shoes avatar]	33	0
equipment/character/swordman/avatar/shoes/afoot_bkhobgoblin.equ	[shoes avatar]	22	0
equipment/character/swordman/avatar/shoes/afoot_blhobgoblin.equ	[shoes avatar]	22	2
equipment/character/swordman/avatar/shoes/afoot_gyhobgoblin.equ	[shoes avatar]	22	3
equipment/character/swordman/avatar/shoes/afoot_rdhobgoblin.equ	[shoes avatar]	22	1
equipment/character/swordman/avatar/shoes/afpshoes_dkknight.equ	[shoes avatar]	27	0
equipment/character/swordman/avatar/shoes/ahboots_bkhollyarmor.equ	[shoes avatar]	44	0
equipment/character/swordman/avatar/shoes/ahboots_bkmilitary.equ	[shoes avatar]	16	2
equipment/character/swordman/avatar/shoes/ahboots_blhollyarmor.equ	[shoes avatar]	44	3
equipment/character/swordman/avatar/shoes/ahboots_cbblmilitary.equ	[shoes avatar]	16	3
equipment/character/swordman/avatar/shoes/ahboots_ppmilitary.equ	[shoes avatar]	16	1
equipment/character/swordman/avatar/shoes/ahboots_rdbwmilitary.equ	[shoes avatar]	16	0
equipment/character/swordman/avatar/shoes/ahboots_rdhollyarmor.equ	[shoes avatar]	44	1
equipment/character/swordman/avatar/shoes/ahboots_vlhollyarmor.equ	[shoes avatar]	44	2
equipment/character/swordman/avatar/shoes/ahshoes_bkhwarang.equ	[shoes avatar]	24	1
equipment/character/swordman/avatar/shoes/ahshoes_grhwarang.equ	[shoes avatar]	24	0
equipment/character/swordman/avatar/shoes/ahshoes_rdhwarang.equ	[shoes avatar]	24	3
equipment/character/swordman/avatar/shoes/ahshoes_wthwarang.equ	[shoes avatar]	24	2
equipment/character/swordman/avatar/shoes/aiashoe_pretender.equ	[shoes avatar]	17	4
equipment/character/swordman/avatar/shoes/aiashoe_shadow.equ	[shoes avatar]	10	4
equipment/character/swordman/avatar/shoes/alshoes_bkdb.equ	[shoes avatar]	8	0
equipment/character/swordman/avatar/shoes/alshoes_bldb.equ	[shoes avatar]	8	1
equipment/character/swordman/avatar/shoes/alshoes_brdb.equ	[shoes avatar]	8	3
equipment/character/swordman/avatar/shoes/alshoes_ppdb.equ	[shoes avatar]	8	2
equipment/character/swordman/avatar/shoes/amboots_bkmoogak.equ	[shoes avatar]	43	0
equipment/character/swordman/avatar/shoes/amboots_rdmoogak.equ	[shoes avatar]	43	1
equipment/character/swordman/avatar/shoes/asandals_ash.equ	[shoes avatar]	2	3
equipment/character/swordman/avatar/shoes/asandals_az.equ	[shoes avatar]	2	2
equipment/character/swordman/avatar/shoes/asandals_bkband.equ	[shoes avatar]	35	0
equipment/character/swordman/avatar/shoes/asandals_bkbeach.equ	[shoes avatar]	21	1
equipment/character/swordman/avatar/shoes/asandals_bkethnic.equ	[shoes avatar]	13	2
equipment/character/swordman/avatar/shoes/asandals_bkpirate.equ	[shoes avatar]	20	2
equipment/character/swordman/avatar/shoes/asandals_bl.equ	[shoes avatar]	2	1
equipment/character/swordman/avatar/shoes/asandals_blband.equ	[shoes avatar]	52	3
equipment/character/swordman/avatar/shoes/asandals_blbeach.equ	[shoes avatar]	21	0
equipment/character/swordman/avatar/shoes/asandals_blethnic.equ	[shoes avatar]	13	1
equipment/character/swordman/avatar/shoes/asandals_blpirate.equ	[shoes avatar]	20	1
equipment/character/swordman/avatar/shoes/asandals_blpirate2.equ	[shoes avatar]	20	1
equipment/character/swordman/avatar/shoes/asandals_brband.equ	[shoes avatar]	52	1
equipment/character/swordman/avatar/shoes/asandals_brbeach.equ	[shoes avatar]	21	2
equipment/character/swordman/avatar/shoes/asandals_dkbllinebeach.equ	[shoes avatar]	36	0
equipment/character/swordman/avatar/shoes/asandals_dkbllinebeach_reward.equ	[shoes avatar]	36	0
equipment/character/swordman/avatar/shoes/asandals_dpgrband.equ	[shoes avatar]	35	2
equipment/character/swordman/avatar/shoes/asandals_grpirate.equ	[shoes avatar]	20	3
equipment/character/swordman/avatar/shoes/asandals_ivoryethnic.equ	[shoes avatar]	13	0
equipment/character/swordman/avatar/shoes/asandals_ppband.equ	[shoes avatar]	52	2
equipment/character/swordman/avatar/shoes/asandals_rdband.equ	[shoes avatar]	35	3
equipment/character/swordman/avatar/shoes/asandals_rdband2.equ	[shoes avatar]	52	0
equipment/character/swordman/avatar/shoes/asandals_rdbeach.equ	[shoes avatar]	21	3
equipment/character/swordman/avatar/shoes/asandals_rdethnic.equ	[shoes avatar]	13	3
equipment/character/swordman/avatar/shoes/asandals_rdlinebeach.equ	[shoes avatar]	36	1
equipment/character/swordman/avatar/shoes/asandals_rdlinebeach_reward.equ	[shoes avatar]	36	1
equipment/character/swordman/avatar/shoes/asandals_rdpirate.equ	[shoes avatar]	20	0
equipment/character/swordman/avatar/shoes/asandals_wtband.equ	[shoes avatar]	35	1
equipment/character/swordman/avatar/shoes/ashoes_41987.equ	[shoes avatar]	54	0
equipment/character/swordman/avatar/shoes/ashoes_41988.equ	[shoes avatar]	54	1
equipment/character/swordman/avatar/shoes/ashoes_41989.equ	[shoes avatar]	54	2
equipment/character/swordman/avatar/shoes/ashoes_41990.equ	[shoes avatar]	54	3
equipment/character/swordman/avatar/shoes/ashoes_41991.equ	[shoes avatar]	55	0
equipment/character/swordman/avatar/shoes/ashoes_41992.equ	[shoes avatar]	55	1
equipment/character/swordman/avatar/shoes/ashoes_41993.equ	[shoes avatar]	4	0
equipment/character/swordman/avatar/shoes/ashoes_41994.equ	[shoes avatar]	56	0
equipment/character/swordman/avatar/shoes/ashoes_41995.equ	[shoes avatar]	56	1
equipment/character/swordman/avatar/shoes/ashoes_41996.equ	[shoes avatar]	56	2
equipment/character/swordman/avatar/shoes/ashoes_41997.equ	[shoes avatar]	57	0
equipment/character/swordman/avatar/shoes/ashoes_41998.equ	[shoes avatar]	57	1
equipment/character/swordman/avatar/shoes/ashoes_41999.equ	[shoes avatar]	5	2
equipment/character/swordman/avatar/shoes/ashoes_42000.equ	[shoes avatar]	31	2
equipment/character/swordman/avatar/shoes/ashoes_42001.equ	[shoes avatar]	47	0
equipment/character/swordman/avatar/shoes/ashoes_42002.equ	[shoes avatar]	48	0
equipment/character/swordman/avatar/shoes/ashoes_42003.equ	[shoes avatar]	49	0
equipment/character/swordman/avatar/shoes/ashoes_42004.equ	[shoes avatar]	50	0
equipment/character/swordman/avatar/shoes/ashoes_42005.equ	[shoes avatar]	58	0
equipment/character/swordman/avatar/shoes/ashoes_42006.equ	[shoes avatar]	58	1
equipment/character/swordman/avatar/shoes/ashoes_42007.equ	[shoes avatar]	58	2
equipment/character/swordman/avatar/shoes/ashoes_42008.equ	[shoes avatar]	58	3
equipment/character/swordman/avatar/shoes/ashoes_42009.equ	[shoes avatar]	59	0
equipment/character/swordman/avatar/shoes/ashoes_42010.equ	[shoes avatar]	62	0
equipment/character/swordman/avatar/shoes/ashoes_42011.equ	[shoes avatar]	62	1
equipment/character/swordman/avatar/shoes/ashoes_42012.equ	[shoes avatar]	60	0
equipment/character/swordman/avatar/shoes/ashoes_42013.equ	[shoes avatar]	60	1
equipment/character/swordman/avatar/shoes/ashoes_42014.equ	[shoes avatar]	60	2
equipment/character/swordman/avatar/shoes/ashoes_42015.equ	[shoes avatar]	60	3
equipment/character/swordman/avatar/shoes/ashoes_42016.equ	[shoes avatar]	10	0
equipment/character/swordman/avatar/shoes/ashoes_42017.equ	[shoes avatar]	65	0
equipment/character/swordman/avatar/shoes/ashoes_42018.equ	[shoes avatar]	65	1
equipment/character/swordman/avatar/shoes/ashoes_42019.equ	[shoes avatar]	65	2
equipment/character/swordman/avatar/shoes/ashoes_42020.equ	[shoes avatar]	65	3
equipment/character/swordman/avatar/shoes/ashoes_42021.equ	[shoes avatar]	66	0
equipment/character/swordman/avatar/shoes/ashoes_42022.equ	[shoes avatar]	66	1
equipment/character/swordman/avatar/shoes/ashoes_42023.equ	[shoes avatar]	66	2
equipment/character/swordman/avatar/shoes/ashoes_42024.equ	[shoes avatar]	66	3
equipment/character/swordman/avatar/shoes/ashoes_42025.equ	[shoes avatar]	54	1
equipment/character/swordman/avatar/shoes/ashoes_42026.equ	[shoes avatar]	68	0
equipment/character/swordman/avatar/shoes/ashoes_42027.equ	[shoes avatar]	68	1
equipment/character/swordman/avatar/shoes/ashoes_42028.equ	[shoes avatar]	68	2
equipment/character/swordman/avatar/shoes/ashoes_42029.equ	[shoes avatar]	69	0
equipment/character/swordman/avatar/shoes/ashoes_42030.equ	[shoes avatar]	69	1
equipment/character/swordman/avatar/shoes/ashoes_42031.equ	[shoes avatar]	69	2
equipment/character/swordman/avatar/shoes/ashoes_42032.equ	[shoes avatar]	69	3
equipment/character/swordman/avatar/shoes/ashoes_42033.equ	[shoes avatar]	72	0
equipment/character/swordman/avatar/shoes/ashoes_42034.equ	[shoes avatar]	72	1
equipment/character/swordman/avatar/shoes/ashoes_42035.equ	[shoes avatar]	71	0
equipment/character/swordman/avatar/shoes/ashoes_42036.equ	[shoes avatar]	71	1
equipment/character/swordman/avatar/shoes/ashoes_42037.equ	[shoes avatar]	75	0
equipment/character/swordman/avatar/shoes/ashoes_42038.equ	[shoes avatar]	75	1
equipment/character/swordman/avatar/shoes/ashoes_42039.equ	[shoes avatar]	75	2
equipment/character/swordman/avatar/shoes/ashoes_42040.equ	[shoes avatar]	75	3
equipment/character/swordman/avatar/shoes/ashoes_42041.equ	[shoes avatar]	80	0
equipment/character/swordman/avatar/shoes/ashoes_42042.equ	[shoes avatar]	80	1
equipment/character/swordman/avatar/shoes/ashoes_42043.equ	[shoes avatar]	81	1
equipment/character/swordman/avatar/shoes/ashoes_42048.equ	[shoes avatar]	83	0
equipment/character/swordman/avatar/shoes/ashoes_42049.equ	[shoes avatar]	83	1
equipment/character/swordman/avatar/shoes/ashoes_42050.equ	[shoes avatar]	83	2
equipment/character/swordman/avatar/shoes/ashoes_42051.equ	[shoes avatar]	86	0
equipment/character/swordman/avatar/shoes/ashoes_42052.equ	[shoes avatar]	86	1
equipment/character/swordman/avatar/shoes/ashoes_42053.equ	[shoes avatar]	86	2
equipment/character/swordman/avatar/shoes/ashoes_42054.equ	[shoes avatar]	86	3
equipment/character/swordman/avatar/shoes/ashoes_42055.equ	[shoes avatar]	70	0
equipment/character/swordman/avatar/shoes/ashoes_42056.equ	[shoes avatar]	70	1
equipment/character/swordman/avatar/shoes/ashoes_42057.equ	[shoes avatar]	70	2
equipment/character/swordman/avatar/shoes/ashoes_42058.equ	[shoes avatar]	70	3
equipment/character/swordman/avatar/shoes/ashoes_42059.equ	[shoes avatar]	87	0
equipment/character/swordman/avatar/shoes/ashoes_42060.equ	[shoes avatar]	87	1
equipment/character/swordman/avatar/shoes/ashoes_42061.equ	[shoes avatar]	73	0
equipment/character/swordman/avatar/shoes/ashoes_42062.equ	[shoes avatar]	73	1
equipment/character/swordman/avatar/shoes/ashoes_42063.equ	[shoes avatar]	73	2
equipment/character/swordman/avatar/shoes/ashoes_42064.equ	[shoes avatar]	73	3
equipment/character/swordman/avatar/shoes/ashoes_42065.equ	[shoes avatar]	90	0
equipment/character/swordman/avatar/shoes/ashoes_42066.equ	[shoes avatar]	90	1
equipment/character/swordman/avatar/shoes/ashoes_42067.equ	[shoes avatar]	88	0
equipment/character/swordman/avatar/shoes/ashoes_42068.equ	[shoes avatar]	88	1
equipment/character/swordman/avatar/shoes/ashoes_42069.equ	[shoes avatar]	88	2
equipment/character/swordman/avatar/shoes/ashoes_42070.equ	[shoes avatar]	88	3
equipment/character/swordman/avatar/shoes/ashoes_42071.equ	[shoes avatar]	96	0
equipment/character/swordman/avatar/shoes/ashoes_42072.equ	[shoes avatar]	96	1
equipment/character/swordman/avatar/shoes/ashoes_42073.equ	[shoes avatar]	96	2
equipment/character/swordman/avatar/shoes/ashoes_42074.equ	[shoes avatar]	96	3
equipment/character/swordman/avatar/shoes/ashoes_42081.equ	[shoes avatar]	101	0
equipment/character/swordman/avatar/shoes/ashoes_42082.equ	[shoes avatar]	101	1
equipment/character/swordman/avatar/shoes/ashoes_42083.equ	[shoes avatar]	101	2
equipment/character/swordman/avatar/shoes/ashoes_42092.equ	[shoes avatar]	105	0
equipment/character/swordman/avatar/shoes/ashoes_42093.equ	[shoes avatar]	92	0
equipment/character/swordman/avatar/shoes/ashoes_42094.equ	[shoes avatar]	92	1
equipment/character/swordman/avatar/shoes/ashoes_42095.equ	[shoes avatar]	92	2
equipment/character/swordman/avatar/shoes/ashoes_42096.equ	[shoes avatar]	92	3
equipment/character/swordman/avatar/shoes/ashoes_42097.equ	[shoes avatar]	95	0
equipment/character/swordman/avatar/shoes/ashoes_42098.equ	[shoes avatar]	95	1
equipment/character/swordman/avatar/shoes/ashoes_42099.equ	[shoes avatar]	95	2
equipment/character/swordman/avatar/shoes/ashoes_42100.equ	[shoes avatar]	95	3
equipment/character/swordman/avatar/shoes/ashoes_42101.equ	[shoes avatar]	97	0
equipment/character/swordman/avatar/shoes/ashoes_42102.equ	[shoes avatar]	97	1
equipment/character/swordman/avatar/shoes/ashoes_42103.equ	[shoes avatar]	97	2
equipment/character/swordman/avatar/shoes/ashoes_42104.equ	[shoes avatar]	97	3
equipment/character/swordman/avatar/shoes/ashoes_aganzo.equ	[shoes avatar]	50	0
equipment/character/swordman/avatar/shoes/ashoes_bkleather.equ	[shoes avatar]	17	0
equipment/character/swordman/avatar/shoes/ashoes_bkleather2.equ	[shoes avatar]	17	0
equipment/character/swordman/avatar/shoes/ashoes_bkplatform.equ	[shoes avatar]	28	0
equipment/character/swordman/avatar/shoes/ashoes_bksports.equ	[shoes avatar]	34	1
equipment/character/swordman/avatar/shoes/ashoes_blackdavas.equ	[shoes avatar]	18	1
equipment/character/swordman/avatar/shoes/ashoes_blband.equ	[shoes avatar]	29	0
equipment/character/swordman/avatar/shoes/ashoes_blleather.equ	[shoes avatar]	17	2
equipment/character/swordman/avatar/shoes/ashoes_blleather2.equ	[shoes avatar]	17	2
equipment/character/swordman/avatar/shoes/ashoes_blline.equ	[shoes avatar]	6	1
equipment/character/swordman/avatar/shoes/ashoes_blsports.equ	[shoes avatar]	34	3
equipment/character/swordman/avatar/shoes/ashoes_blsporty.equ	[shoes avatar]	7	1
equipment/character/swordman/avatar/shoes/ashoes_bluedavas.equ	[shoes avatar]	18	3
equipment/character/swordman/avatar/shoes/ashoes_brplatform.equ	[shoes avatar]	28	2
equipment/character/swordman/avatar/shoes/ashoes_clonesw.equ	[shoes avatar]	
equipment/character/swordman/avatar/shoes/ashoes_copperarmor.equ	[shoes avatar]	12	2
equipment/character/swordman/avatar/shoes/ashoes_dbl.equ	[shoes avatar]	0	3
equipment/character/swordman/avatar/shoes/ashoes_dblplatform.equ	[shoes avatar]	28	3
equipment/character/swordman/avatar/shoes/ashoes_dblsuede.equ	[shoes avatar]	1	1
equipment/character/swordman/avatar/shoes/ashoes_default.equ	[shoes avatar]	0	0
equipment/character/swordman/avatar/shoes/ashoes_dppsuede.equ	[shoes avatar]	1	3
equipment/character/swordman/avatar/shoes/ashoes_drdsuede.equ	[shoes avatar]	1	2
equipment/character/swordman/avatar/shoes/ashoes_embasis.equ	[shoes avatar]	0	4
equipment/character/swordman/avatar/shoes/ashoes_goldarmor.equ	[shoes avatar]	12	1
equipment/character/swordman/avatar/shoes/ashoes_gr.equ	[shoes avatar]	0	1
equipment/character/swordman/avatar/shoes/ashoes_graydavas.equ	[shoes avatar]	18	0
equipment/character/swordman/avatar/shoes/ashoes_grline.equ	[shoes avatar]	6	2
equipment/character/swordman/avatar/shoes/ashoes_grsporty.equ	[shoes avatar]	7	2
equipment/character/swordman/avatar/shoes/ashoes_gsporty.equ	[shoes avatar]	7	3
equipment/character/swordman/avatar/shoes/ashoes_hornadornbk.equ	[shoes avatar]	42	0
equipment/character/swordman/avatar/shoes/ashoes_hornadornbl.equ	[shoes avatar]	42	1
equipment/character/swordman/avatar/shoes/ashoes_hornadornpp.equ	[shoes avatar]	42	3
equipment/character/swordman/avatar/shoes/ashoes_hornadornrd.equ	[shoes avatar]	42	2
equipment/character/swordman/avatar/shoes/ashoes_line.equ	[shoes avatar]	6	0
equipment/character/swordman/avatar/shoes/ashoes_noblerdarmor.equ	[shoes avatar]	38	0
equipment/character/swordman/avatar/shoes/ashoes_pp.equ	[shoes avatar]	0	2
equipment/character/swordman/avatar/shoes/ashoes_ppband.equ	[shoes avatar]	29	3
equipment/character/swordman/avatar/shoes/ashoes_ppline.equ	[shoes avatar]	6	3
equipment/character/swordman/avatar/shoes/ashoes_rareclonesw.equ	[shoes avatar]	
equipment/character/swordman/avatar/shoes/ashoes_rdleather.equ	[shoes avatar]	17	1
equipment/character/swordman/avatar/shoes/ashoes_rdleather2.equ	[shoes avatar]	17	1
equipment/character/swordman/avatar/shoes/ashoes_rdplatform.equ	[shoes avatar]	28	1
equipment/character/swordman/avatar/shoes/ashoes_rdsports.equ	[shoes avatar]	34	2
equipment/character/swordman/avatar/shoes/ashoes_reddavas.equ	[shoes avatar]	18	2
equipment/character/swordman/avatar/shoes/ashoes_sandal.equ	[shoes avatar]	2	0
equipment/character/swordman/avatar/shoes/ashoes_silverarmor.equ	[shoes avatar]	12	0
equipment/character/swordman/avatar/shoes/ashoes_sporty.equ	[shoes avatar]	7	0
equipment/character/swordman/avatar/shoes/ashoes_steelarmor.equ	[shoes avatar]	12	3
equipment/character/swordman/avatar/shoes/ashoes_suede.equ	[shoes avatar]	1	0
equipment/character/swordman/avatar/shoes/ashoes_vlband.equ	[shoes avatar]	29	1
equipment/character/swordman/avatar/shoes/ashoes_vlleather.equ	[shoes avatar]	17	3
equipment/character/swordman/avatar/shoes/ashoes_vlleather2.equ	[shoes avatar]	17	3
equipment/character/swordman/avatar/shoes/ashoes_walker.equ	[shoes avatar]	3	0
equipment/character/swordman/avatar/shoes/ashoes_wtsports.equ	[shoes avatar]	34	0
equipment/character/swordman/avatar/shoes/ashoes_ylgrband.equ	[shoes avatar]	29	2
equipment/character/swordman/avatar/shoes/awalkers_belt.equ	[shoes avatar]	5	0
equipment/character/swordman/avatar/shoes/awalkers_belt2.equ	[shoes avatar]	5	0
equipment/character/swordman/avatar/shoes/awalkers_bl.equ	[shoes avatar]	3	1
equipment/character/swordman/avatar/shoes/awalkers_blbelt.equ	[shoes avatar]	5	1
equipment/character/swordman/avatar/shoes/awalkers_blbuckle.equ	[shoes avatar]	4	2
equipment/character/swordman/avatar/shoes/awalkers_br.equ	[shoes avatar]	3	3
equipment/character/swordman/avatar/shoes/awalkers_brbelt.equ	[shoes avatar]	5	2
equipment/character/swordman/avatar/shoes/awalkers_brbuckle.equ	[shoes avatar]	4	1
equipment/character/swordman/avatar/shoes/awalkers_buckle.equ	[shoes avatar]	4	0
equipment/character/swordman/avatar/shoes/awalkers_gr.equ	[shoes avatar]	3	2
equipment/character/swordman/avatar/shoes/awalkers_grbuckle.equ	[shoes avatar]	4	3
equipment/character/swordman/avatar/shoes/awalkers_ocherbelt.equ	[shoes avatar]	5	3
equipment/character/swordman/avatar/shoes/chn_equ_avatar_swordman_shoes_101540637.equ	[shoes avatar]	130	0
equipment/character/swordman/avatar/shoes/chn_equ_avatar_swordman_shoes_101540638.equ	[shoes avatar]	130	1
equipment/character/swordman/avatar/shoes/chn_equ_avatar_swordman_shoes_101540639.equ	[shoes avatar]	130	2
equipment/character/swordman/avatar/shoes/chn_equ_avatar_swordman_shoes_101540640.equ	[shoes avatar]	130	3
equipment/character/swordman/avatar/shoes/chn_equ_avatar_swordman_shoes_101540650.equ	[shoes avatar]	136	0
equipment/character/swordman/avatar/shoes/chn_equ_avatar_swordman_shoes_101540651.equ	[shoes avatar]	136	1
equipment/character/swordman/avatar/shoes/chn_equ_avatar_swordman_shoes_101540652.equ	[shoes avatar]	136	2
equipment/character/swordman/avatar/shoes/chn_equ_avatar_swordman_shoes_101540653.equ	[shoes avatar]	136	3
equipment/character/swordman/avatar/shoes/chn_equ_avatar_swordman_shoes_101540670.equ	[shoes avatar]	143	0
equipment/character/swordman/avatar/shoes/chn_equ_avatar_swordman_shoes_101540671.equ	[shoes avatar]	143	1
equipment/character/swordman/avatar/shoes/chn_equ_avatar_swordman_shoes_101540672.equ	[shoes avatar]	143	2
equipment/character/swordman/avatar/shoes/chn_equ_avatar_swordman_shoes_101540673.equ	[shoes avatar]	143	3
equipment/character/swordman/avatar/shoes/chn_equ_avatar_swordman_shoes_601544890.equ	[shoes avatar]	61	0
equipment/character/swordman/avatar/shoes/chn_equ_avatar_swordman_shoes_601544891.equ	[shoes avatar]	61	1
equipment/character/swordman/avatar/shoes/chn_equ_avatar_swordman_shoes_601544892.equ	[shoes avatar]	61	2
equipment/character/swordman/avatar/shoes/chn_equ_avatar_swordman_shoes_601544893.equ	[shoes avatar]	61	3
equipment/character/swordman/avatar/shoes/chn_equ_avatar_swordman_shoes_601544894.equ	[shoes avatar]	63	0
equipment/character/swordman/avatar/shoes/chn_equ_avatar_swordman_shoes_601544895.equ	[shoes avatar]	63	1
equipment/character/swordman/avatar/shoes/chn_equ_avatar_swordman_shoes_601544896.equ	[shoes avatar]	63	2
equipment/character/swordman/avatar/shoes/chn_equ_avatar_swordman_shoes_601544897.equ	[shoes avatar]	63	3
equipment/character/swordman/avatar/shoes/chn_equ_avatar_swordman_shoes_601544898.equ	[shoes avatar]	64	0
equipment/character/swordman/avatar/shoes/chn_equ_avatar_swordman_shoes_601544899.equ	[shoes avatar]	64	1
equipment/character/swordman/avatar/shoes/chn_equ_avatar_swordman_shoes_601544900.equ	[shoes avatar]	64	2
equipment/character/swordman/avatar/shoes/chn_equ_avatar_swordman_shoes_601544901.equ	[shoes avatar]	64	3
equipment/character/swordman/avatar/shoes/chn_equ_avatar_swordman_shoes_601544906.equ	[shoes avatar]	73	0
equipment/character/swordman/avatar/shoes/chn_equ_avatar_swordman_shoes_601544907.equ	[shoes avatar]	73	1
equipment/character/swordman/avatar/shoes/chn_equ_avatar_swordman_shoes_601544908.equ	[shoes avatar]	73	2
equipment/character/swordman/avatar/shoes/chn_equ_avatar_swordman_shoes_601544909.equ	[shoes avatar]	73	3
equipment/character/swordman/avatar/shoes/chn_equ_avatar_swordman_shoes_601544914.equ	[shoes avatar]	78	0
equipment/character/swordman/avatar/shoes/chn_equ_avatar_swordman_shoes_601544915.equ	[shoes avatar]	78	1
equipment/character/swordman/avatar/shoes/chn_equ_avatar_swordman_shoes_601544916.equ	[shoes avatar]	78	2
equipment/character/swordman/avatar/shoes/chn_equ_avatar_swordman_shoes_601544917.equ	[shoes avatar]	78	3
equipment/character/swordman/avatar/shoes/chn_equ_avatar_swordman_shoes_601544918.equ	[shoes avatar]	79	0
equipment/character/swordman/avatar/shoes/chn_equ_avatar_swordman_shoes_601544919.equ	[shoes avatar]	79	1
equipment/character/swordman/avatar/shoes/chn_equ_avatar_swordman_shoes_601544920.equ	[shoes avatar]	79	2
equipment/character/swordman/avatar/shoes/chn_equ_avatar_swordman_shoes_601544921.equ	[shoes avatar]	79	3
equipment/character/swordman/avatar/shoes/chn_equ_avatar_swordman_shoes_601544922.equ	[shoes avatar]	81	0
equipment/character/swordman/avatar/shoes/chn_equ_avatar_swordman_shoes_601544923.equ	[shoes avatar]	81	1
equipment/character/swordman/avatar/shoes/chn_equ_avatar_swordman_shoes_601544924.equ	[shoes avatar]	81	2
equipment/character/swordman/avatar/shoes/chn_equ_avatar_swordman_shoes_601544925.equ	[shoes avatar]	81	3
equipment/character/swordman/avatar/shoes/chn_equ_avatar_swordman_shoes_601544926.equ	[shoes avatar]	67	0
equipment/character/swordman/avatar/shoes/chn_equ_avatar_swordman_shoes_601544927.equ	[shoes avatar]	67	1
equipment/character/swordman/avatar/shoes/chn_equ_avatar_swordman_shoes_601544928.equ	[shoes avatar]	67	2
equipment/character/swordman/avatar/shoes/chn_equ_avatar_swordman_shoes_601544929.equ	[shoes avatar]	67	3
equipment/character/swordman/avatar/shoes/chn_equ_avatar_swordman_shoes_601544934.equ	[shoes avatar]	82	0
equipment/character/swordman/avatar/shoes/chn_equ_avatar_swordman_shoes_601544935.equ	[shoes avatar]	82	1
equipment/character/swordman/avatar/shoes/chn_equ_avatar_swordman_shoes_601544936.equ	[shoes avatar]	82	2
equipment/character/swordman/avatar/shoes/chn_equ_avatar_swordman_shoes_601544937.equ	[shoes avatar]	82	3
equipment/character/swordman/avatar/shoes/chn_equ_avatar_swordman_shoes_601544939.equ	[shoes avatar]	88	0
equipment/character/swordman/avatar/shoes/chn_equ_avatar_swordman_shoes_601544940.equ	[shoes avatar]	88	1
equipment/character/swordman/avatar/shoes/chn_equ_avatar_swordman_shoes_601544941.equ	[shoes avatar]	88	2
equipment/character/swordman/avatar/shoes/chn_equ_avatar_swordman_shoes_601544942.equ	[shoes avatar]	88	3
equipment/character/swordman/avatar/shoes/chn_equ_avatar_swordman_shoes_601544943.equ	[shoes avatar]	89	0
equipment/character/swordman/avatar/shoes/chn_equ_avatar_swordman_shoes_601544944.equ	[shoes avatar]	89	1
equipment/character/swordman/avatar/shoes/chn_equ_avatar_swordman_shoes_601544945.equ	[shoes avatar]	89	2
equipment/character/swordman/avatar/shoes/chn_equ_avatar_swordman_shoes_601544946.equ	[shoes avatar]	89	3
equipment/character/swordman/avatar/shoes/chn_equ_avatar_swordman_shoes_601544951.equ	[shoes avatar]	91	0
equipment/character/swordman/avatar/shoes/chn_equ_avatar_swordman_shoes_601544952.equ	[shoes avatar]	91	1
equipment/character/swordman/avatar/shoes/chn_equ_avatar_swordman_shoes_601544953.equ	[shoes avatar]	91	2
equipment/character/swordman/avatar/shoes/chn_equ_avatar_swordman_shoes_601544954.equ	[shoes avatar]	91	3
equipment/character/swordman/avatar/shoes/chn_equ_avatar_swordman_shoes_601544977.equ	[shoes avatar]	106	0
equipment/character/swordman/avatar/shoes/chn_equ_avatar_swordman_shoes_601544978.equ	[shoes avatar]	106	1
equipment/character/swordman/avatar/shoes/chn_equ_avatar_swordman_shoes_601544979.equ	[shoes avatar]	106	2
equipment/character/swordman/avatar/shoes/chn_equ_avatar_swordman_shoes_601544980.equ	[shoes avatar]	106	3
equipment/character/swordman/avatar/shoes/chn_equ_avatar_swordman_shoes_601544989.equ	[shoes avatar]	93	0
equipment/character/swordman/avatar/shoes/chn_equ_avatar_swordman_shoes_601544990.equ	[shoes avatar]	93	1
equipment/character/swordman/avatar/shoes/chn_equ_avatar_swordman_shoes_601544991.equ	[shoes avatar]	93	2
equipment/character/swordman/avatar/shoes/chn_equ_avatar_swordman_shoes_601544992.equ	[shoes avatar]	93	3
equipment/character/swordman/avatar/shoes/chn_equ_avatar_swordman_shoes_601545000.equ	[shoes avatar]	94	0
equipment/character/swordman/avatar/shoes/chn_equ_avatar_swordman_shoes_601545001.equ	[shoes avatar]	94	1
equipment/character/swordman/avatar/shoes/chn_equ_avatar_swordman_shoes_601545002.equ	[shoes avatar]	94	2
equipment/character/swordman/avatar/shoes/chn_equ_avatar_swordman_shoes_601545003.equ	[shoes avatar]	94	3
equipment/character/swordman/avatar/shoes/chn_equ_special_avatar_swordman_shoes_101540635.equ	[shoes avatar]	114	0
equipment/character/swordman/avatar/shoes/chn_equ_special_avatar_swordman_shoes_101540656.equ	[shoes avatar]	140	0
equipment/character/swordman/avatar/shoes/chn_equ_special_avatar_swordman_shoes_101540657.equ	[shoes avatar]	140	1
equipment/character/swordman/avatar/shoes/chn_equ_special_avatar_swordman_shoes_101540666.equ	[shoes avatar]	144	0
equipment/character/swordman/avatar/shoes/chn_equ_special_avatar_swordman_shoes_101540667.equ	[shoes avatar]	144	1
equipment/character/swordman/avatar/shoes/chn_equ_special_avatar_swordman_shoes_101540668.equ	[shoes avatar]	144	2
equipment/character/swordman/avatar/shoes/chn_equ_special_avatar_swordman_shoes_101540669.equ	[shoes avatar]	144	3
equipment/character/swordman/avatar/shoes/chn_equ_special_avatar_swordman_shoes_101540679.equ	[shoes avatar]	69	0
equipment/character/swordman/avatar/shoes/chn_equ_special_avatar_swordman_shoes_101540680.equ	[shoes avatar]	69	1
equipment/character/swordman/avatar/shoes/chn_equ_special_avatar_swordman_shoes_101540681.equ	[shoes avatar]	69	2
equipment/character/swordman/avatar/shoes/chn_equ_special_avatar_swordman_shoes_101540682.equ	[shoes avatar]	69	3
equipment/character/swordman/avatar/shoes/chn_equ_special_avatar_swordman_shoes_101540686.equ	[shoes avatar]	154	0
equipment/character/swordman/avatar/shoes/chn_equ_special_avatar_swordman_shoes_101540687.equ	[shoes avatar]	154	1
equipment/character/swordman/avatar/shoes/chn_equ_special_avatar_swordman_shoes_101540688.equ	[shoes avatar]	154	2
equipment/character/swordman/avatar/shoes/chn_equ_special_avatar_swordman_shoes_101540689.equ	[shoes avatar]	154	3
equipment/character/swordman/avatar/shoes/chn_equ_special_avatar_swordman_shoes_101540696.equ	[shoes avatar]	152	0
equipment/character/swordman/avatar/shoes/chn_equ_special_avatar_swordman_shoes_101540697.equ	[shoes avatar]	152	1
equipment/character/swordman/avatar/shoes/chn_equ_special_avatar_swordman_shoes_101540698.equ	[shoes avatar]	152	2
equipment/character/swordman/avatar/shoes/chn_equ_special_avatar_swordman_shoes_101540699.equ	[shoes avatar]	152	3
equipment/character/swordman/avatar/shoes/chn_equ_special_avatar_swordman_shoes_101540702.equ	[shoes avatar]	145	0
equipment/character/swordman/avatar/shoes/chn_equ_special_avatar_swordman_shoes_101540703.equ	[shoes avatar]	145	1
equipment/character/swordman/avatar/shoes/chn_equ_special_avatar_swordman_shoes_101540704.equ	[shoes avatar]	145	2
equipment/character/swordman/avatar/shoes/chn_equ_special_avatar_swordman_shoes_101540707.equ	[shoes avatar]	161	0
equipment/character/swordman/avatar/shoes/chn_equ_special_avatar_swordman_shoes_101540708.equ	[shoes avatar]	161	1
equipment/character/swordman/avatar/shoes/chn_equ_special_avatar_swordman_shoes_101540709.equ	[shoes avatar]	161	2
equipment/character/swordman/avatar/shoes/chn_equ_special_avatar_swordman_shoes_101540717.equ	[shoes avatar]	162	0
equipment/character/swordman/avatar/shoes/chn_equ_special_avatar_swordman_shoes_101540718.equ	[shoes avatar]	162	1
equipment/character/swordman/avatar/shoes/chn_equ_special_avatar_swordman_shoes_101540719.equ	[shoes avatar]	162	2
equipment/character/swordman/avatar/shoes/chn_equ_special_avatar_swordman_shoes_101540720.equ	[shoes avatar]	162	3
equipment/character/swordman/avatar/shoes/chn_equ_special_avatar_swordman_shoes_101540725.equ	[shoes avatar]	168	0
equipment/character/swordman/avatar/shoes/chn_equ_special_avatar_swordman_shoes_101540726.equ	[shoes avatar]	168	1
equipment/character/swordman/avatar/shoes/chn_equ_special_avatar_swordman_shoes_101540727.equ	[shoes avatar]	168	2
equipment/character/swordman/avatar/shoes/chn_equ_special_avatar_swordman_shoes_101540728.equ	[shoes avatar]	168	3
equipment/character/swordman/avatar/shoes/chn_equ_special_avatar_swordman_shoes_101540730.equ	[shoes avatar]	137	0
equipment/character/swordman/avatar/shoes/chn_equ_special_avatar_swordman_shoes_101540731.equ	[shoes avatar]	137	1
equipment/character/swordman/avatar/shoes/chn_equ_special_avatar_swordman_shoes_101540734.equ	[shoes avatar]	174	0
equipment/character/swordman/avatar/shoes/chn_equ_special_avatar_swordman_shoes_101540735.equ	[shoes avatar]	174	1
equipment/character/swordman/avatar/shoes/chn_equ_special_avatar_swordman_shoes_101540736.equ	[shoes avatar]	174	2
equipment/character/swordman/avatar/shoes/chn_equ_special_avatar_swordman_shoes_101540737.equ	[shoes avatar]	174	3
equipment/character/swordman/avatar/shoes/chn_equ_special_avatar_swordman_shoes_101540747.equ	[shoes avatar]	146	0
equipment/character/swordman/avatar/shoes/chn_equ_special_avatar_swordman_shoes_101540748.equ	[shoes avatar]	146	1
equipment/character/swordman/avatar/shoes/chn_equ_special_avatar_swordman_shoes_101540749.equ	[shoes avatar]	146	2
equipment/character/swordman/avatar/shoes/chn_equ_special_avatar_swordman_shoes_101540750.equ	[shoes avatar]	175	0
equipment/character/swordman/avatar/shoes/chn_equ_special_avatar_swordman_shoes_101540751.equ	[shoes avatar]	175	1
equipment/character/swordman/avatar/shoes/chn_equ_special_avatar_swordman_shoes_101540752.equ	[shoes avatar]	175	2
equipment/character/swordman/avatar/shoes/chn_equ_special_avatar_swordman_shoes_101540753.equ	[shoes avatar]	175	3
equipment/character/swordman/avatar/shoes/chn_equ_special_avatar_swordman_shoes_2684910.equ	[shoes avatar]	76	0
equipment/character/swordman/avatar/shoes/chn_equ_special_avatar_swordman_shoes_2684911.equ	[shoes avatar]	76	1
equipment/character/swordman/avatar/shoes/chn_equ_special_avatar_swordman_shoes_2684912.equ	[shoes avatar]	76	2
equipment/character/swordman/avatar/shoes/chn_equ_special_avatar_swordman_shoes_2684913.equ	[shoes avatar]	76	3
equipment/character/swordman/avatar/shoes/chn_equ_special_avatar_swordman_shoes_2684930.equ	[shoes avatar]	85	0
equipment/character/swordman/avatar/shoes/chn_equ_special_avatar_swordman_shoes_2684931.equ	[shoes avatar]	85	1
equipment/character/swordman/avatar/shoes/chn_equ_special_avatar_swordman_shoes_2684932.equ	[shoes avatar]	85	2
equipment/character/swordman/avatar/shoes/chn_equ_special_avatar_swordman_shoes_2684933.equ	[shoes avatar]	85	3
equipment/character/swordman/avatar/shoes/chn_equ_special_avatar_swordman_shoes_2684947.equ	[shoes avatar]	68	0
equipment/character/swordman/avatar/shoes/chn_equ_special_avatar_swordman_shoes_2684948.equ	[shoes avatar]	68	1
equipment/character/swordman/avatar/shoes/chn_equ_special_avatar_swordman_shoes_2684949.equ	[shoes avatar]	68	2
equipment/character/swordman/avatar/shoes/chn_equ_special_avatar_swordman_shoes_2684950.equ	[shoes avatar]	68	3
equipment/character/swordman/avatar/shoes/chn_equ_upper_avatar_swordman_shoes_101540612.equ	[shoes avatar]	121	0
equipment/character/swordman/avatar/shoes/chn_equ_upper_avatar_swordman_shoes_101540613.equ	[shoes avatar]	121	1
equipment/character/swordman/avatar/shoes/chn_equ_upper_avatar_swordman_shoes_101540614.equ	[shoes avatar]	121	2
equipment/character/swordman/avatar/shoes/chn_equ_upper_avatar_swordman_shoes_101540615.equ	[shoes avatar]	121	3
equipment/character/swordman/avatar/shoes/chn_equ_upper_avatar_swordman_shoes_101540641.equ	[shoes avatar]	135	0
equipment/character/swordman/avatar/shoes/chn_equ_upper_avatar_swordman_shoes_101540642.equ	[shoes avatar]	135	1
equipment/character/swordman/avatar/shoes/chn_equ_upper_avatar_swordman_shoes_101540643.equ	[shoes avatar]	135	2
equipment/character/swordman/avatar/shoes/chn_equ_upper_avatar_swordman_shoes_101540644.equ	[shoes avatar]	135	3
equipment/character/swordman/avatar/shoes/chn_equ_upper_avatar_swordman_shoes_101540658.equ	[shoes avatar]	70	0
equipment/character/swordman/avatar/shoes/chn_equ_upper_avatar_swordman_shoes_101540659.equ	[shoes avatar]	70	1
equipment/character/swordman/avatar/shoes/chn_equ_upper_avatar_swordman_shoes_101540660.equ	[shoes avatar]	70	2
equipment/character/swordman/avatar/shoes/chn_equ_upper_avatar_swordman_shoes_101540661.equ	[shoes avatar]	70	3
equipment/character/swordman/avatar/shoes/chn_equ_upper_avatar_swordman_shoes_101540768.equ	[shoes avatar]	180	0
equipment/character/swordman/avatar/shoes/chn_equ_upper_avatar_swordman_shoes_101540769.equ	[shoes avatar]	180	1
equipment/character/swordman/avatar/shoes/chn_equ_upper_avatar_swordman_shoes_101540770.equ	[shoes avatar]	180	2
equipment/character/swordman/avatar/shoes/chn_equ_upper_avatar_swordman_shoes_101540771.equ	[shoes avatar]	180	3
equipment/character/swordman/avatar/shoes/chn_equ_upper_avatar_swordman_shoes_601544902.equ	[shoes avatar]	74	0
equipment/character/swordman/avatar/shoes/chn_equ_upper_avatar_swordman_shoes_601544903.equ	[shoes avatar]	74	1
equipment/character/swordman/avatar/shoes/chn_equ_upper_avatar_swordman_shoes_601544904.equ	[shoes avatar]	74	2
equipment/character/swordman/avatar/shoes/chn_equ_upper_avatar_swordman_shoes_601544905.equ	[shoes avatar]	74	3
equipment/character/swordman/avatar/shoes/chn_equ_upper_avatar_swordman_shoes_601544955.equ	[shoes avatar]	92	0
equipment/character/swordman/avatar/shoes/chn_equ_upper_avatar_swordman_shoes_601544956.equ	[shoes avatar]	92	1
equipment/character/swordman/avatar/shoes/chn_equ_upper_avatar_swordman_shoes_601544957.equ	[shoes avatar]	92	2
equipment/character/swordman/avatar/shoes/chn_equ_upper_avatar_swordman_shoes_601544958.equ	[shoes avatar]	92	3
equipment/character/swordman/avatar/shoes/chn_equ_upper_avatar_swordman_shoes_601544959.equ	[shoes avatar]	95	0
equipment/character/swordman/avatar/shoes/chn_equ_upper_avatar_swordman_shoes_601544960.equ	[shoes avatar]	95	1
equipment/character/swordman/avatar/shoes/chn_equ_upper_avatar_swordman_shoes_601544961.equ	[shoes avatar]	95	2
equipment/character/swordman/avatar/shoes/chn_equ_upper_avatar_swordman_shoes_601544962.equ	[shoes avatar]	95	3
equipment/character/swordman/avatar/shoes/chn_equ_upper_avatar_swordman_shoes_601544981.equ	[shoes avatar]	97	0
equipment/character/swordman/avatar/shoes/chn_equ_upper_avatar_swordman_shoes_601544982.equ	[shoes avatar]	97	1
equipment/character/swordman/avatar/shoes/chn_equ_upper_avatar_swordman_shoes_601544983.equ	[shoes avatar]	97	2
equipment/character/swordman/avatar/shoes/chn_equ_upper_avatar_swordman_shoes_601544984.equ	[shoes avatar]	97	3
equipment/character/swordman/avatar/shoes/chn_equ_upper_avatar_swordman_shoes_601544995.equ	[shoes avatar]	112	0
equipment/character/swordman/avatar/shoes/chn_equ_upper_avatar_swordman_shoes_601544996.equ	[shoes avatar]	112	1
equipment/character/swordman/avatar/shoes/chn_equ_upper_avatar_swordman_shoes_601544997.equ	[shoes avatar]	112	2
equipment/character/swordman/avatar/shoes/chn_equ_upper_avatar_swordman_shoes_601544998.equ	[shoes avatar]	112	3
equipment/character/swordman/avatar/shoes/chn_equ_upper_avatar_swordman_shoes_601545012.equ	[shoes avatar]	115	0
equipment/character/swordman/avatar/shoes/chn_equ_upper_avatar_swordman_shoes_601545013.equ	[shoes avatar]	115	1
equipment/character/swordman/avatar/shoes/chn_equ_upper_avatar_swordman_shoes_601545014.equ	[shoes avatar]	115	2
equipment/character/swordman/avatar/shoes/chn_equ_upper_avatar_swordman_shoes_601545015.equ	[shoes avatar]	115	3
equipment/character/swordman/avatar/shoes/gm_sword_shoe.equ	[shoes avatar]	27	1
equipment/character/swordman/avatar/shoes/goldaboots_grbandwarrior.equ	[shoes avatar]	31	3
equipment/character/swordman/avatar/shoes/goldaboots_rdbandwarrior.equ	[shoes avatar]	31	0
equipment/character/swordman/avatar/shoes/goldaboots_wtbandwarrior.equ	[shoes avatar]	31	1
equipment/character/swordman/avatar/shoes/goldaboots_ylbandwarrior.equ	[shoes avatar]	31	2
equipment/character/swordman/avatar/shoes/goldashoes_copperarmor.equ	[shoes avatar]	12	2
equipment/character/swordman/avatar/shoes/goldashoes_goldarmor.equ	[shoes avatar]	12	1
equipment/character/swordman/avatar/shoes/goldashoes_silverarmor.equ	[shoes avatar]	12	0
equipment/character/swordman/avatar/shoes/goldashoes_steelarmor.equ	[shoes avatar]	12	3
equipment/character/swordman/avatar/shoes/stshoes_earthdeva.equ	[shoes avatar]	15	0
equipment/character/swordman/avatar/shoes/stshoes_firedeva.equ	[shoes avatar]	15	2
equipment/character/swordman/avatar/shoes/stshoes_waterdeva.equ	[shoes avatar]	15	1
equipment/character/swordman/avatar/shoes/stshoes_winddeva.equ	[shoes avatar]	15	3
equipment/character/swordman/avatar/skin/101580060.equ	[skin avatar]	0	1
equipment/character/swordman/avatar/skin/101580061.equ	[skin avatar]	0	2
equipment/character/swordman/avatar/skin/101580062.equ	[skin avatar]	0	3
equipment/character/swordman/avatar/skin/101580063.equ	[skin avatar]	0	4
equipment/character/swordman/avatar/skin/101580064.equ	[skin avatar]	0	5
equipment/character/swordman/avatar/skin/101580065.equ	[skin avatar]	0	6
equipment/character/swordman/avatar/skin/101580066.equ	[skin avatar]	0	7
equipment/character/swordman/avatar/skin/101580067.equ	[skin avatar]	0	8
equipment/character/swordman/avatar/skin/101580068.equ	[skin avatar]	0	9
equipment/character/swordman/avatar/skin/101580069.equ	[skin avatar]	0	16
equipment/character/swordman/avatar/skin/101580070.equ	[skin avatar]	0	17
equipment/character/swordman/avatar/skin/101580071.equ	[skin avatar]	0	18
equipment/character/swordman/avatar/skin/101580072.equ	[skin avatar]	0	19
equipment/character/swordman/avatar/skin/101580073.equ	[skin avatar]	0	20
equipment/character/swordman/avatar/skin/101580074.equ	[skin avatar]	0	21
equipment/character/swordman/avatar/skin/101580075.equ	[skin avatar]	0	12
equipment/character/swordman/avatar/skin/101580076.equ	[skin avatar]	0	13
equipment/character/swordman/avatar/skin/101580092.equ	[skin avatar]	0	1001
equipment/character/swordman/avatar/skin/101580093.equ	[skin avatar]	0	1001
equipment/character/swordman/avatar/skin/101580094.equ	[skin avatar]	0	1001
equipment/character/swordman/avatar/skin/101580095.equ	[skin avatar]	0	1001
equipment/character/swordman/avatar/skin/101580096.equ	[skin avatar]	0	1001
equipment/character/swordman/avatar/skin/101580097.equ	[skin avatar]	0	1001
equipment/character/swordman/avatar/skin/101580098.equ	[skin avatar]	0	1001
equipment/character/swordman/avatar/skin/101580099.equ	[skin avatar]	0	1001
equipment/character/swordman/avatar/skin/101580100.equ	[skin avatar]	0	1001
equipment/character/swordman/avatar/skin/101580101.equ	[skin avatar]	0	1001
equipment/character/swordman/avatar/skin/101580102.equ	[skin avatar]	0	1001
equipment/character/swordman/avatar/skin/101580103.equ	[skin avatar]	0	1001
equipment/character/swordman/avatar/skin/101580104.equ	[skin avatar]	0	1001
equipment/character/swordman/avatar/skin/101580105.equ	[skin avatar]	0	1001
equipment/character/swordman/avatar/skin/101580106.equ	[skin avatar]	0	1001
equipment/character/swordman/avatar/skin/601580000.equ	[skin avatar]	0	1
equipment/character/swordman/avatar/skin/601580001.equ	[skin avatar]	0	2
equipment/character/swordman/avatar/skin/601580002.equ	[skin avatar]	0	3
equipment/character/swordman/avatar/skin/601580003.equ	[skin avatar]	0	4
equipment/character/swordman/avatar/skin/601580004.equ	[skin avatar]	0	5
equipment/character/swordman/avatar/skin/601580005.equ	[skin avatar]	0	6
equipment/character/swordman/avatar/skin/601580006.equ	[skin avatar]	0	7
equipment/character/swordman/avatar/skin/601580007.equ	[skin avatar]	0	8
equipment/character/swordman/avatar/skin/601580008.equ	[skin avatar]	0	9
equipment/character/swordman/avatar/skin/601580009.equ	[skin avatar]	0	16
equipment/character/swordman/avatar/skin/601580010.equ	[skin avatar]	0	19
equipment/character/swordman/avatar/skin/601580011.equ	[skin avatar]	0	1
equipment/character/swordman/avatar/skin/601580012.equ	[skin avatar]	0	4
equipment/character/swordman/avatar/skin/601580013.equ	[skin avatar]	0	4
equipment/character/swordman/avatar/skin/601580014.equ	[skin avatar]	0	4
equipment/character/swordman/avatar/skin/601580015.equ	[skin avatar]	0	13
equipment/character/swordman/avatar/skin/601580016.equ	[skin avatar]	0	4
equipment/character/swordman/avatar/skin/601580017.equ	[skin avatar]	0	1
equipment/character/swordman/avatar/skin/601580018.equ	[skin avatar]	0	13
equipment/character/swordman/avatar/skin/601580019.equ	[skin avatar]	0	11
equipment/character/swordman/avatar/skin/601580020.equ	[skin avatar]	0	13
equipment/character/swordman/avatar/skin/601580021.equ	[skin avatar]	0	4
equipment/character/swordman/avatar/skin/601580022.equ	[skin avatar]	0	4
equipment/character/swordman/avatar/skin/601580023.equ	[skin avatar]	0	13
equipment/character/swordman/avatar/skin/601580024.equ	[skin avatar]	0	13
equipment/character/swordman/avatar/skin/601580025.equ	[skin avatar]	0	13
equipment/character/swordman/avatar/skin/601580026.equ	[skin avatar]	0	1004
equipment/character/swordman/avatar/skin/601580027.equ	[skin avatar]	10	4
equipment/character/swordman/avatar/skin/601580028.equ	[skin avatar]	10	4
equipment/character/swordman/avatar/skin/601580029.equ	[skin avatar]	10	4
equipment/character/swordman/avatar/skin/601580030.equ	[skin avatar]	10	4
equipment/character/swordman/avatar/skin/601580031.equ	[skin avatar]	0	13
equipment/character/swordman/avatar/skin/601580032.equ	[skin avatar]	0	1011
equipment/character/swordman/avatar/skin/601580033.equ	[skin avatar]	10	4
equipment/character/swordman/avatar/skin/601580034.equ	[skin avatar]	0	15
equipment/character/swordman/avatar/skin/601580035.equ	[skin avatar]	0	14
equipment/character/swordman/avatar/skin/601580101.equ	[skin avatar]	0	1
equipment/character/swordman/avatar/skin/601580102.equ	[skin avatar]	0	2
equipment/character/swordman/avatar/skin/601580103.equ	[skin avatar]	0	3
equipment/character/swordman/avatar/skin/601580104.equ	[skin avatar]	0	4
equipment/character/swordman/avatar/skin/601580105.equ	[skin avatar]	0	5
equipment/character/swordman/avatar/skin/601580106.equ	[skin avatar]	0	6
equipment/character/swordman/avatar/skin/601580107.equ	[skin avatar]	0	7
equipment/character/swordman/avatar/skin/601580108.equ	[skin avatar]	0	8
equipment/character/swordman/avatar/skin/601580109.equ	[skin avatar]	0	9
equipment/character/swordman/avatar/skin/601580110.equ	[skin avatar]	0	12
equipment/character/swordman/avatar/skin/601580111.equ	[skin avatar]	0	13
equipment/character/swordman/avatar/skin/601580112.equ	[skin avatar]	0	16
equipment/character/swordman/avatar/skin/aiaskin_shadow.equ	[skin avatar]	0	11
equipment/character/swordman/avatar/skin/askin_42217.equ	[skin avatar]	0	1
equipment/character/swordman/avatar/skin/askin_42218.equ	[skin avatar]	0	4
equipment/character/swordman/avatar/skin/askin_42219.equ	[skin avatar]	0	4
equipment/character/swordman/avatar/skin/askin_42220.equ	[skin avatar]	0	13
equipment/character/swordman/avatar/skin/askin_42221.equ	[skin avatar]	0	4
equipment/character/swordman/avatar/skin/askin_42222.equ	[skin avatar]	0	1
equipment/character/swordman/avatar/skin/askin_42223.equ	[skin avatar]	0	4
equipment/character/swordman/avatar/skin/askin_42224.equ	[skin avatar]	0	1
equipment/character/swordman/avatar/skin/askin_42225.equ	[skin avatar]	0	4
equipment/character/swordman/avatar/skin/askin_42226.equ	[skin avatar]	0	4
equipment/character/swordman/avatar/skin/askin_42227.equ	[skin avatar]	0	4
equipment/character/swordman/avatar/skin/askin_42228.equ	[skin avatar]	0	4
equipment/character/swordman/avatar/skin/askin_42229.equ	[skin avatar]	0	4
equipment/character/swordman/avatar/skin/askin_42230.equ	[skin avatar]	0	4
equipment/character/swordman/avatar/skin/askin_42231.equ	[skin avatar]	0	4
equipment/character/swordman/avatar/skin/askin_42232.equ	[skin avatar]	0	14
equipment/character/swordman/avatar/skin/askin_42233.equ	[skin avatar]	0	14
equipment/character/swordman/avatar/skin/askin_42238.equ	[skin avatar]	0	16
equipment/character/swordman/avatar/skin/askin_42239.equ	[skin avatar]	0	17
equipment/character/swordman/avatar/skin/askin_42240.equ	[skin avatar]	0	18
equipment/character/swordman/avatar/skin/askin_42241.equ	[skin avatar]	0	19
equipment/character/swordman/avatar/skin/askin_42242.equ	[skin avatar]	0	20
equipment/character/swordman/avatar/skin/askin_42243.equ	[skin avatar]	0	21
equipment/character/swordman/avatar/skin/askin_42244.equ	[skin avatar]	0	12
equipment/character/swordman/avatar/skin/askin_42245.equ	[skin avatar]	0	13
equipment/character/swordman/avatar/skin/askin_42246.equ	[skin avatar]	0	901
equipment/character/swordman/avatar/skin/askin_42253.equ	[skin avatar]	0	4
equipment/character/swordman/avatar/skin/askin_42254.equ	[skin avatar]	0	13
equipment/character/swordman/avatar/skin/askin_42255.equ	[skin avatar]	0	1
equipment/character/swordman/avatar/skin/askin_apricot.equ	[skin avatar]	0	4
equipment/character/swordman/avatar/skin/askin_ash.equ	[skin avatar]	0	5
equipment/character/swordman/avatar/skin/askin_azurine.equ	[skin avatar]	0	9
equipment/character/swordman/avatar/skin/askin_black.equ	[skin avatar]	0	6
equipment/character/swordman/avatar/skin/askin_blue.equ	[skin avatar]	0	2
equipment/character/swordman/avatar/skin/askin_chocolate.equ	[skin avatar]	0	3
equipment/character/swordman/avatar/skin/askin_deep.equ	[skin avatar]	0	12
equipment/character/swordman/avatar/skin/askin_default.equ	[skin avatar]	0	0
equipment/character/swordman/avatar/skin/askin_drchoco.equ	[skin avatar]	0	3
equipment/character/swordman/avatar/skin/askin_drsburned.equ	[skin avatar]	0	1
equipment/character/swordman/avatar/skin/askin_gray.equ	[skin avatar]	0	5
equipment/character/swordman/avatar/skin/askin_milky.equ	[skin avatar]	0	13
equipment/character/swordman/avatar/skin/askin_red.equ	[skin avatar]	0	8
equipment/character/swordman/avatar/skin/askin_sunburned.equ	[skin avatar]	0	1
equipment/character/swordman/avatar/skin/askin_tanned.equ	[skin avatar]	0	1
equipment/character/swordman/avatar/skin/askin_whitegem.equ	[skin avatar]	0	7
equipment/character/swordman/avatar/skin/chn_equ_avatar_swordman_skin_2685020.equ	[skin avatar]	0	4
equipment/character/swordman/avatar/skin/chn_equ_special_avatar_swordman_skin_101580139.equ	[skin avatar]	0	5
equipment/character/swordman/avatar/skin/chn_equ_special_avatar_swordman_skin_101580146.equ	[skin avatar]	0	4
equipment/character/swordman/avatar/skin/chn_equ_special_avatar_swordman_skin_101580151.equ	[skin avatar]	0	4
equipment/character/swordman/avatar/skin/chn_equ_special_avatar_swordman_skin_101580152.equ	[skin avatar]	0	4
equipment/character/swordman/avatar/skin/chn_equ_special_avatar_swordman_skin_101580153.equ	[skin avatar]	0	4
equipment/character/swordman/avatar/skin/chn_equ_special_avatar_swordman_skin_101580154.equ	[skin avatar]	0	4
equipment/character/swordman/avatar/skin/chn_equ_special_avatar_swordman_skin_101580161.equ	[skin avatar]	0	4
equipment/character/swordman/avatar/skin/chn_equ_special_avatar_swordman_skin_101580162.equ	[skin avatar]	0	5
equipment/character/swordman/avatar/skin/chn_equ_special_avatar_swordman_skin_101580163.equ	[skin avatar]	0	80200
equipment/character/swordman/avatar/skin/chn_equ_special_avatar_swordman_skin_101580165.equ	[skin avatar]	0	80300
equipment/character/swordman/avatar/skin/chn_equ_special_avatar_swordman_skin_101580167.equ	[skin avatar]	0	5
equipment/character/swordman/avatar/skin/chn_equ_special_avatar_swordman_skin_101580168.equ	[skin avatar]	0	15
equipment/character/swordman/avatar/skin/chn_equ_special_avatar_swordman_skin_101580171.equ	[skin avatar]	0	13
equipment/character/swordman/avatar/skin/chn_equ_special_avatar_swordman_skin_101580172.equ	[skin avatar]	0	4
equipment/character/swordman/avatar/skin/chn_equ_special_avatar_swordman_skin_101580173.equ	[skin avatar]	0	4
equipment/character/swordman/avatar/skin/chn_equ_special_avatar_swordman_skin_101580174.equ	[skin avatar]	0	3
equipment/character/swordman/avatar/skin/chn_equ_special_avatar_swordman_skin_101580177.equ	[skin avatar]	0	13
equipment/character/swordman/avatar/skin/chn_equ_special_avatar_swordman_skin_101580178.equ	[skin avatar]	0	4
equipment/character/swordman/avatar/skin/chn_equ_special_avatar_swordman_skin_101580183.equ	[skin avatar]	0	4
equipment/character/swordman/avatar/skin/chn_equ_special_avatar_swordman_skin_101580184.equ	[skin avatar]	0	13
equipment/character/swordman/avatar/skin/chn_equ_special_avatar_swordman_skin_101580185.equ	[skin avatar]	0	13
equipment/character/swordman/avatar/skin/chn_equ_special_avatar_swordman_skin_101580186.equ	[skin avatar]	0	4
equipment/character/swordman/avatar/skin/chn_equ_special_avatar_swordman_skin_101580187.equ	[skin avatar]	0	1
equipment/character/swordman/avatar/skin/chn_equ_special_avatar_swordman_skin_101580188.equ	[skin avatar]	0	12
equipment/character/swordman/avatar/skin/chn_equ_special_avatar_swordman_skin_101580189.equ	[skin avatar]	0	4
equipment/character/swordman/avatar/skin/chn_equ_special_avatar_swordman_skin_101580190.equ	[skin avatar]	0	4
equipment/character/swordman/avatar/skin/chn_equ_special_avatar_swordman_skin_101580191.equ	[skin avatar]	0	13
equipment/character/swordman/avatar/weapon/601530321.equ	[face avatar]	53	0
equipment/character/swordman/avatar/weapon/601530322.equ	[face avatar]	54	0
