2026023301	`generated_gifts/sm/2026023301.stk`
2026023302	`generated_gifts/sm/2026023302.stk`
2026023303	`generated_gifts/sm/2026023303.stk`
2026023304	`generated_gifts/sm/2026023304.stk`
2026023305	`generated_gifts/sm/2026023305.stk`
2026023306	`generated_gifts/sm/2026023306.stk`
2026023307	`generated_gifts/sm/2026023307.stk`
2026023308	`generated_gifts/sm/2026023308.stk`
2026023309	`generated_gifts/sm/2026023309.stk`
2026023310	`generated_gifts/sm/2026023310.stk`
2026023311	`generated_gifts/sm/2026023311.stk`
2026023312	`generated_gifts/sm/2026023312.stk`
2026023313	`generated_gifts/sm/2026023313.stk`
2026023314	`generated_gifts/sm/2026023314.stk`
2026023315	`generated_gifts/sm/2026023315.stk`
2026023316	`generated_gifts/sm/2026023316.stk`
2026023317	`generated_gifts/sm/2026023317.stk`
2026023318	`generated_gifts/sm/2026023318.stk`
2026023319	`generated_gifts/sm/2026023319.stk`
2026023320	`generated_gifts/sm/2026023320.stk`
2026023321	`generated_gifts/sm/2026023321.stk`
2026023322	`generated_gifts/sm/2026023322.stk`
2026023323	`generated_gifts/sm/2026023323.stk`
2026023324	`generated_gifts/sm/2026023324.stk`
2026023325	`generated_gifts/sm/2026023325.stk`
2026023326	`generated_gifts/sm/2026023326.stk`
2026023327	`generated_gifts/sm/2026023327.stk`
2026023328	`generated_gifts/sm/2026023328.stk`
2026023329	`generated_gifts/sm/2026023329.stk`
2026023330	`generated_gifts/sm/2026023330.stk`
2026023331	`generated_gifts/sm/2026023331.stk`
2026023332	`generated_gifts/sm/2026023332.stk`
2026023333	`generated_gifts/sm/2026023333.stk`
2026023334	`generated_gifts/sm/2026023334.stk`
2026023335	`generated_gifts/sm/2026023335.stk`
2026023336	`generated_gifts/sm/2026023336.stk`
2026023337	`generated_gifts/sm/2026023337.stk`
2026023338	`generated_gifts/sm/2026023338.stk`
2026023339	`generated_gifts/sm/2026023339.stk`
2026023340	`generated_gifts/sm/2026023340.stk`
2026023341	`generated_gifts/sm/2026023341.stk`
2026023342	`generated_gifts/sm/2026023342.stk`
2026023343	`generated_gifts/sm/2026023343.stk`
2026023344	`generated_gifts/sm/2026023344.stk`
2026023345	`generated_gifts/sm/2026023345.stk`
2026023346	`generated_gifts/sm/2026023346.stk`
2026023347	`generated_gifts/sm/2026023347.stk`
2026023348	`generated_gifts/sm/2026023348.stk`
2026023349	`generated_gifts/sm/2026023349.stk`
2026023350	`generated_gifts/sm/2026023350.stk`
2026023351	`generated_gifts/sm/2026023351.stk`
2026023352	`generated_gifts/sm/2026023352.stk`
2026023353	`generated_gifts/sm/2026023353.stk`
2026023354	`generated_gifts/sm/2026023354.stk`
2026023355	`generated_gifts/sm/2026023355.stk`
2026023356	`generated_gifts/sm/2026023356.stk`
2026023357	`generated_gifts/sm/2026023357.stk`
2026023358	`generated_gifts/sm/2026023358.stk`
2026023359	`generated_gifts/sm/2026023359.stk`
2026023360	`generated_gifts/sm/2026023360.stk`
2026023361	`generated_gifts/sm/2026023361.stk`
2026023362	`generated_gifts/sm/2026023362.stk`
2026023363	`generated_gifts/sm/2026023363.stk`
2026023364	`generated_gifts/sm/2026023364.stk`
2026023365	`generated_gifts/sm/2026023365.stk`
2026023366	`generated_gifts/sm/2026023366.stk`
2026023367	`generated_gifts/sm/2026023367.stk`
2026023368	`generated_gifts/sm/2026023368.stk`
2026023369	`generated_gifts/sm/2026023369.stk`
2026023370	`generated_gifts/sm/2026023370.stk`
2026023371	`generated_gifts/sm/2026023371.stk`
2026023372	`generated_gifts/sm/2026023372.stk`
2026023373	`generated_gifts/sm/2026023373.stk`
2026023374	`generated_gifts/sm/2026023374.stk`
2026023375	`generated_gifts/sm/2026023375.stk`
2026023376	`generated_gifts/sm/2026023376.stk`
2026023377	`generated_gifts/sm/2026023377.stk`
2026023378	`generated_gifts/sm/2026023378.stk`
2026023379	`generated_gifts/sm/2026023379.stk`
2026023380	`generated_gifts/sm/2026023380.stk`
2026023381	`generated_gifts/sm/2026023381.stk`
2026023382	`generated_gifts/sm/2026023382.stk`
2026023383	`generated_gifts/sm/2026023383.stk`
2026023384	`generated_gifts/sm/2026023384.stk`
2026023385	`generated_gifts/sm/2026023385.stk`
2026023386	`generated_gifts/sm/2026023386.stk`
2026023387	`generated_gifts/sm/2026023387.stk`
2026023388	`generated_gifts/sm/2026023388.stk`
2026023389	`generated_gifts/sm/2026023389.stk`
2026023390	`generated_gifts/sm/2026023390.stk`
2026023391	`generated_gifts/sm/2026023391.stk`
2026023392	`generated_gifts/sm/2026023392.stk`
2026023393	`generated_gifts/sm/2026023393.stk`
2026023394	`generated_gifts/sm/2026023394.stk`
2026023395	`generated_gifts/sm/2026023395.stk`
2026023396	`generated_gifts/sm/2026023396.stk`
2026023397	`generated_gifts/sm/2026023397.stk`
2026023398	`generated_gifts/sm/2026023398.stk`
2026023399	`generated_gifts/sm/2026023399.stk`
2026023400	`generated_gifts/sm/2026023400.stk`
2026023401	`generated_gifts/sm/2026023401.stk`
2026023402	`generated_gifts/sm/2026023402.stk`
2026023403	`generated_gifts/sm/2026023403.stk`
2026023404	`generated_gifts/sm/2026023404.stk`
2026023405	`generated_gifts/sm/2026023405.stk`
2026023406	`generated_gifts/sm/2026023406.stk`
2026023407	`generated_gifts/sm/2026023407.stk`
2026023408	`generated_gifts/sm/2026023408.stk`
2026023409	`generated_gifts/sm/2026023409.stk`
2026023410	`generated_gifts/sm/2026023410.stk`
2026023411	`generated_gifts/sm/2026023411.stk`
2026023412	`generated_gifts/sm/2026023412.stk`
2026023413	`generated_gifts/sm/2026023413.stk`
2026023414	`generated_gifts/sm/2026023414.stk`
2026023415	`generated_gifts/sm/2026023415.stk`
2026023416	`generated_gifts/sm/2026023416.stk`
2026023417	`generated_gifts/sm/2026023417.stk`
2026023418	`generated_gifts/sm/2026023418.stk`
2026023419	`generated_gifts/sm/2026023419.stk`
2026023420	`generated_gifts/sm/2026023420.stk`
2026023421	`generated_gifts/sm/2026023421.stk`
2026023422	`generated_gifts/sm/2026023422.stk`
2026023423	`generated_gifts/sm/2026023423.stk`
2026023424	`generated_gifts/sm/2026023424.stk`
2026023425	`generated_gifts/sm/2026023425.stk`
2026023426	`generated_gifts/sm/2026023426.stk`
2026023427	`generated_gifts/sm/2026023427.stk`
2026023428	`generated_gifts/sm/2026023428.stk`
2026023429	`generated_gifts/sm/2026023429.stk`
2026023430	`generated_gifts/sm/2026023430.stk`
2026023431	`generated_gifts/sm/2026023431.stk`
2026023432	`generated_gifts/sm/2026023432.stk`
2026023433	`generated_gifts/sm/2026023433.stk`
2026023434	`generated_gifts/sm/2026023434.stk`
2026023435	`generated_gifts/sm/2026023435.stk`
2026023436	`generated_gifts/sm/2026023436.stk`
2026023437	`generated_gifts/sm/2026023437.stk`
2026023438	`generated_gifts/sm/2026023438.stk`
2026023439	`generated_gifts/sm/2026023439.stk`
2026023440	`generated_gifts/sm/2026023440.stk`
2026023441	`generated_gifts/sm/2026023441.stk`
2026023442	`generated_gifts/sm/2026023442.stk`
2026023443	`generated_gifts/sm/2026023443.stk`
2026023444	`generated_gifts/sm/2026023444.stk`
2026023445	`generated_gifts/sm/2026023445.stk`
2026023446	`generated_gifts/sm/2026023446.stk`
2026023447	`generated_gifts/sm/2026023447.stk`
2026023448	`generated_gifts/sm/2026023448.stk`
2026023449	`generated_gifts/sm/2026023449.stk`
2026023450	`generated_gifts/sm/2026023450.stk`
2026023451	`generated_gifts/sm/2026023451.stk`
2026023452	`generated_gifts/sm/2026023452.stk`
2026023453	`generated_gifts/sm/2026023453.stk`
2026023454	`generated_gifts/sm/2026023454.stk`
2026023455	`generated_gifts/sm/2026023455.stk`
2026023456	`generated_gifts/sm/2026023456.stk`
2026023457	`generated_gifts/sm/2026023457.stk`
2026023458	`generated_gifts/sm/2026023458.stk`
2026023459	`generated_gifts/sm/2026023459.stk`
2026023460	`generated_gifts/sm/2026023460.stk`
2026023461	`generated_gifts/sm/2026023461.stk`
2026023462	`generated_gifts/sm/2026023462.stk`
2026023463	`generated_gifts/sm/2026023463.stk`
2026023464	`generated_gifts/sm/2026023464.stk`
2026023465	`generated_gifts/sm/2026023465.stk`
2026023466	`generated_gifts/sm/2026023466.stk`
2026023467	`generated_gifts/sm/2026023467.stk`
2026023468	`generated_gifts/sm/2026023468.stk`
2026023469	`generated_gifts/sm/2026023469.stk`
2026023470	`generated_gifts/sm/2026023470.stk`
2026023471	`generated_gifts/sm/2026023471.stk`
2026023472	`generated_gifts/sm/2026023472.stk`
2026023473	`generated_gifts/sm/2026023473.stk`
2026023474	`generated_gifts/sm/2026023474.stk`
2026023475	`generated_gifts/sm/2026023475.stk`
2026023476	`generated_gifts/sm/2026023476.stk`
2026023477	`generated_gifts/sm/2026023477.stk`
2026023478	`generated_gifts/sm/2026023478.stk`
2026023479	`generated_gifts/sm/2026023479.stk`
2026023480	`generated_gifts/sm/2026023480.stk`
2026023481	`generated_gifts/sm/2026023481.stk`
2026023482	`generated_gifts/sm/2026023482.stk`
2026023483	`generated_gifts/sm/2026023483.stk`
2026023484	`generated_gifts/sm/2026023484.stk`
2026023485	`generated_gifts/sm/2026023485.stk`
2026023486	`generated_gifts/sm/2026023486.stk`
2026023487	`generated_gifts/sm/2026023487.stk`
2026023488	`generated_gifts/sm/2026023488.stk`
2026023489	`generated_gifts/sm/2026023489.stk`
2026023490	`generated_gifts/sm/2026023490.stk`
2026023491	`generated_gifts/sm/2026023491.stk`
2026023492	`generated_gifts/sm/2026023492.stk`
2026023493	`generated_gifts/sm/2026023493.stk`
2026023494	`generated_gifts/sm/2026023494.stk`
2026023495	`generated_gifts/sm/2026023495.stk`
2026023496	`generated_gifts/sm/2026023496.stk`
2026023497	`generated_gifts/sm/2026023497.stk`
2026023498	`generated_gifts/sm/2026023498.stk`
2026023499	`generated_gifts/sm/2026023499.stk`
2026023500	`generated_gifts/sm/2026023500.stk`
2026023501	`generated_gifts/sm/2026023501.stk`
2026023502	`generated_gifts/sm/2026023502.stk`
2026023503	`generated_gifts/sm/2026023503.stk`
2026023504	`generated_gifts/sm/2026023504.stk`
2026023505	`generated_gifts/sm/2026023505.stk`
2026023506	`generated_gifts/sm/2026023506.stk`
2026023507	`generated_gifts/sm/2026023507.stk`
2026023508	`generated_gifts/sm/2026023508.stk`
2026023509	`generated_gifts/sm/2026023509.stk`
2026023510	`generated_gifts/sm/2026023510.stk`
2026023511	`generated_gifts/sm/2026023511.stk`
2026023512	`generated_gifts/sm/2026023512.stk`
2026023513	`generated_gifts/sm/2026023513.stk`
2026023514	`generated_gifts/sm/2026023514.stk`
2026023515	`generated_gifts/sm/2026023515.stk`
2026023516	`generated_gifts/sm/2026023516.stk`
2026023517	`generated_gifts/sm/2026023517.stk`
2026023518	`generated_gifts/sm/2026023518.stk`
2026023519	`generated_gifts/sm/2026023519.stk`
2026023520	`generated_gifts/sm/2026023520.stk`
2026023521	`generated_gifts/sm/2026023521.stk`
2026023522	`generated_gifts/sm/2026023522.stk`
2026023523	`generated_gifts/sm/2026023523.stk`
2026023524	`generated_gifts/sm/2026023524.stk`
2026023525	`generated_gifts/sm/2026023525.stk`
2026023526	`generated_gifts/sm/2026023526.stk`
2026023527	`generated_gifts/sm/2026023527.stk`
2026023528	`generated_gifts/sm/2026023528.stk`
2026023529	`generated_gifts/sm/2026023529.stk`
2026023530	`generated_gifts/sm/2026023530.stk`
2026023531	`generated_gifts/sm/2026023531.stk`
2026023532	`generated_gifts/sm/2026023532.stk`
2026023533	`generated_gifts/sm/2026023533.stk`
2026023534	`generated_gifts/sm/2026023534.stk`
2026023535	`generated_gifts/sm/2026023535.stk`
2026023536	`generated_gifts/sm/2026023536.stk`
2026023537	`generated_gifts/sm/2026023537.stk`
2026023538	`generated_gifts/sm/2026023538.stk`
2026023539	`generated_gifts/sm/2026023539.stk`
2026023540	`generated_gifts/sm/2026023540.stk`
2026023541	`generated_gifts/sm/2026023541.stk`
2026023542	`generated_gifts/sm/2026023542.stk`
2026023543	`generated_gifts/sm/2026023543.stk`
2026023544	`generated_gifts/sm/2026023544.stk`
2026023545	`generated_gifts/sm/2026023545.stk`
2026023546	`generated_gifts/sm/2026023546.stk`
2026023547	`generated_gifts/sm/2026023547.stk`
2026023548	`generated_gifts/sm/2026023548.stk`
2026023549	`generated_gifts/sm/2026023549.stk`
2026023550	`generated_gifts/sm/2026023550.stk`
2026023551	`generated_gifts/sm/2026023551.stk`
2026023552	`generated_gifts/sm/2026023552.stk`
2026023553	`generated_gifts/sm/2026023553.stk`
2026023554	`generated_gifts/sm/2026023554.stk`
2026023555	`generated_gifts/sm/2026023555.stk`
2026023556	`generated_gifts/sm/2026023556.stk`
2026023557	`generated_gifts/sm/2026023557.stk`
2026023558	`generated_gifts/sm/2026023558.stk`
2026023559	`generated_gifts/sm/2026023559.stk`
2026023560	`generated_gifts/sm/2026023560.stk`
2026023561	`generated_gifts/sm/2026023561.stk`
2026023562	`generated_gifts/sm/2026023562.stk`
2026023563	`generated_gifts/sm/2026023563.stk`
2026023564	`generated_gifts/sm/2026023564.stk`
2026023565	`generated_gifts/sm/2026023565.stk`
2026023566	`generated_gifts/sm/2026023566.stk`
2026023567	`generated_gifts/sm/2026023567.stk`
2026023568	`generated_gifts/sm/2026023568.stk`
2026023569	`generated_gifts/sm/2026023569.stk`
2026023570	`generated_gifts/sm/2026023570.stk`
2026023571	`generated_gifts/sm/2026023571.stk`
2026023572	`generated_gifts/sm/2026023572.stk`
2026023573	`generated_gifts/sm/2026023573.stk`
2026023574	`generated_gifts/sm/2026023574.stk`
2026023575	`generated_gifts/sm/2026023575.stk`
2026023576	`generated_gifts/sm/2026023576.stk`
2026023577	`generated_gifts/sm/2026023577.stk`
2026023578	`generated_gifts/sm/2026023578.stk`
2026023579	`generated_gifts/sm/2026023579.stk`
2026023580	`generated_gifts/sm/2026023580.stk`
2026023581	`generated_gifts/sm/2026023581.stk`
2026023582	`generated_gifts/sm/2026023582.stk`
2026023583	`generated_gifts/sm/2026023583.stk`
2026023584	`generated_gifts/sm/2026023584.stk`
2026023585	`generated_gifts/sm/2026023585.stk`
2026023586	`generated_gifts/sm/2026023586.stk`
2026023587	`generated_gifts/sm/2026023587.stk`
2026023588	`generated_gifts/sm/2026023588.stk`
2026023589	`generated_gifts/sm/2026023589.stk`
2026023590	`generated_gifts/sm/2026023590.stk`
2026023591	`generated_gifts/sm/2026023591.stk`
2026023592	`generated_gifts/sm/2026023592.stk`
2026023593	`generated_gifts/sm/2026023593.stk`
2026023594	`generated_gifts/sm/2026023594.stk`
2026023595	`generated_gifts/sm/2026023595.stk`
2026023596	`generated_gifts/sm/2026023596.stk`
2026023597	`generated_gifts/sm/2026023597.stk`
2026023598	`generated_gifts/sm/2026023598.stk`
2026023599	`generated_gifts/sm/2026023599.stk`
2026023600	`generated_gifts/sm/2026023600.stk`
2026023601	`generated_gifts/sm/2026023601.stk`
2026023602	`generated_gifts/sm/2026023602.stk`
2026023603	`generated_gifts/sm/2026023603.stk`
2026023604	`generated_gifts/sm/2026023604.stk`
2026023605	`generated_gifts/sm/2026023605.stk`
2026023606	`generated_gifts/sm/2026023606.stk`
2026023607	`generated_gifts/sm/2026023607.stk`
2026023608	`generated_gifts/sm/2026023608.stk`
2026023609	`generated_gifts/sm/2026023609.stk`
2026023610	`generated_gifts/sm/2026023610.stk`
2026023611	`generated_gifts/sm/2026023611.stk`
2026023612	`generated_gifts/sm/2026023612.stk`
2026023613	`generated_gifts/sm/2026023613.stk`
2026023614	`generated_gifts/sm/2026023614.stk`
2026023615	`generated_gifts/sm/2026023615.stk`
2026023616	`generated_gifts/sm/2026023616.stk`
2026023617	`generated_gifts/sm/2026023617.stk`
2026023618	`generated_gifts/sm/2026023618.stk`
2026023619	`generated_gifts/sm/2026023619.stk`
2026023620	`generated_gifts/sm/2026023620.stk`
2026023621	`generated_gifts/sm/2026023621.stk`
2026023622	`generated_gifts/sm/2026023622.stk`
2026023623	`generated_gifts/sm/2026023623.stk`
2026023624	`generated_gifts/sm/2026023624.stk`
2026023625	`generated_gifts/sm/2026023625.stk`
2026023626	`generated_gifts/sm/2026023626.stk`
2026023627	`generated_gifts/sm/2026023627.stk`
2026023628	`generated_gifts/sm/2026023628.stk`
2026023629	`generated_gifts/sm/2026023629.stk`
2026023630	`generated_gifts/sm/2026023630.stk`
2026023631	`generated_gifts/sm/2026023631.stk`
2026023632	`generated_gifts/sm/2026023632.stk`
2026023633	`generated_gifts/sm/2026023633.stk`
2026023634	`generated_gifts/sm/2026023634.stk`
2026023635	`generated_gifts/sm/2026023635.stk`
2026023636	`generated_gifts/sm/2026023636.stk`
2026023637	`generated_gifts/sm/2026023637.stk`
2026023638	`generated_gifts/sm/2026023638.stk`
2026023639	`generated_gifts/sm/2026023639.stk`
2026023640	`generated_gifts/sm/2026023640.stk`
2026023641	`generated_gifts/sm/2026023641.stk`
2026023642	`generated_gifts/sm/2026023642.stk`
2026023643	`generated_gifts/sm/2026023643.stk`
2026023644	`generated_gifts/sm/2026023644.stk`
2026023645	`generated_gifts/sm/2026023645.stk`
2026023646	`generated_gifts/sm/2026023646.stk`
2026023647	`generated_gifts/sm/2026023647.stk`
2026023648	`generated_gifts/sm/2026023648.stk`
2026023649	`generated_gifts/sm/2026023649.stk`
2026023650	`generated_gifts/sm/2026023650.stk`
2026023651	`generated_gifts/sm/2026023651.stk`
2026023652	`generated_gifts/sm/2026023652.stk`
2026023653	`generated_gifts/sm/2026023653.stk`
2026023654	`generated_gifts/sm/2026023654.stk`
2026023655	`generated_gifts/sm/2026023655.stk`
2026023656	`generated_gifts/sm/2026023656.stk`
2026023657	`generated_gifts/sm/2026023657.stk`
2026023658	`generated_gifts/sm/2026023658.stk`
2026023659	`generated_gifts/sm/2026023659.stk`
2026023660	`generated_gifts/sm/2026023660.stk`
2026023661	`generated_gifts/sm/2026023661.stk`
2026023662	`generated_gifts/sm/2026023662.stk`
2026023663	`generated_gifts/sm/2026023663.stk`
2026023664	`generated_gifts/sm/2026023664.stk`
2026023665	`generated_gifts/sm/2026023665.stk`
2026023666	`generated_gifts/sm/2026023666.stk`
2026023667	`generated_gifts/sm/2026023667.stk`
2026023668	`generated_gifts/sm/2026023668.stk`
2026023669	`generated_gifts/sm/2026023669.stk`
2026023670	`generated_gifts/sm/2026023670.stk`
2026023671	`generated_gifts/sm/2026023671.stk`
2026023672	`generated_gifts/sm/2026023672.stk`
2026023673	`generated_gifts/sm/2026023673.stk`
2026023674	`generated_gifts/sm/2026023674.stk`
2026023675	`generated_gifts/sm/2026023675.stk`
2026023676	`generated_gifts/sm/2026023676.stk`
2026023677	`generated_gifts/sm/2026023677.stk`
2026023678	`generated_gifts/sm/2026023678.stk`
2026023679	`generated_gifts/sm/2026023679.stk`
2026023680	`generated_gifts/sm/2026023680.stk`
2026023681	`generated_gifts/sm/2026023681.stk`
2026023682	`generated_gifts/sm/2026023682.stk`
2026023683	`generated_gifts/sm/2026023683.stk`
2026023684	`generated_gifts/sm/2026023684.stk`
2026023685	`generated_gifts/sm/2026023685.stk`
2026023686	`generated_gifts/sm/2026023686.stk`
2026023687	`generated_gifts/sm/2026023687.stk`
2026023688	`generated_gifts/sm/2026023688.stk`
2026023689	`generated_gifts/sm/2026023689.stk`
2026023690	`generated_gifts/sm/2026023690.stk`
2026023691	`generated_gifts/sm/2026023691.stk`
2026023692	`generated_gifts/sm/2026023692.stk`
2026023693	`generated_gifts/sm/2026023693.stk`
2026023694	`generated_gifts/sm/2026023694.stk`
2026023695	`generated_gifts/sm/2026023695.stk`
2026023696	`generated_gifts/sm/2026023696.stk`
2026023697	`generated_gifts/sm/2026023697.stk`
2026023698	`generated_gifts/sm/2026023698.stk`
2026023699	`generated_gifts/sm/2026023699.stk`
2026023700	`generated_gifts/sm/2026023700.stk`
2026023701	`generated_gifts/sm/2026023701.stk`
2026023702	`generated_gifts/sm/2026023702.stk`
2026023703	`generated_gifts/sm/2026023703.stk`
2026023704	`generated_gifts/sm/2026023704.stk`
2026023705	`generated_gifts/sm/2026023705.stk`
2026023706	`generated_gifts/sm/2026023706.stk`
2026023707	`generated_gifts/sm/2026023707.stk`
2026023708	`generated_gifts/sm/2026023708.stk`
2026023709	`generated_gifts/sm/2026023709.stk`
2026023710	`generated_gifts/sm/2026023710.stk`
2026023711	`generated_gifts/sm/2026023711.stk`
2026023712	`generated_gifts/sm/2026023712.stk`
2026023713	`generated_gifts/sm/2026023713.stk`
2026023714	`generated_gifts/sm/2026023714.stk`
2026023715	`generated_gifts/sm/2026023715.stk`
2026023716	`generated_gifts/sm/2026023716.stk`
2026023717	`generated_gifts/sm/2026023717.stk`
2026023718	`generated_gifts/sm/2026023718.stk`
2026023719	`generated_gifts/sm/2026023719.stk`
2026023720	`generated_gifts/sm/2026023720.stk`
2026023721	`generated_gifts/sm/2026023721.stk`
2026023722	`generated_gifts/sm/2026023722.stk`
2026023723	`generated_gifts/sm/2026023723.stk`
2026023724	`generated_gifts/sm/2026023724.stk`
2026023725	`generated_gifts/sm/2026023725.stk`
2026023726	`generated_gifts/sm/2026023726.stk`
2026023727	`generated_gifts/sm/2026023727.stk`
2026023728	`generated_gifts/sm/2026023728.stk`
2026023729	`generated_gifts/sm/2026023729.stk`
2026023730	`generated_gifts/sm/2026023730.stk`
2026023731	`generated_gifts/sm/2026023731.stk`
2026023732	`generated_gifts/sm/2026023732.stk`
2026023733	`generated_gifts/sm/2026023733.stk`
2026023734	`generated_gifts/sm/2026023734.stk`
2026023735	`generated_gifts/sm/2026023735.stk`
2026023736	`generated_gifts/sm/2026023736.stk`
2026023737	`generated_gifts/sm/2026023737.stk`
2026023738	`generated_gifts/sm/2026023738.stk`
2026023739	`generated_gifts/sm/2026023739.stk`
2026023740	`generated_gifts/sm/2026023740.stk`
2026023741	`generated_gifts/sm/2026023741.stk`
2026023742	`generated_gifts/sm/2026023742.stk`
2026023743	`generated_gifts/sm/2026023743.stk`
2026023744	`generated_gifts/sm/2026023744.stk`
2026023745	`generated_gifts/sm/2026023745.stk`
2026023746	`generated_gifts/sm/2026023746.stk`
2026023747	`generated_gifts/sm/2026023747.stk`
2026023748	`generated_gifts/sm/2026023748.stk`
2026023749	`generated_gifts/sm/2026023749.stk`
2026023750	`generated_gifts/sm/2026023750.stk`
2026023751	`generated_gifts/sm/2026023751.stk`
2026023752	`generated_gifts/sm/2026023752.stk`
2026023753	`generated_gifts/sm/2026023753.stk`
2026023754	`generated_gifts/sm/2026023754.stk`
2026023755	`generated_gifts/sm/2026023755.stk`
2026023756	`generated_gifts/sm/2026023756.stk`
2026023757	`generated_gifts/sm/2026023757.stk`
2026023758	`generated_gifts/sm/2026023758.stk`
2026023759	`generated_gifts/sm/2026023759.stk`
2026023760	`generated_gifts/sm/2026023760.stk`
2026023761	`generated_gifts/sm/2026023761.stk`
2026023762	`generated_gifts/sm/2026023762.stk`
2026023763	`generated_gifts/sm/2026023763.stk`
2026023764	`generated_gifts/sm/2026023764.stk`
2026023765	`generated_gifts/sm/2026023765.stk`
2026023766	`generated_gifts/sm/2026023766.stk`
2026023767	`generated_gifts/sm/2026023767.stk`
2026023768	`generated_gifts/sm/2026023768.stk`
2026023769	`generated_gifts/sm/2026023769.stk`
2026023770	`generated_gifts/sm/2026023770.stk`
2026023771	`generated_gifts/sm/2026023771.stk`
2026023772	`generated_gifts/sm/2026023772.stk`
2026023773	`generated_gifts/sm/2026023773.stk`
2026023774	`generated_gifts/sm/2026023774.stk`
2026023775	`generated_gifts/sm/2026023775.stk`
2026023776	`generated_gifts/sm/2026023776.stk`
2026023777	`generated_gifts/sm/2026023777.stk`
2026023778	`generated_gifts/sm/2026023778.stk`
2026023779	`generated_gifts/sm/2026023779.stk`
2026023780	`generated_gifts/sm/2026023780.stk`
2026023781	`generated_gifts/sm/2026023781.stk`
2026023782	`generated_gifts/sm/2026023782.stk`
2026023783	`generated_gifts/sm/2026023783.stk`
2026023784	`generated_gifts/sm/2026023784.stk`
2026023785	`generated_gifts/sm/2026023785.stk`
2026023786	`generated_gifts/sm/2026023786.stk`
2026023787	`generated_gifts/sm/2026023787.stk`
2026023788	`generated_gifts/sm/2026023788.stk`
2026023789	`generated_gifts/sm/2026023789.stk`
2026023790	`generated_gifts/sm/2026023790.stk`
2026023791	`generated_gifts/sm/2026023791.stk`
2026023792	`generated_gifts/sm/2026023792.stk`
2026023793	`generated_gifts/sm/2026023793.stk`
2026023794	`generated_gifts/sm/2026023794.stk`
2026023795	`generated_gifts/sm/2026023795.stk`
2026023796	`generated_gifts/sm/2026023796.stk`
2026023797	`generated_gifts/sm/2026023797.stk`
2026023798	`generated_gifts/sm/2026023798.stk`
2026023799	`generated_gifts/sm/2026023799.stk`
2026023800	`generated_gifts/sm/2026023800.stk`
2026023801	`generated_gifts/sm/2026023801.stk`
2026023802	`generated_gifts/sm/2026023802.stk`
2026023803	`generated_gifts/sm/2026023803.stk`
2026023804	`generated_gifts/sm/2026023804.stk`
2026023805	`generated_gifts/sm/2026023805.stk`
2026023806	`generated_gifts/sm/2026023806.stk`
2026023807	`generated_gifts/sm/2026023807.stk`
2026023808	`generated_gifts/sm/2026023808.stk`
2026023809	`generated_gifts/sm/2026023809.stk`
2026023810	`generated_gifts/sm/2026023810.stk`
2026023811	`generated_gifts/sm/2026023811.stk`
2026023812	`generated_gifts/sm/2026023812.stk`
2026023813	`generated_gifts/sm/2026023813.stk`
2026023814	`generated_gifts/sm/2026023814.stk`
2026023815	`generated_gifts/sm/2026023815.stk`
2026023816	`generated_gifts/sm/2026023816.stk`
2026023817	`generated_gifts/sm/2026023817.stk`
2026023818	`generated_gifts/sm/2026023818.stk`
2026023819	`generated_gifts/sm/2026023819.stk`
2026023820	`generated_gifts/sm/2026023820.stk`
2026023821	`generated_gifts/sm/2026023821.stk`
2026023822	`generated_gifts/sm/2026023822.stk`
2026023823	`generated_gifts/sm/2026023823.stk`
2026023824	`generated_gifts/sm/2026023824.stk`
2026023825	`generated_gifts/sm/2026023825.stk`
2026023826	`generated_gifts/sm/2026023826.stk`
2026023827	`generated_gifts/sm/2026023827.stk`
2026023828	`generated_gifts/sm/2026023828.stk`
2026023829	`generated_gifts/sm/2026023829.stk`
2026023830	`generated_gifts/sm/2026023830.stk`
2026023831	`generated_gifts/sm/2026023831.stk`
2026023832	`generated_gifts/sm/2026023832.stk`
2026023833	`generated_gifts/sm/2026023833.stk`
2026023834	`generated_gifts/sm/2026023834.stk`
2026023835	`generated_gifts/sm/2026023835.stk`
2026023836	`generated_gifts/sm/2026023836.stk`
2026023837	`generated_gifts/sm/2026023837.stk`
2026023838	`generated_gifts/sm/2026023838.stk`
2026023839	`generated_gifts/sm/2026023839.stk`
2026023840	`generated_gifts/sm/2026023840.stk`
2026023841	`generated_gifts/sm/2026023841.stk`
2026023842	`generated_gifts/sm/2026023842.stk`
2026023843	`generated_gifts/sm/2026023843.stk`
2026023844	`generated_gifts/sm/2026023844.stk`
2026023845	`generated_gifts/sm/2026023845.stk`
2026023846	`generated_gifts/sm/2026023846.stk`
2026023847	`generated_gifts/sm/2026023847.stk`
2026023848	`generated_gifts/sm/2026023848.stk`
2026023849	`generated_gifts/sm/2026023849.stk`
2026023850	`generated_gifts/sm/2026023850.stk`
2026023851	`generated_gifts/sm/2026023851.stk`
2026023852	`generated_gifts/sm/2026023852.stk`
2026023853	`generated_gifts/sm/2026023853.stk`
2026023854	`generated_gifts/sm/2026023854.stk`
2026023855	`generated_gifts/sm/2026023855.stk`
2026023856	`generated_gifts/sm/2026023856.stk`
2026023857	`generated_gifts/sm/2026023857.stk`
2026023858	`generated_gifts/sm/2026023858.stk`
2026023859	`generated_gifts/sm/2026023859.stk`
2026023860	`generated_gifts/sm/2026023860.stk`
2026023861	`generated_gifts/sm/2026023861.stk`
2026023862	`generated_gifts/sm/2026023862.stk`
2026023863	`generated_gifts/sm/2026023863.stk`
2026023864	`generated_gifts/sm/2026023864.stk`
2026023865	`generated_gifts/sm/2026023865.stk`
2026023866	`generated_gifts/sm/2026023866.stk`
2026023867	`generated_gifts/sm/2026023867.stk`
2026023868	`generated_gifts/sm/2026023868.stk`
2026023869	`generated_gifts/sm/2026023869.stk`
2026023870	`generated_gifts/sm/2026023870.stk`
2026023871	`generated_gifts/sm/2026023871.stk`
2026023872	`generated_gifts/sm/2026023872.stk`
2026023873	`generated_gifts/sm/2026023873.stk`
2026023874	`generated_gifts/sm/2026023874.stk`
2026023875	`generated_gifts/sm/2026023875.stk`
2026023876	`generated_gifts/sm/2026023876.stk`
2026023877	`generated_gifts/sm/2026023877.stk`
2026023878	`generated_gifts/sm/2026023878.stk`
2026023879	`generated_gifts/sm/2026023879.stk`
2026023880	`generated_gifts/sm/2026023880.stk`
2026023881	`generated_gifts/sm/2026023881.stk`
2026023882	`generated_gifts/sm/2026023882.stk`
2026023883	`generated_gifts/sm/2026023883.stk`
2026023884	`generated_gifts/sm/2026023884.stk`
2026023885	`generated_gifts/sm/2026023885.stk`
2026023886	`generated_gifts/sm/2026023886.stk`
2026023887	`generated_gifts/sm/2026023887.stk`
2026023888	`generated_gifts/sm/2026023888.stk`
2026023889	`generated_gifts/sm/2026023889.stk`
2026023890	`generated_gifts/sm/2026023890.stk`
2026023891	`generated_gifts/sm/2026023891.stk`
2026023892	`generated_gifts/sm/2026023892.stk`
2026023893	`generated_gifts/sm/2026023893.stk`
2026023894	`generated_gifts/sm/2026023894.stk`
2026023895	`generated_gifts/sm/2026023895.stk`
2026023896	`generated_gifts/sm/2026023896.stk`
2026023897	`generated_gifts/sm/2026023897.stk`
2026023898	`generated_gifts/sm/2026023898.stk`
2026023899	`generated_gifts/sm/2026023899.stk`
2026023900	`generated_gifts/sm/2026023900.stk`
2026023901	`generated_gifts/sm/2026023901.stk`
2026023902	`generated_gifts/sm/2026023902.stk`
2026023903	`generated_gifts/sm/2026023903.stk`
2026023904	`generated_gifts/sm/2026023904.stk`
2026023905	`generated_gifts/sm/2026023905.stk`
2026023906	`generated_gifts/sm/2026023906.stk`
2026023907	`generated_gifts/sm/2026023907.stk`
2026023908	`generated_gifts/sm/2026023908.stk`
2026023909	`generated_gifts/sm/2026023909.stk`
2026023910	`generated_gifts/sm/2026023910.stk`
2026023911	`generated_gifts/sm/2026023911.stk`
2026023912	`generated_gifts/sm/2026023912.stk`
2026023913	`generated_gifts/sm/2026023913.stk`
2026023914	`generated_gifts/sm/2026023914.stk`
2026023915	`generated_gifts/sm/2026023915.stk`
2026023916	`generated_gifts/sm/2026023916.stk`
2026023917	`generated_gifts/sm/2026023917.stk`
2026023918	`generated_gifts/sm/2026023918.stk`
2026023919	`generated_gifts/sm/2026023919.stk`
2026023920	`generated_gifts/sm/2026023920.stk`
2026023921	`generated_gifts/sm/2026023921.stk`
2026023922	`generated_gifts/sm/2026023922.stk`
2026023923	`generated_gifts/sm/2026023923.stk`
2026023924	`generated_gifts/sm/2026023924.stk`
2026023925	`generated_gifts/sm/2026023925.stk`
2026023926	`generated_gifts/sm/2026023926.stk`
2026023927	`generated_gifts/sm/2026023927.stk`
2026023928	`generated_gifts/sm/2026023928.stk`
2026023929	`generated_gifts/sm/2026023929.stk`
2026023930	`generated_gifts/sm/2026023930.stk`
2026023931	`generated_gifts/sm/2026023931.stk`
2026023932	`generated_gifts/sm/2026023932.stk`
2026023933	`generated_gifts/sm/2026023933.stk`
2026023934	`generated_gifts/sm/2026023934.stk`
2026023935	`generated_gifts/sm/2026023935.stk`
2026023936	`generated_gifts/sm/2026023936.stk`
2026023937	`generated_gifts/sm/2026023937.stk`
2026023938	`generated_gifts/sm/2026023938.stk`
2026023939	`generated_gifts/sm/2026023939.stk`
2026023940	`generated_gifts/sm/2026023940.stk`
2026023941	`generated_gifts/sm/2026023941.stk`
2026023942	`generated_gifts/sm/2026023942.stk`
2026023943	`generated_gifts/sm/2026023943.stk`
2026023944	`generated_gifts/sm/2026023944.stk`
2026023945	`generated_gifts/sm/2026023945.stk`
2026023946	`generated_gifts/sm/2026023946.stk`
2026023947	`generated_gifts/sm/2026023947.stk`
2026023948	`generated_gifts/sm/2026023948.stk`
2026023949	`generated_gifts/sm/2026023949.stk`
2026023950	`generated_gifts/sm/2026023950.stk`
2026023951	`generated_gifts/sm/2026023951.stk`
2026023952	`generated_gifts/sm/2026023952.stk`
2026023953	`generated_gifts/sm/2026023953.stk`
2026023954	`generated_gifts/sm/2026023954.stk`
2026023955	`generated_gifts/sm/2026023955.stk`
2026023956	`generated_gifts/sm/2026023956.stk`
2026023957	`generated_gifts/sm/2026023957.stk`
2026023958	`generated_gifts/sm/2026023958.stk`
2026023959	`generated_gifts/sm/2026023959.stk`
2026023960	`generated_gifts/sm/2026023960.stk`
2026023961	`generated_gifts/sm/2026023961.stk`
2026023962	`generated_gifts/sm/2026023962.stk`
2026023963	`generated_gifts/sm/2026023963.stk`
2026023964	`generated_gifts/sm/2026023964.stk`
2026023965	`generated_gifts/sm/2026023965.stk`
2026023966	`generated_gifts/sm/2026023966.stk`
2026023967	`generated_gifts/sm/2026023967.stk`
2026023968	`generated_gifts/sm/2026023968.stk`
2026023969	`generated_gifts/sm/2026023969.stk`
2026023970	`generated_gifts/sm/2026023970.stk`
2026023971	`generated_gifts/sm/2026023971.stk`
2026023972	`generated_gifts/sm/2026023972.stk`
2026023973	`generated_gifts/sm/2026023973.stk`
2026023974	`generated_gifts/sm/2026023974.stk`
2026023975	`generated_gifts/sm/2026023975.stk`
2026023976	`generated_gifts/sm/2026023976.stk`
2026023977	`generated_gifts/sm/2026023977.stk`
2026023978	`generated_gifts/sm/2026023978.stk`
2026023979	`generated_gifts/sm/2026023979.stk`
2026023980	`generated_gifts/sm/2026023980.stk`
2026023981	`generated_gifts/sm/2026023981.stk`
2026023982	`generated_gifts/sm/2026023982.stk`
2026023983	`generated_gifts/sm/2026023983.stk`
2026023984	`generated_gifts/sm/2026023984.stk`
2026023985	`generated_gifts/sm/2026023985.stk`
2026023986	`generated_gifts/sm/2026023986.stk`
2026023987	`generated_gifts/sm/2026023987.stk`
2026023988	`generated_gifts/sm/2026023988.stk`
2026023989	`generated_gifts/sm/2026023989.stk`
2026023990	`generated_gifts/sm/2026023990.stk`
2026023991	`generated_gifts/sm/2026023991.stk`
2026023992	`generated_gifts/sm/2026023992.stk`
2026023993	`generated_gifts/sm/2026023993.stk`
2026023994	`generated_gifts/sm/2026023994.stk`
2026023995	`generated_gifts/sm/2026023995.stk`
2026023996	`generated_gifts/sm/2026023996.stk`
2026023997	`generated_gifts/sm/2026023997.stk`
2026023998	`generated_gifts/sm/2026023998.stk`
2026023999	`generated_gifts/sm/2026023999.stk`
2026024000	`generated_gifts/sm/2026024000.stk`
2026024001	`generated_gifts/sm/2026024001.stk`
2026024002	`generated_gifts/sm/2026024002.stk`
2026024003	`generated_gifts/sm/2026024003.stk`
2026024004	`generated_gifts/sm/2026024004.stk`
2026024005	`generated_gifts/sm/2026024005.stk`
2026024006	`generated_gifts/sm/2026024006.stk`
2026024007	`generated_gifts/sm/2026024007.stk`
2026024008	`generated_gifts/sm/2026024008.stk`
2026024009	`generated_gifts/sm/2026024009.stk`
2026024010	`generated_gifts/sm/2026024010.stk`
2026024011	`generated_gifts/sm/2026024011.stk`
2026024012	`generated_gifts/sm/2026024012.stk`
2026024013	`generated_gifts/sm/2026024013.stk`
2026024014	`generated_gifts/sm/2026024014.stk`
2026024015	`generated_gifts/sm/2026024015.stk`
2026024016	`generated_gifts/sm/2026024016.stk`
2026024017	`generated_gifts/sm/2026024017.stk`
2026024018	`generated_gifts/sm/2026024018.stk`
2026024019	`generated_gifts/sm/2026024019.stk`
2026024020	`generated_gifts/sm/2026024020.stk`
2026024021	`generated_gifts/sm/2026024021.stk`
2026024022	`generated_gifts/sm/2026024022.stk`
2026024023	`generated_gifts/sm/2026024023.stk`
2026024024	`generated_gifts/sm/2026024024.stk`
2026024025	`generated_gifts/sm/2026024025.stk`
2026024026	`generated_gifts/sm/2026024026.stk`
2026024027	`generated_gifts/sm/2026024027.stk`
2026024028	`generated_gifts/sm/2026024028.stk`
2026024029	`generated_gifts/sm/2026024029.stk`
2026024030	`generated_gifts/sm/2026024030.stk`
2026024031	`generated_gifts/sm/2026024031.stk`
2026024032	`generated_gifts/sm/2026024032.stk`
2026024033	`generated_gifts/sm/2026024033.stk`
2026024034	`generated_gifts/sm/2026024034.stk`
2026024035	`generated_gifts/sm/2026024035.stk`
2026024036	`generated_gifts/sm/2026024036.stk`
2026024037	`generated_gifts/sm/2026024037.stk`
2026024038	`generated_gifts/sm/2026024038.stk`
2026024039	`generated_gifts/sm/2026024039.stk`
2026024040	`generated_gifts/sm/2026024040.stk`
2026024041	`generated_gifts/sm/2026024041.stk`
2026024042	`generated_gifts/sm/2026024042.stk`
2026024043	`generated_gifts/sm/2026024043.stk`
2026024044	`generated_gifts/sm/2026024044.stk`
2026024045	`generated_gifts/sm/2026024045.stk`
2026024046	`generated_gifts/sm/2026024046.stk`
2026024047	`generated_gifts/sm/2026024047.stk`
2026024048	`generated_gifts/sm/2026024048.stk`
2026024049	`generated_gifts/sm/2026024049.stk`
2026024050	`generated_gifts/sm/2026024050.stk`
2026024051	`generated_gifts/sm/2026024051.stk`
2026024052	`generated_gifts/sm/2026024052.stk`
2026024053	`generated_gifts/sm/2026024053.stk`
2026024054	`generated_gifts/sm/2026024054.stk`
2026024055	`generated_gifts/sm/2026024055.stk`
2026024056	`generated_gifts/sm/2026024056.stk`
2026024057	`generated_gifts/sm/2026024057.stk`
2026024058	`generated_gifts/sm/2026024058.stk`
2026024059	`generated_gifts/sm/2026024059.stk`
2026024060	`generated_gifts/sm/2026024060.stk`
2026024061	`generated_gifts/sm/2026024061.stk`
2026024062	`generated_gifts/sm/2026024062.stk`
2026024063	`generated_gifts/sm/2026024063.stk`
2026024064	`generated_gifts/sm/2026024064.stk`
2026024065	`generated_gifts/sm/2026024065.stk`
2026024066	`generated_gifts/sm/2026024066.stk`
2026024067	`generated_gifts/sm/2026024067.stk`
2026024068	`generated_gifts/sm/2026024068.stk`
2026024069	`generated_gifts/sm/2026024069.stk`
2026024070	`generated_gifts/sm/2026024070.stk`
2026024071	`generated_gifts/sm/2026024071.stk`
2026024072	`generated_gifts/sm/2026024072.stk`
2026024073	`generated_gifts/sm/2026024073.stk`
2026024074	`generated_gifts/sm/2026024074.stk`
2026024075	`generated_gifts/sm/2026024075.stk`
2026024076	`generated_gifts/sm/2026024076.stk`
2026024077	`generated_gifts/sm/2026024077.stk`
2026024078	`generated_gifts/sm/2026024078.stk`
2026024079	`generated_gifts/sm/2026024079.stk`
2026024080	`generated_gifts/sm/2026024080.stk`
2026024081	`generated_gifts/sm/2026024081.stk`
2026024082	`generated_gifts/sm/2026024082.stk`
2026024083	`generated_gifts/sm/2026024083.stk`
2026024084	`generated_gifts/sm/2026024084.stk`
2026024085	`generated_gifts/sm/2026024085.stk`
2026024086	`generated_gifts/sm/2026024086.stk`
2026024087	`generated_gifts/sm/2026024087.stk`
2026024088	`generated_gifts/sm/2026024088.stk`
2026024089	`generated_gifts/sm/2026024089.stk`
2026024090	`generated_gifts/sm/2026024090.stk`
2026024091	`generated_gifts/sm/2026024091.stk`
2026024092	`generated_gifts/sm/2026024092.stk`
2026024093	`generated_gifts/sm/2026024093.stk`
2026024094	`generated_gifts/sm/2026024094.stk`
2026024095	`generated_gifts/sm/2026024095.stk`
2026024096	`generated_gifts/sm/2026024096.stk`
2026024097	`generated_gifts/sm/2026024097.stk`
2026024098	`generated_gifts/sm/2026024098.stk`
2026024099	`generated_gifts/sm/2026024099.stk`
2026024100	`generated_gifts/sm/2026024100.stk`
2026024101	`generated_gifts/sm/2026024101.stk`
2026024102	`generated_gifts/sm/2026024102.stk`
2026024103	`generated_gifts/sm/2026024103.stk`
2026024104	`generated_gifts/sm/2026024104.stk`
2026024105	`generated_gifts/sm/2026024105.stk`
2026024106	`generated_gifts/sm/2026024106.stk`
2026024107	`generated_gifts/sm/2026024107.stk`
2026024108	`generated_gifts/sm/2026024108.stk`
2026024109	`generated_gifts/sm/2026024109.stk`
2026024110	`generated_gifts/sm/2026024110.stk`
2026024111	`generated_gifts/sm/2026024111.stk`
2026024112	`generated_gifts/sm/2026024112.stk`
2026024113	`generated_gifts/sm/2026024113.stk`
2026024114	`generated_gifts/sm/2026024114.stk`
2026024115	`generated_gifts/sm/2026024115.stk`
2026024116	`generated_gifts/sm/2026024116.stk`
2026024117	`generated_gifts/sm/2026024117.stk`
2026024118	`generated_gifts/sm/2026024118.stk`
2026024119	`generated_gifts/sm/2026024119.stk`
2026024120	`generated_gifts/sm/2026024120.stk`
2026024121	`generated_gifts/sm/2026024121.stk`
2026024122	`generated_gifts/sm/2026024122.stk`
2026024123	`generated_gifts/sm/2026024123.stk`
2026024124	`generated_gifts/sm/2026024124.stk`
2026024125	`generated_gifts/sm/2026024125.stk`
2026024126	`generated_gifts/sm/2026024126.stk`
2026024127	`generated_gifts/sm/2026024127.stk`
2026024128	`generated_gifts/sm/2026024128.stk`
2026024129	`generated_gifts/sm/2026024129.stk`
2026024130	`generated_gifts/sm/2026024130.stk`
2026024131	`generated_gifts/sm/2026024131.stk`
2026024132	`generated_gifts/sm/2026024132.stk`
2026024133	`generated_gifts/sm/2026024133.stk`
2026024134	`generated_gifts/sm/2026024134.stk`
2026024135	`generated_gifts/sm/2026024135.stk`
2026024136	`generated_gifts/sm/2026024136.stk`
2026024137	`generated_gifts/sm/2026024137.stk`
2026024138	`generated_gifts/sm/2026024138.stk`
2026024139	`generated_gifts/sm/2026024139.stk`
2026024140	`generated_gifts/sm/2026024140.stk`
2026024141	`generated_gifts/sm/2026024141.stk`
2026024142	`generated_gifts/sm/2026024142.stk`
2026024143	`generated_gifts/sm/2026024143.stk`
2026024144	`generated_gifts/sm/2026024144.stk`
2026024145	`generated_gifts/sm/2026024145.stk`
2026024146	`generated_gifts/sm/2026024146.stk`
2026024147	`generated_gifts/sm/2026024147.stk`
2026024148	`generated_gifts/sm/2026024148.stk`
2026024149	`generated_gifts/sm/2026024149.stk`
2026024150	`generated_gifts/sm/2026024150.stk`
2026024151	`generated_gifts/sm/2026024151.stk`
2026024152	`generated_gifts/sm/2026024152.stk`
2026024153	`generated_gifts/sm/2026024153.stk`
2026024154	`generated_gifts/sm/2026024154.stk`
2026024155	`generated_gifts/sm/2026024155.stk`
2026024156	`generated_gifts/sm/2026024156.stk`
2026024157	`generated_gifts/sm/2026024157.stk`
2026024158	`generated_gifts/sm/2026024158.stk`
2026024159	`generated_gifts/sm/2026024159.stk`
2026024160	`generated_gifts/sm/2026024160.stk`
2026024161	`generated_gifts/sm/2026024161.stk`
2026024162	`generated_gifts/sm/2026024162.stk`
2026024163	`generated_gifts/sm/2026024163.stk`
2026024164	`generated_gifts/sm/2026024164.stk`
2026024165	`generated_gifts/sm/2026024165.stk`
2026024166	`generated_gifts/sm/2026024166.stk`
2026024167	`generated_gifts/sm/2026024167.stk`
2026024168	`generated_gifts/sm/2026024168.stk`
2026024169	`generated_gifts/ft/2026024169.stk`
2026024170	`generated_gifts/ft/2026024170.stk`
2026024171	`generated_gifts/ft/2026024171.stk`
2026024172	`generated_gifts/ft/2026024172.stk`
2026024173	`generated_gifts/ft/2026024173.stk`
2026024174	`generated_gifts/ft/2026024174.stk`
2026024175	`generated_gifts/ft/2026024175.stk`
2026024176	`generated_gifts/ft/2026024176.stk`
2026024177	`generated_gifts/ft/2026024177.stk`
2026024178	`generated_gifts/ft/2026024178.stk`
2026024179	`generated_gifts/ft/2026024179.stk`
2026024180	`generated_gifts/ft/2026024180.stk`
2026024181	`generated_gifts/ft/2026024181.stk`
2026024182	`generated_gifts/ft/2026024182.stk`
2026024183	`generated_gifts/ft/2026024183.stk`
2026024184	`generated_gifts/ft/2026024184.stk`
2026024185	`generated_gifts/ft/2026024185.stk`
2026024186	`generated_gifts/ft/2026024186.stk`
2026024187	`generated_gifts/ft/2026024187.stk`
2026024188	`generated_gifts/ft/2026024188.stk`
2026024189	`generated_gifts/ft/2026024189.stk`
2026024190	`generated_gifts/ft/2026024190.stk`
2026024191	`generated_gifts/ft/2026024191.stk`
2026024192	`generated_gifts/ft/2026024192.stk`
2026024193	`generated_gifts/ft/2026024193.stk`
2026024194	`generated_gifts/ft/2026024194.stk`
2026024195	`generated_gifts/ft/2026024195.stk`
2026024196	`generated_gifts/ft/2026024196.stk`
2026024197	`generated_gifts/ft/2026024197.stk`
2026024198	`generated_gifts/ft/2026024198.stk`
2026024199	`generated_gifts/ft/2026024199.stk`
2026024200	`generated_gifts/ft/2026024200.stk`
2026024201	`generated_gifts/ft/2026024201.stk`
2026024202	`generated_gifts/ft/2026024202.stk`
2026024203	`generated_gifts/ft/2026024203.stk`
2026024204	`generated_gifts/ft/2026024204.stk`
2026024205	`generated_gifts/ft/2026024205.stk`
2026024206	`generated_gifts/ft/2026024206.stk`
2026024207	`generated_gifts/ft/2026024207.stk`
2026024208	`generated_gifts/ft/2026024208.stk`
2026024209	`generated_gifts/ft/2026024209.stk`
2026024210	`generated_gifts/ft/2026024210.stk`
2026024211	`generated_gifts/ft/2026024211.stk`
2026024212	`generated_gifts/ft/2026024212.stk`
2026024213	`generated_gifts/ft/2026024213.stk`
2026024214	`generated_gifts/ft/2026024214.stk`
2026024215	`generated_gifts/ft/2026024215.stk`
2026024216	`generated_gifts/ft/2026024216.stk`
2026024217	`generated_gifts/ft/2026024217.stk`
2026024218	`generated_gifts/ft/2026024218.stk`
2026024219	`generated_gifts/ft/2026024219.stk`
2026024220	`generated_gifts/ft/2026024220.stk`
2026024221	`generated_gifts/ft/2026024221.stk`
2026024222	`generated_gifts/ft/2026024222.stk`
2026024223	`generated_gifts/ft/2026024223.stk`
2026024224	`generated_gifts/ft/2026024224.stk`
2026024225	`generated_gifts/ft/2026024225.stk`
2026024226	`generated_gifts/ft/2026024226.stk`
2026024227	`generated_gifts/ft/2026024227.stk`
2026024228	`generated_gifts/ft/2026024228.stk`
2026024229	`generated_gifts/ft/2026024229.stk`
2026024230	`generated_gifts/ft/2026024230.stk`
2026024231	`generated_gifts/ft/2026024231.stk`
2026024232	`generated_gifts/ft/2026024232.stk`
2026024233	`generated_gifts/ft/2026024233.stk`
2026024234	`generated_gifts/ft/2026024234.stk`
2026024235	`generated_gifts/ft/2026024235.stk`
2026024236	`generated_gifts/ft/2026024236.stk`
2026024237	`generated_gifts/ft/2026024237.stk`
2026024238	`generated_gifts/ft/2026024238.stk`
2026024239	`generated_gifts/ft/2026024239.stk`
2026024240	`generated_gifts/ft/2026024240.stk`
2026024241	`generated_gifts/ft/2026024241.stk`
2026024242	`generated_gifts/ft/2026024242.stk`
2026024243	`generated_gifts/ft/2026024243.stk`
2026024244	`generated_gifts/ft/2026024244.stk`
2026024245	`generated_gifts/ft/2026024245.stk`
2026024246	`generated_gifts/ft/2026024246.stk`
2026024247	`generated_gifts/ft/2026024247.stk`
2026024248	`generated_gifts/ft/2026024248.stk`
2026024249	`generated_gifts/ft/2026024249.stk`
2026024250	`generated_gifts/ft/2026024250.stk`
2026024251	`generated_gifts/ft/2026024251.stk`
2026024252	`generated_gifts/ft/2026024252.stk`
2026024253	`generated_gifts/ft/2026024253.stk`
2026024254	`generated_gifts/ft/2026024254.stk`
2026024255	`generated_gifts/ft/2026024255.stk`
2026024256	`generated_gifts/ft/2026024256.stk`
2026024257	`generated_gifts/ft/2026024257.stk`
2026024258	`generated_gifts/ft/2026024258.stk`
2026024259	`generated_gifts/ft/2026024259.stk`
2026024260	`generated_gifts/ft/2026024260.stk`
2026024261	`generated_gifts/ft/2026024261.stk`
2026024262	`generated_gifts/ft/2026024262.stk`
2026024263	`generated_gifts/ft/2026024263.stk`
2026024264	`generated_gifts/ft/2026024264.stk`
2026024265	`generated_gifts/ft/2026024265.stk`
2026024266	`generated_gifts/ft/2026024266.stk`
2026024267	`generated_gifts/ft/2026024267.stk`
2026024268	`generated_gifts/ft/2026024268.stk`
2026024269	`generated_gifts/ft/2026024269.stk`
2026024270	`generated_gifts/ft/2026024270.stk`
2026024271	`generated_gifts/ft/2026024271.stk`
2026024272	`generated_gifts/ft/2026024272.stk`
2026024273	`generated_gifts/ft/2026024273.stk`
2026024274	`generated_gifts/ft/2026024274.stk`
2026024275	`generated_gifts/ft/2026024275.stk`
2026024276	`generated_gifts/ft/2026024276.stk`
2026024277	`generated_gifts/ft/2026024277.stk`
2026024278	`generated_gifts/ft/2026024278.stk`
2026024279	`generated_gifts/ft/2026024279.stk`
2026024280	`generated_gifts/ft/2026024280.stk`
2026024281	`generated_gifts/ft/2026024281.stk`
2026024282	`generated_gifts/ft/2026024282.stk`
2026024283	`generated_gifts/ft/2026024283.stk`
2026024284	`generated_gifts/ft/2026024284.stk`
2026024285	`generated_gifts/ft/2026024285.stk`
2026024286	`generated_gifts/ft/2026024286.stk`
2026024287	`generated_gifts/ft/2026024287.stk`
2026024288	`generated_gifts/ft/2026024288.stk`
2026024289	`generated_gifts/ft/2026024289.stk`
2026024290	`generated_gifts/ft/2026024290.stk`
2026024291	`generated_gifts/ft/2026024291.stk`
2026024292	`generated_gifts/ft/2026024292.stk`
2026024293	`generated_gifts/ft/2026024293.stk`
2026024294	`generated_gifts/ft/2026024294.stk`
2026024295	`generated_gifts/ft/2026024295.stk`
2026024296	`generated_gifts/ft/2026024296.stk`
2026024297	`generated_gifts/ft/2026024297.stk`
2026024298	`generated_gifts/ft/2026024298.stk`
2026024299	`generated_gifts/ft/2026024299.stk`
2026024300	`generated_gifts/ft/2026024300.stk`
2026024301	`generated_gifts/ft/2026024301.stk`
2026024302	`generated_gifts/ft/2026024302.stk`
2026024303	`generated_gifts/ft/2026024303.stk`
2026024304	`generated_gifts/ft/2026024304.stk`
2026024305	`generated_gifts/ft/2026024305.stk`
2026024306	`generated_gifts/ft/2026024306.stk`
2026024307	`generated_gifts/ft/2026024307.stk`
2026024308	`generated_gifts/ft/2026024308.stk`
2026024309	`generated_gifts/ft/2026024309.stk`
2026024310	`generated_gifts/ft/2026024310.stk`
2026024311	`generated_gifts/ft/2026024311.stk`
2026024312	`generated_gifts/ft/2026024312.stk`
2026024313	`generated_gifts/ft/2026024313.stk`
2026024314	`generated_gifts/ft/2026024314.stk`
2026024315	`generated_gifts/ft/2026024315.stk`
2026024316	`generated_gifts/ft/2026024316.stk`
2026024317	`generated_gifts/ft/2026024317.stk`
2026024318	`generated_gifts/ft/2026024318.stk`
2026024319	`generated_gifts/ft/2026024319.stk`
2026024320	`generated_gifts/ft/2026024320.stk`
2026024321	`generated_gifts/ft/2026024321.stk`
2026024322	`generated_gifts/ft/2026024322.stk`
2026024323	`generated_gifts/ft/2026024323.stk`
2026024324	`generated_gifts/ft/2026024324.stk`
2026024325	`generated_gifts/ft/2026024325.stk`
2026024326	`generated_gifts/ft/2026024326.stk`
2026024327	`generated_gifts/ft/2026024327.stk`
2026024328	`generated_gifts/ft/2026024328.stk`
2026024329	`generated_gifts/ft/2026024329.stk`
2026024330	`generated_gifts/ft/2026024330.stk`
2026024331	`generated_gifts/ft/2026024331.stk`
2026024332	`generated_gifts/ft/2026024332.stk`
2026024333	`generated_gifts/ft/2026024333.stk`
2026024334	`generated_gifts/ft/2026024334.stk`
2026024335	`generated_gifts/ft/2026024335.stk`
2026024336	`generated_gifts/ft/2026024336.stk`
2026024337	`generated_gifts/ft/2026024337.stk`
2026024338	`generated_gifts/ft/2026024338.stk`
2026024339	`generated_gifts/ft/2026024339.stk`
2026024340	`generated_gifts/ft/2026024340.stk`
2026024341	`generated_gifts/ft/2026024341.stk`
2026024342	`generated_gifts/ft/2026024342.stk`
2026024343	`generated_gifts/ft/2026024343.stk`
2026024344	`generated_gifts/ft/2026024344.stk`
2026024345	`generated_gifts/ft/2026024345.stk`
2026024346	`generated_gifts/ft/2026024346.stk`
2026024347	`generated_gifts/ft/2026024347.stk`
2026024348	`generated_gifts/ft/2026024348.stk`
2026024349	`generated_gifts/ft/2026024349.stk`
2026024350	`generated_gifts/ft/2026024350.stk`
2026024351	`generated_gifts/ft/2026024351.stk`
2026024352	`generated_gifts/ft/2026024352.stk`
2026024353	`generated_gifts/ft/2026024353.stk`
2026024354	`generated_gifts/ft/2026024354.stk`
2026024355	`generated_gifts/ft/2026024355.stk`
2026024356	`generated_gifts/ft/2026024356.stk`
2026024357	`generated_gifts/ft/2026024357.stk`
2026024358	`generated_gifts/ft/2026024358.stk`
2026024359	`generated_gifts/ft/2026024359.stk`
2026024360	`generated_gifts/ft/2026024360.stk`
2026024361	`generated_gifts/ft/2026024361.stk`
2026024362	`generated_gifts/ft/2026024362.stk`
2026024363	`generated_gifts/ft/2026024363.stk`
2026024364	`generated_gifts/ft/2026024364.stk`
2026024365	`generated_gifts/ft/2026024365.stk`
2026024366	`generated_gifts/ft/2026024366.stk`
2026024367	`generated_gifts/ft/2026024367.stk`
2026024368	`generated_gifts/ft/2026024368.stk`
2026024369	`generated_gifts/ft/2026024369.stk`
2026024370	`generated_gifts/ft/2026024370.stk`
2026024371	`generated_gifts/ft/2026024371.stk`
2026024372	`generated_gifts/ft/2026024372.stk`
2026024373	`generated_gifts/ft/2026024373.stk`
2026024374	`generated_gifts/ft/2026024374.stk`
2026024375	`generated_gifts/ft/2026024375.stk`
2026024376	`generated_gifts/ft/2026024376.stk`
2026024377	`generated_gifts/ft/2026024377.stk`
2026024378	`generated_gifts/ft/2026024378.stk`
2026024379	`generated_gifts/ft/2026024379.stk`
2026024380	`generated_gifts/ft/2026024380.stk`
2026024381	`generated_gifts/ft/2026024381.stk`
2026024382	`generated_gifts/ft/2026024382.stk`
2026024383	`generated_gifts/ft/2026024383.stk`
2026024384	`generated_gifts/ft/2026024384.stk`
2026024385	`generated_gifts/ft/2026024385.stk`
2026024386	`generated_gifts/ft/2026024386.stk`
2026024387	`generated_gifts/ft/2026024387.stk`
2026024388	`generated_gifts/ft/2026024388.stk`
2026024389	`generated_gifts/ft/2026024389.stk`
2026024390	`generated_gifts/ft/2026024390.stk`
2026024391	`generated_gifts/ft/2026024391.stk`
2026024392	`generated_gifts/ft/2026024392.stk`
2026024393	`generated_gifts/ft/2026024393.stk`
2026024394	`generated_gifts/ft/2026024394.stk`
2026024395	`generated_gifts/ft/2026024395.stk`
2026024396	`generated_gifts/ft/2026024396.stk`
2026024397	`generated_gifts/ft/2026024397.stk`
2026024398	`generated_gifts/ft/2026024398.stk`
2026024399	`generated_gifts/ft/2026024399.stk`
2026024400	`generated_gifts/ft/2026024400.stk`
2026024401	`generated_gifts/ft/2026024401.stk`
2026024402	`generated_gifts/ft/2026024402.stk`
2026024403	`generated_gifts/ft/2026024403.stk`
2026024404	`generated_gifts/ft/2026024404.stk`
2026024405	`generated_gifts/ft/2026024405.stk`
2026024406	`generated_gifts/ft/2026024406.stk`
2026024407	`generated_gifts/ft/2026024407.stk`
2026024408	`generated_gifts/ft/2026024408.stk`
2026024409	`generated_gifts/ft/2026024409.stk`
2026024410	`generated_gifts/ft/2026024410.stk`
2026024411	`generated_gifts/ft/2026024411.stk`
2026024412	`generated_gifts/ft/2026024412.stk`
2026024413	`generated_gifts/ft/2026024413.stk`
2026024414	`generated_gifts/ft/2026024414.stk`
2026024415	`generated_gifts/ft/2026024415.stk`
2026024416	`generated_gifts/ft/2026024416.stk`
2026024417	`generated_gifts/ft/2026024417.stk`
2026024418	`generated_gifts/ft/2026024418.stk`
2026024419	`generated_gifts/ft/2026024419.stk`
2026024420	`generated_gifts/ft/2026024420.stk`
2026024421	`generated_gifts/ft/2026024421.stk`
2026024422	`generated_gifts/ft/2026024422.stk`
2026024423	`generated_gifts/ft/2026024423.stk`
2026024424	`generated_gifts/ft/2026024424.stk`
2026024425	`generated_gifts/ft/2026024425.stk`
2026024426	`generated_gifts/ft/2026024426.stk`
2026024427	`generated_gifts/ft/2026024427.stk`
2026024428	`generated_gifts/ft/2026024428.stk`
2026024429	`generated_gifts/ft/2026024429.stk`
2026024430	`generated_gifts/ft/2026024430.stk`
2026024431	`generated_gifts/ft/2026024431.stk`
2026024432	`generated_gifts/ft/2026024432.stk`
2026024433	`generated_gifts/ft/2026024433.stk`
2026024434	`generated_gifts/ft/2026024434.stk`
2026024435	`generated_gifts/ft/2026024435.stk`
2026024436	`generated_gifts/ft/2026024436.stk`
2026024437	`generated_gifts/ft/2026024437.stk`
2026024438	`generated_gifts/ft/2026024438.stk`
2026024439	`generated_gifts/ft/2026024439.stk`
2026024440	`generated_gifts/ft/2026024440.stk`
2026024441	`generated_gifts/ft/2026024441.stk`
2026024442	`generated_gifts/ft/2026024442.stk`
2026024443	`generated_gifts/ft/2026024443.stk`
2026024444	`generated_gifts/ft/2026024444.stk`
2026024445	`generated_gifts/ft/2026024445.stk`
2026024446	`generated_gifts/ft/2026024446.stk`
2026024447	`generated_gifts/ft/2026024447.stk`
2026024448	`generated_gifts/ft/2026024448.stk`
2026024449	`generated_gifts/ft/2026024449.stk`
2026024450	`generated_gifts/ft/2026024450.stk`
2026024451	`generated_gifts/ft/2026024451.stk`
2026024452	`generated_gifts/ft/2026024452.stk`
2026024453	`generated_gifts/ft/2026024453.stk`
2026024454	`generated_gifts/ft/2026024454.stk`
2026024455	`generated_gifts/ft/2026024455.stk`
2026024456	`generated_gifts/ft/2026024456.stk`
2026024457	`generated_gifts/ft/2026024457.stk`
2026024458	`generated_gifts/ft/2026024458.stk`
2026024459	`generated_gifts/ft/2026024459.stk`
2026024460	`generated_gifts/ft/2026024460.stk`
2026024461	`generated_gifts/ft/2026024461.stk`
2026024462	`generated_gifts/ft/2026024462.stk`
2026024463	`generated_gifts/ft/2026024463.stk`
2026024464	`generated_gifts/ft/2026024464.stk`
2026024465	`generated_gifts/ft/2026024465.stk`
2026024466	`generated_gifts/ft/2026024466.stk`
2026024467	`generated_gifts/ft/2026024467.stk`
2026024468	`generated_gifts/ft/2026024468.stk`
2026024469	`generated_gifts/ft/2026024469.stk`
2026024470	`generated_gifts/ft/2026024470.stk`
2026024471	`generated_gifts/ft/2026024471.stk`
2026024472	`generated_gifts/ft/2026024472.stk`
2026024473	`generated_gifts/ft/2026024473.stk`
2026024474	`generated_gifts/ft/2026024474.stk`
2026024475	`generated_gifts/ft/2026024475.stk`
2026024476	`generated_gifts/ft/2026024476.stk`
2026024477	`generated_gifts/ft/2026024477.stk`
2026024478	`generated_gifts/ft/2026024478.stk`
2026024479	`generated_gifts/ft/2026024479.stk`
2026024480	`generated_gifts/ft/2026024480.stk`
2026024481	`generated_gifts/ft/2026024481.stk`
2026024482	`generated_gifts/ft/2026024482.stk`
2026024483	`generated_gifts/ft/2026024483.stk`
2026024484	`generated_gifts/ft/2026024484.stk`
2026024485	`generated_gifts/ft/2026024485.stk`
2026024486	`generated_gifts/ft/2026024486.stk`
2026024487	`generated_gifts/ft/2026024487.stk`
2026024488	`generated_gifts/ft/2026024488.stk`
2026024489	`generated_gifts/ft/2026024489.stk`
2026024490	`generated_gifts/ft/2026024490.stk`
2026024491	`generated_gifts/ft/2026024491.stk`
2026024492	`generated_gifts/ft/2026024492.stk`
2026024493	`generated_gifts/ft/2026024493.stk`
2026024494	`generated_gifts/ft/2026024494.stk`
2026024495	`generated_gifts/ft/2026024495.stk`
2026024496	`generated_gifts/ft/2026024496.stk`
2026024497	`generated_gifts/ft/2026024497.stk`
2026024498	`generated_gifts/ft/2026024498.stk`
2026024499	`generated_gifts/ft/2026024499.stk`
2026024500	`generated_gifts/ft/2026024500.stk`
2026024501	`generated_gifts/ft/2026024501.stk`
2026024502	`generated_gifts/ft/2026024502.stk`
2026024503	`generated_gifts/ft/2026024503.stk`
2026024504	`generated_gifts/ft/2026024504.stk`
2026024505	`generated_gifts/ft/2026024505.stk`
2026024506	`generated_gifts/ft/2026024506.stk`
2026024507	`generated_gifts/ft/2026024507.stk`
2026024508	`generated_gifts/ft/2026024508.stk`
2026024509	`generated_gifts/ft/2026024509.stk`
2026024510	`generated_gifts/ft/2026024510.stk`
2026024511	`generated_gifts/ft/2026024511.stk`
2026024512	`generated_gifts/ft/2026024512.stk`
2026024513	`generated_gifts/ft/2026024513.stk`
2026024514	`generated_gifts/ft/2026024514.stk`
2026024515	`generated_gifts/ft/2026024515.stk`
2026024516	`generated_gifts/ft/2026024516.stk`
2026024517	`generated_gifts/ft/2026024517.stk`
2026024518	`generated_gifts/ft/2026024518.stk`
2026024519	`generated_gifts/ft/2026024519.stk`
2026024520	`generated_gifts/ft/2026024520.stk`
2026024521	`generated_gifts/ft/2026024521.stk`
2026024522	`generated_gifts/ft/2026024522.stk`
2026024523	`generated_gifts/ft/2026024523.stk`
2026024524	`generated_gifts/ft/2026024524.stk`
2026024525	`generated_gifts/ft/2026024525.stk`
2026024526	`generated_gifts/ft/2026024526.stk`
2026024527	`generated_gifts/ft/2026024527.stk`
2026024528	`generated_gifts/ft/2026024528.stk`
2026024529	`generated_gifts/ft/2026024529.stk`
2026024530	`generated_gifts/ft/2026024530.stk`
2026024531	`generated_gifts/ft/2026024531.stk`
2026024532	`generated_gifts/ft/2026024532.stk`
2026024533	`generated_gifts/ft/2026024533.stk`
2026024534	`generated_gifts/ft/2026024534.stk`
2026024535	`generated_gifts/ft/2026024535.stk`
2026024536	`generated_gifts/ft/2026024536.stk`
2026024537	`generated_gifts/ft/2026024537.stk`
2026024538	`generated_gifts/ft/2026024538.stk`
2026024539	`generated_gifts/ft/2026024539.stk`
2026024540	`generated_gifts/ft/2026024540.stk`
2026024541	`generated_gifts/ft/2026024541.stk`
2026024542	`generated_gifts/ft/2026024542.stk`
2026024543	`generated_gifts/ft/2026024543.stk`
2026024544	`generated_gifts/ft/2026024544.stk`
2026024545	`generated_gifts/ft/2026024545.stk`
2026024546	`generated_gifts/ft/2026024546.stk`
2026024547	`generated_gifts/ft/2026024547.stk`
2026024548	`generated_gifts/ft/2026024548.stk`
2026024549	`generated_gifts/ft/2026024549.stk`
2026024550	`generated_gifts/ft/2026024550.stk`
2026024551	`generated_gifts/ft/2026024551.stk`
2026024552	`generated_gifts/ft/2026024552.stk`
2026024553	`generated_gifts/ft/2026024553.stk`
2026024554	`generated_gifts/ft/2026024554.stk`
2026024555	`generated_gifts/ft/2026024555.stk`
2026024556	`generated_gifts/ft/2026024556.stk`
2026024557	`generated_gifts/ft/2026024557.stk`
2026024558	`generated_gifts/ft/2026024558.stk`
2026024559	`generated_gifts/ft/2026024559.stk`
2026024560	`generated_gifts/ft/2026024560.stk`
2026024561	`generated_gifts/ft/2026024561.stk`
2026024562	`generated_gifts/ft/2026024562.stk`
2026024563	`generated_gifts/ft/2026024563.stk`
2026024564	`generated_gifts/ft/2026024564.stk`
2026024565	`generated_gifts/ft/2026024565.stk`
2026024566	`generated_gifts/ft/2026024566.stk`
2026024567	`generated_gifts/ft/2026024567.stk`
2026024568	`generated_gifts/ft/2026024568.stk`
2026024569	`generated_gifts/ft/2026024569.stk`
2026024570	`generated_gifts/ft/2026024570.stk`
2026024571	`generated_gifts/ft/2026024571.stk`
2026024572	`generated_gifts/ft/2026024572.stk`
2026024573	`generated_gifts/ft/2026024573.stk`
2026024574	`generated_gifts/ft/2026024574.stk`
2026024575	`generated_gifts/ft/2026024575.stk`
2026024576	`generated_gifts/ft/2026024576.stk`
2026024577	`generated_gifts/ft/2026024577.stk`
2026024578	`generated_gifts/ft/2026024578.stk`
2026024579	`generated_gifts/ft/2026024579.stk`
2026024580	`generated_gifts/ft/2026024580.stk`
2026024581	`generated_gifts/ft/2026024581.stk`
2026024582	`generated_gifts/ft/2026024582.stk`
2026024583	`generated_gifts/ft/2026024583.stk`
2026024584	`generated_gifts/ft/2026024584.stk`
2026024585	`generated_gifts/ft/2026024585.stk`
2026024586	`generated_gifts/ft/2026024586.stk`
2026024587	`generated_gifts/ft/2026024587.stk`
2026024588	`generated_gifts/ft/2026024588.stk`
2026024589	`generated_gifts/ft/2026024589.stk`
2026024590	`generated_gifts/ft/2026024590.stk`
2026024591	`generated_gifts/ft/2026024591.stk`
2026024592	`generated_gifts/ft/2026024592.stk`
2026024593	`generated_gifts/ft/2026024593.stk`
2026024594	`generated_gifts/ft/2026024594.stk`
2026024595	`generated_gifts/ft/2026024595.stk`
2026024596	`generated_gifts/ft/2026024596.stk`
2026024597	`generated_gifts/ft/2026024597.stk`
2026024598	`generated_gifts/ft/2026024598.stk`
2026024599	`generated_gifts/ft/2026024599.stk`
2026024600	`generated_gifts/ft/2026024600.stk`
2026024601	`generated_gifts/ft/2026024601.stk`
2026024602	`generated_gifts/ft/2026024602.stk`
2026024603	`generated_gifts/ft/2026024603.stk`
2026024604	`generated_gifts/ft/2026024604.stk`
2026024605	`generated_gifts/ft/2026024605.stk`
2026024606	`generated_gifts/ft/2026024606.stk`
2026024607	`generated_gifts/ft/2026024607.stk`
2026024608	`generated_gifts/ft/2026024608.stk`
2026024609	`generated_gifts/ft/2026024609.stk`
2026024610	`generated_gifts/ft/2026024610.stk`
2026024611	`generated_gifts/ft/2026024611.stk`
2026024612	`generated_gifts/ft/2026024612.stk`
2026024613	`generated_gifts/ft/2026024613.stk`
2026024614	`generated_gifts/ft/2026024614.stk`
2026024615	`generated_gifts/ft/2026024615.stk`
2026024616	`generated_gifts/ft/2026024616.stk`
2026024617	`generated_gifts/ft/2026024617.stk`
2026024618	`generated_gifts/ft/2026024618.stk`
2026024619	`generated_gifts/ft/2026024619.stk`
2026024620	`generated_gifts/ft/2026024620.stk`
2026024621	`generated_gifts/ft/2026024621.stk`
2026024622	`generated_gifts/ft/2026024622.stk`
2026024623	`generated_gifts/ft/2026024623.stk`
2026024624	`generated_gifts/ft/2026024624.stk`
2026024625	`generated_gifts/ft/2026024625.stk`
2026024626	`generated_gifts/ft/2026024626.stk`
2026024627	`generated_gifts/ft/2026024627.stk`
2026024628	`generated_gifts/ft/2026024628.stk`
2026024629	`generated_gifts/ft/2026024629.stk`
2026024630	`generated_gifts/ft/2026024630.stk`
2026024631	`generated_gifts/ft/2026024631.stk`
2026024632	`generated_gifts/ft/2026024632.stk`
2026024633	`generated_gifts/ft/2026024633.stk`
2026024634	`generated_gifts/ft/2026024634.stk`
2026024635	`generated_gifts/ft/2026024635.stk`
2026024636	`generated_gifts/ft/2026024636.stk`
2026024637	`generated_gifts/ft/2026024637.stk`
2026024638	`generated_gifts/ft/2026024638.stk`
2026024639	`generated_gifts/ft/2026024639.stk`
2026024640	`generated_gifts/ft/2026024640.stk`
2026024641	`generated_gifts/ft/2026024641.stk`
2026024642	`generated_gifts/ft/2026024642.stk`
2026024643	`generated_gifts/ft/2026024643.stk`
2026024644	`generated_gifts/ft/2026024644.stk`
2026024645	`generated_gifts/ft/2026024645.stk`
2026024646	`generated_gifts/ft/2026024646.stk`
2026024647	`generated_gifts/ft/2026024647.stk`
2026024648	`generated_gifts/ft/2026024648.stk`
2026024649	`generated_gifts/ft/2026024649.stk`
2026024650	`generated_gifts/ft/2026024650.stk`
2026024651	`generated_gifts/ft/2026024651.stk`
2026024652	`generated_gifts/ft/2026024652.stk`
2026024653	`generated_gifts/ft/2026024653.stk`
2026024654	`generated_gifts/ft/2026024654.stk`
2026024655	`generated_gifts/ft/2026024655.stk`
2026024656	`generated_gifts/ft/2026024656.stk`
2026024657	`generated_gifts/ft/2026024657.stk`
2026024658	`generated_gifts/ft/2026024658.stk`
2026024659	`generated_gifts/ft/2026024659.stk`
2026024660	`generated_gifts/ft/2026024660.stk`
2026024661	`generated_gifts/ft/2026024661.stk`
2026024662	`generated_gifts/ft/2026024662.stk`
2026024663	`generated_gifts/ft/2026024663.stk`
2026024664	`generated_gifts/ft/2026024664.stk`
2026024665	`generated_gifts/ft/2026024665.stk`
2026024666	`generated_gifts/ft/2026024666.stk`
2026024667	`generated_gifts/ft/2026024667.stk`
2026024668	`generated_gifts/ft/2026024668.stk`
2026024669	`generated_gifts/ft/2026024669.stk`
2026024670	`generated_gifts/ft/2026024670.stk`
2026024671	`generated_gifts/ft/2026024671.stk`
2026024672	`generated_gifts/ft/2026024672.stk`
2026024673	`generated_gifts/ft/2026024673.stk`
2026024674	`generated_gifts/ft/2026024674.stk`
2026024675	`generated_gifts/ft/2026024675.stk`
2026024676	`generated_gifts/ft/2026024676.stk`
2026024677	`generated_gifts/ft/2026024677.stk`
2026024678	`generated_gifts/ft/2026024678.stk`
2026024679	`generated_gifts/ft/2026024679.stk`
2026024680	`generated_gifts/ft/2026024680.stk`
2026024681	`generated_gifts/ft/2026024681.stk`
2026024682	`generated_gifts/ft/2026024682.stk`
2026024683	`generated_gifts/ft/2026024683.stk`
2026024684	`generated_gifts/ft/2026024684.stk`
2026024685	`generated_gifts/ft/2026024685.stk`
2026024686	`generated_gifts/ft/2026024686.stk`
2026024687	`generated_gifts/ft/2026024687.stk`
2026024688	`generated_gifts/ft/2026024688.stk`
2026024689	`generated_gifts/ft/2026024689.stk`
2026024690	`generated_gifts/ft/2026024690.stk`
2026024691	`generated_gifts/ft/2026024691.stk`
2026024692	`generated_gifts/ft/2026024692.stk`
2026024693	`generated_gifts/ft/2026024693.stk`
2026024694	`generated_gifts/ft/2026024694.stk`
2026024695	`generated_gifts/ft/2026024695.stk`
2026024696	`generated_gifts/ft/2026024696.stk`
2026024697	`generated_gifts/ft/2026024697.stk`
2026024698	`generated_gifts/ft/2026024698.stk`
2026024699	`generated_gifts/ft/2026024699.stk`
2026024700	`generated_gifts/ft/2026024700.stk`
2026024701	`generated_gifts/ft/2026024701.stk`
2026024702	`generated_gifts/ft/2026024702.stk`
2026024703	`generated_gifts/ft/2026024703.stk`
2026024704	`generated_gifts/ft/2026024704.stk`
2026024705	`generated_gifts/ft/2026024705.stk`
2026024706	`generated_gifts/ft/2026024706.stk`
2026024707	`generated_gifts/ft/2026024707.stk`
2026024708	`generated_gifts/ft/2026024708.stk`
2026024709	`generated_gifts/ft/2026024709.stk`
2026024710	`generated_gifts/ft/2026024710.stk`
2026024711	`generated_gifts/ft/2026024711.stk`
2026024712	`generated_gifts/ft/2026024712.stk`
2026024713	`generated_gifts/ft/2026024713.stk`
2026024714	`generated_gifts/ft/2026024714.stk`
2026024715	`generated_gifts/ft/2026024715.stk`
2026024716	`generated_gifts/ft/2026024716.stk`
2026024717	`generated_gifts/ft/2026024717.stk`
2026024718	`generated_gifts/ft/2026024718.stk`
2026024719	`generated_gifts/ft/2026024719.stk`
2026024720	`generated_gifts/ft/2026024720.stk`
2026024721	`generated_gifts/ft/2026024721.stk`
2026024722	`generated_gifts/ft/2026024722.stk`
2026024723	`generated_gifts/ft/2026024723.stk`
2026024724	`generated_gifts/ft/2026024724.stk`
2026024725	`generated_gifts/ft/2026024725.stk`
2026024726	`generated_gifts/ft/2026024726.stk`
2026024727	`generated_gifts/ft/2026024727.stk`
2026024728	`generated_gifts/ft/2026024728.stk`
2026024729	`generated_gifts/ft/2026024729.stk`
2026024730	`generated_gifts/ft/2026024730.stk`
2026024731	`generated_gifts/ft/2026024731.stk`
2026024732	`generated_gifts/ft/2026024732.stk`
2026024733	`generated_gifts/ft/2026024733.stk`
2026024734	`generated_gifts/ft/2026024734.stk`
2026024735	`generated_gifts/ft/2026024735.stk`
2026024736	`generated_gifts/ft/2026024736.stk`
2026024737	`generated_gifts/ft/2026024737.stk`
2026024738	`generated_gifts/ft/2026024738.stk`
2026024739	`generated_gifts/ft/2026024739.stk`
2026024740	`generated_gifts/ft/2026024740.stk`
2026024741	`generated_gifts/ft/2026024741.stk`
2026024742	`generated_gifts/ft/2026024742.stk`
2026024743	`generated_gifts/ft/2026024743.stk`
2026024744	`generated_gifts/ft/2026024744.stk`
2026024745	`generated_gifts/ft/2026024745.stk`
2026024746	`generated_gifts/ft/2026024746.stk`
2026024747	`generated_gifts/ft/2026024747.stk`
2026024748	`generated_gifts/ft/2026024748.stk`
2026024749	`generated_gifts/ft/2026024749.stk`
2026024750	`generated_gifts/ft/2026024750.stk`
2026024751	`generated_gifts/ft/2026024751.stk`
2026024752	`generated_gifts/ft/2026024752.stk`
2026024753	`generated_gifts/ft/2026024753.stk`
2026024754	`generated_gifts/ft/2026024754.stk`
2026024755	`generated_gifts/ft/2026024755.stk`
2026024756	`generated_gifts/ft/2026024756.stk`
2026024757	`generated_gifts/ft/2026024757.stk`
2026024758	`generated_gifts/ft/2026024758.stk`
2026024759	`generated_gifts/ft/2026024759.stk`
2026024760	`generated_gifts/ft/2026024760.stk`
2026024761	`generated_gifts/ft/2026024761.stk`
2026024762	`generated_gifts/ft/2026024762.stk`
2026024763	`generated_gifts/ft/2026024763.stk`
2026024764	`generated_gifts/ft/2026024764.stk`
2026024765	`generated_gifts/ft/2026024765.stk`
2026024766	`generated_gifts/ft/2026024766.stk`
2026024767	`generated_gifts/ft/2026024767.stk`
2026024768	`generated_gifts/ft/2026024768.stk`
2026024769	`generated_gifts/ft/2026024769.stk`
2026024770	`generated_gifts/ft/2026024770.stk`
2026024771	`generated_gifts/ft/2026024771.stk`
2026024772	`generated_gifts/ft/2026024772.stk`
2026024773	`generated_gifts/ft/2026024773.stk`
2026024774	`generated_gifts/ft/2026024774.stk`
2026024775	`generated_gifts/ft/2026024775.stk`
2026024776	`generated_gifts/ft/2026024776.stk`
2026024777	`generated_gifts/ft/2026024777.stk`
2026024778	`generated_gifts/ft/2026024778.stk`
2026024779	`generated_gifts/ft/2026024779.stk`
2026024780	`generated_gifts/ft/2026024780.stk`
2026024781	`generated_gifts/ft/2026024781.stk`
2026024782	`generated_gifts/ft/2026024782.stk`
2026024783	`generated_gifts/ft/2026024783.stk`
2026024784	`generated_gifts/ft/2026024784.stk`
2026024785	`generated_gifts/ft/2026024785.stk`
2026024786	`generated_gifts/ft/2026024786.stk`
2026024787	`generated_gifts/ft/2026024787.stk`
2026024788	`generated_gifts/ft/2026024788.stk`
2026024789	`generated_gifts/ft/2026024789.stk`
2026024790	`generated_gifts/ft/2026024790.stk`
2026024791	`generated_gifts/ft/2026024791.stk`
2026024792	`generated_gifts/ft/2026024792.stk`
2026024793	`generated_gifts/ft/2026024793.stk`
2026024794	`generated_gifts/ft/2026024794.stk`
2026024795	`generated_gifts/ft/2026024795.stk`
2026024796	`generated_gifts/ft/2026024796.stk`
2026024797	`generated_gifts/ft/2026024797.stk`
2026024798	`generated_gifts/ft/2026024798.stk`
2026024799	`generated_gifts/ft/2026024799.stk`
2026024800	`generated_gifts/ft/2026024800.stk`
2026024801	`generated_gifts/ft/2026024801.stk`
2026024802	`generated_gifts/ft/2026024802.stk`
2026024803	`generated_gifts/ft/2026024803.stk`
2026024804	`generated_gifts/ft/2026024804.stk`
2026024805	`generated_gifts/ft/2026024805.stk`
2026024806	`generated_gifts/ft/2026024806.stk`
2026024807	`generated_gifts/ft/2026024807.stk`
2026024808	`generated_gifts/ft/2026024808.stk`
2026024809	`generated_gifts/ft/2026024809.stk`
2026024810	`generated_gifts/ft/2026024810.stk`
2026024811	`generated_gifts/ft/2026024811.stk`
2026024812	`generated_gifts/ft/2026024812.stk`
2026024813	`generated_gifts/ft/2026024813.stk`
2026024814	`generated_gifts/ft/2026024814.stk`
2026024815	`generated_gifts/ft/2026024815.stk`
2026024816	`generated_gifts/ft/2026024816.stk`
2026024817	`generated_gifts/ft/2026024817.stk`
2026024818	`generated_gifts/ft/2026024818.stk`
2026024819	`generated_gifts/ft/2026024819.stk`
2026024820	`generated_gifts/ft/2026024820.stk`
2026024821	`generated_gifts/ft/2026024821.stk`
2026024822	`generated_gifts/ft/2026024822.stk`
2026024823	`generated_gifts/ft/2026024823.stk`
2026024824	`generated_gifts/ft/2026024824.stk`
2026024825	`generated_gifts/ft/2026024825.stk`
2026024826	`generated_gifts/ft/2026024826.stk`
2026024827	`generated_gifts/ft/2026024827.stk`
2026024828	`generated_gifts/ft/2026024828.stk`
2026024829	`generated_gifts/ft/2026024829.stk`
2026024830	`generated_gifts/ft/2026024830.stk`
2026024831	`generated_gifts/ft/2026024831.stk`
2026024832	`generated_gifts/ft/2026024832.stk`
2026024833	`generated_gifts/ft/2026024833.stk`
2026024834	`generated_gifts/ft/2026024834.stk`
2026024835	`generated_gifts/ft/2026024835.stk`
2026024836	`generated_gifts/ft/2026024836.stk`
2026024837	`generated_gifts/ft/2026024837.stk`
2026024838	`generated_gifts/ft/2026024838.stk`
2026024839	`generated_gifts/ft/2026024839.stk`
2026024840	`generated_gifts/ft/2026024840.stk`
2026024841	`generated_gifts/ft/2026024841.stk`
2026024842	`generated_gifts/ft/2026024842.stk`
2026024843	`generated_gifts/ft/2026024843.stk`
2026024844	`generated_gifts/ft/2026024844.stk`
2026024845	`generated_gifts/ft/2026024845.stk`
2026024846	`generated_gifts/ft/2026024846.stk`
2026024847	`generated_gifts/ft/2026024847.stk`
2026024848	`generated_gifts/ft/2026024848.stk`
2026024849	`generated_gifts/ft/2026024849.stk`
2026024850	`generated_gifts/ft/2026024850.stk`
2026024851	`generated_gifts/ft/2026024851.stk`
2026024852	`generated_gifts/ft/2026024852.stk`
2026024853	`generated_gifts/ft/2026024853.stk`
2026024854	`generated_gifts/ft/2026024854.stk`
2026024855	`generated_gifts/ft/2026024855.stk`
2026024856	`generated_gifts/ft/2026024856.stk`
2026024857	`generated_gifts/ft/2026024857.stk`
2026024858	`generated_gifts/ft/2026024858.stk`
2026024859	`generated_gifts/ft/2026024859.stk`
2026024860	`generated_gifts/ft/2026024860.stk`
2026024861	`generated_gifts/ft/2026024861.stk`
2026024862	`generated_gifts/ft/2026024862.stk`
2026024863	`generated_gifts/ft/2026024863.stk`
2026024864	`generated_gifts/ft/2026024864.stk`
2026024865	`generated_gifts/ft/2026024865.stk`
2026024866	`generated_gifts/ft/2026024866.stk`
2026024867	`generated_gifts/ft/2026024867.stk`
2026024868	`generated_gifts/ft/2026024868.stk`
2026024869	`generated_gifts/ft/2026024869.stk`
2026024870	`generated_gifts/ft/2026024870.stk`
2026024871	`generated_gifts/ft/2026024871.stk`
2026024872	`generated_gifts/ft/2026024872.stk`
2026024873	`generated_gifts/ft/2026024873.stk`
2026024874	`generated_gifts/ft/2026024874.stk`
2026024875	`generated_gifts/ft/2026024875.stk`
2026024876	`generated_gifts/ft/2026024876.stk`
2026024877	`generated_gifts/ft/2026024877.stk`
2026024878	`generated_gifts/ft/2026024878.stk`
2026024879	`generated_gifts/ft/2026024879.stk`
2026024880	`generated_gifts/ft/2026024880.stk`
2026024881	`generated_gifts/ft/2026024881.stk`
2026024882	`generated_gifts/ft/2026024882.stk`
2026024883	`generated_gifts/ft/2026024883.stk`
2026024884	`generated_gifts/ft/2026024884.stk`
2026024885	`generated_gifts/ft/2026024885.stk`
2026024886	`generated_gifts/ft/2026024886.stk`
2026024887	`generated_gifts/ft/2026024887.stk`
2026024888	`generated_gifts/ft/2026024888.stk`
2026024889	`generated_gifts/ft/2026024889.stk`
2026024890	`generated_gifts/ft/2026024890.stk`
2026024891	`generated_gifts/ft/2026024891.stk`
2026024892	`generated_gifts/ft/2026024892.stk`
2026024893	`generated_gifts/ft/2026024893.stk`
2026024894	`generated_gifts/ft/2026024894.stk`
2026024895	`generated_gifts/ft/2026024895.stk`
2026024896	`generated_gifts/ft/2026024896.stk`
2026024897	`generated_gifts/ft/2026024897.stk`
2026024898	`generated_gifts/ft/2026024898.stk`
2026024899	`generated_gifts/ft/2026024899.stk`
2026024900	`generated_gifts/ft/2026024900.stk`
2026024901	`generated_gifts/ft/2026024901.stk`
2026024902	`generated_gifts/ft/2026024902.stk`
2026024903	`generated_gifts/ft/2026024903.stk`
2026024904	`generated_gifts/ft/2026024904.stk`
2026024905	`generated_gifts/ft/2026024905.stk`
2026024906	`generated_gifts/ft/2026024906.stk`
2026024907	`generated_gifts/ft/2026024907.stk`
2026024908	`generated_gifts/ft/2026024908.stk`
2026024909	`generated_gifts/ft/2026024909.stk`
2026024910	`generated_gifts/ft/2026024910.stk`
2026024911	`generated_gifts/ft/2026024911.stk`
2026024912	`generated_gifts/ft/2026024912.stk`
2026024913	`generated_gifts/ft/2026024913.stk`
2026024914	`generated_gifts/ft/2026024914.stk`
2026024915	`generated_gifts/ft/2026024915.stk`
2026024916	`generated_gifts/ft/2026024916.stk`
2026024917	`generated_gifts/ft/2026024917.stk`
2026024918	`generated_gifts/ft/2026024918.stk`
2026024919	`generated_gifts/ft/2026024919.stk`
2026024920	`generated_gifts/ft/2026024920.stk`
2026024921	`generated_gifts/ft/2026024921.stk`
2026024922	`generated_gifts/ft/2026024922.stk`
2026024923	`generated_gifts/ft/2026024923.stk`
2026024924	`generated_gifts/ft/2026024924.stk`
2026024925	`generated_gifts/ft/2026024925.stk`
2026024926	`generated_gifts/ft/2026024926.stk`
2026024927	`generated_gifts/ft/2026024927.stk`
2026024928	`generated_gifts/ft/2026024928.stk`
2026024929	`generated_gifts/ft/2026024929.stk`
2026024930	`generated_gifts/ft/2026024930.stk`
2026024931	`generated_gifts/ft/2026024931.stk`
2026024932	`generated_gifts/ft/2026024932.stk`
2026024933	`generated_gifts/ft/2026024933.stk`
2026024934	`generated_gifts/ft/2026024934.stk`
2026024935	`generated_gifts/ft/2026024935.stk`
2026024936	`generated_gifts/ft/2026024936.stk`
2026024937	`generated_gifts/ft/2026024937.stk`
2026024938	`generated_gifts/ft/2026024938.stk`
2026024939	`generated_gifts/ft/2026024939.stk`
2026024940	`generated_gifts/fm/2026024940.stk`
2026024941	`generated_gifts/fm/2026024941.stk`
2026024942	`generated_gifts/fm/2026024942.stk`
2026024943	`generated_gifts/fm/2026024943.stk`
2026024944	`generated_gifts/fm/2026024944.stk`
2026024945	`generated_gifts/fm/2026024945.stk`
2026024946	`generated_gifts/fm/2026024946.stk`
2026024947	`generated_gifts/fm/2026024947.stk`
2026024948	`generated_gifts/fm/2026024948.stk`
2026024949	`generated_gifts/fm/2026024949.stk`
2026024950	`generated_gifts/fm/2026024950.stk`
2026024951	`generated_gifts/fm/2026024951.stk`
2026024952	`generated_gifts/fm/2026024952.stk`
2026024953	`generated_gifts/fm/2026024953.stk`
2026024954	`generated_gifts/fm/2026024954.stk`
2026024955	`generated_gifts/fm/2026024955.stk`
2026024956	`generated_gifts/fm/2026024956.stk`
2026024957	`generated_gifts/fm/2026024957.stk`
2026024958	`generated_gifts/fm/2026024958.stk`
2026024959	`generated_gifts/fm/2026024959.stk`
2026024960	`generated_gifts/fm/2026024960.stk`
2026024961	`generated_gifts/fm/2026024961.stk`
2026024962	`generated_gifts/fm/2026024962.stk`
2026024963	`generated_gifts/fm/2026024963.stk`
2026024964	`generated_gifts/fm/2026024964.stk`
2026024965	`generated_gifts/fm/2026024965.stk`
2026024966	`generated_gifts/fm/2026024966.stk`
2026024967	`generated_gifts/fm/2026024967.stk`
2026024968	`generated_gifts/fm/2026024968.stk`
2026024969	`generated_gifts/fm/2026024969.stk`
2026024970	`generated_gifts/fm/2026024970.stk`
2026024971	`generated_gifts/fm/2026024971.stk`
2026024972	`generated_gifts/fm/2026024972.stk`
2026024973	`generated_gifts/fm/2026024973.stk`
2026024974	`generated_gifts/fm/2026024974.stk`
2026024975	`generated_gifts/fm/2026024975.stk`
2026024976	`generated_gifts/fm/2026024976.stk`
2026024977	`generated_gifts/fm/2026024977.stk`
2026024978	`generated_gifts/fm/2026024978.stk`
2026024979	`generated_gifts/fm/2026024979.stk`
2026024980	`generated_gifts/fm/2026024980.stk`
2026024981	`generated_gifts/fm/2026024981.stk`
2026024982	`generated_gifts/fm/2026024982.stk`
2026024983	`generated_gifts/fm/2026024983.stk`
2026024984	`generated_gifts/fm/2026024984.stk`
2026024985	`generated_gifts/fm/2026024985.stk`
2026024986	`generated_gifts/fm/2026024986.stk`
2026024987	`generated_gifts/fm/2026024987.stk`
2026024988	`generated_gifts/fm/2026024988.stk`
2026024989	`generated_gifts/fm/2026024989.stk`
2026024990	`generated_gifts/fm/2026024990.stk`
2026024991	`generated_gifts/fm/2026024991.stk`
2026024992	`generated_gifts/fm/2026024992.stk`
2026024993	`generated_gifts/fm/2026024993.stk`
2026024994	`generated_gifts/fm/2026024994.stk`
2026024995	`generated_gifts/fm/2026024995.stk`
2026024996	`generated_gifts/fm/2026024996.stk`
2026024997	`generated_gifts/fm/2026024997.stk`
2026024998	`generated_gifts/fm/2026024998.stk`
2026024999	`generated_gifts/fm/2026024999.stk`
2026025000	`generated_gifts/fm/2026025000.stk`
2026025001	`generated_gifts/fm/2026025001.stk`
2026025002	`generated_gifts/fm/2026025002.stk`
2026025003	`generated_gifts/fm/2026025003.stk`
2026025004	`generated_gifts/fm/2026025004.stk`
2026025005	`generated_gifts/fm/2026025005.stk`
2026025006	`generated_gifts/fm/2026025006.stk`
2026025007	`generated_gifts/fm/2026025007.stk`
2026025008	`generated_gifts/fm/2026025008.stk`
2026025009	`generated_gifts/fm/2026025009.stk`
2026025010	`generated_gifts/fm/2026025010.stk`
2026025011	`generated_gifts/fm/2026025011.stk`
2026025012	`generated_gifts/fm/2026025012.stk`
2026025013	`generated_gifts/fm/2026025013.stk`
2026025014	`generated_gifts/fm/2026025014.stk`
2026025015	`generated_gifts/fm/2026025015.stk`
2026025016	`generated_gifts/fm/2026025016.stk`
2026025017	`generated_gifts/fm/2026025017.stk`
2026025018	`generated_gifts/fm/2026025018.stk`
2026025019	`generated_gifts/fm/2026025019.stk`
2026025020	`generated_gifts/fm/2026025020.stk`
2026025021	`generated_gifts/fm/2026025021.stk`
2026025022	`generated_gifts/fm/2026025022.stk`
2026025023	`generated_gifts/fm/2026025023.stk`
2026025024	`generated_gifts/fm/2026025024.stk`
2026025025	`generated_gifts/fm/2026025025.stk`
2026025026	`generated_gifts/fm/2026025026.stk`
2026025027	`generated_gifts/fm/2026025027.stk`
2026025028	`generated_gifts/fm/2026025028.stk`
2026025029	`generated_gifts/fm/2026025029.stk`
2026025030	`generated_gifts/fm/2026025030.stk`
2026025031	`generated_gifts/fm/2026025031.stk`
2026025032	`generated_gifts/fm/2026025032.stk`
2026025033	`generated_gifts/fm/2026025033.stk`
2026025034	`generated_gifts/fm/2026025034.stk`
2026025035	`generated_gifts/fm/2026025035.stk`
2026025036	`generated_gifts/fm/2026025036.stk`
2026025037	`generated_gifts/fm/2026025037.stk`
2026025038	`generated_gifts/fm/2026025038.stk`
2026025039	`generated_gifts/fm/2026025039.stk`
2026025040	`generated_gifts/fm/2026025040.stk`
2026025041	`generated_gifts/fm/2026025041.stk`
2026025042	`generated_gifts/fm/2026025042.stk`
2026025043	`generated_gifts/fm/2026025043.stk`
2026025044	`generated_gifts/fm/2026025044.stk`
2026025045	`generated_gifts/fm/2026025045.stk`
2026025046	`generated_gifts/fm/2026025046.stk`
2026025047	`generated_gifts/fm/2026025047.stk`
2026025048	`generated_gifts/fm/2026025048.stk`
2026025049	`generated_gifts/fm/2026025049.stk`
2026025050	`generated_gifts/fm/2026025050.stk`
2026025051	`generated_gifts/fm/2026025051.stk`
2026025052	`generated_gifts/fm/2026025052.stk`
2026025053	`generated_gifts/fm/2026025053.stk`
2026025054	`generated_gifts/fm/2026025054.stk`
2026025055	`generated_gifts/fm/2026025055.stk`
2026025056	`generated_gifts/fm/2026025056.stk`
2026025057	`generated_gifts/fm/2026025057.stk`
2026025058	`generated_gifts/fm/2026025058.stk`
2026025059	`generated_gifts/fm/2026025059.stk`
2026025060	`generated_gifts/fm/2026025060.stk`
2026025061	`generated_gifts/fm/2026025061.stk`
2026025062	`generated_gifts/fm/2026025062.stk`
2026025063	`generated_gifts/fm/2026025063.stk`
2026025064	`generated_gifts/fm/2026025064.stk`
2026025065	`generated_gifts/fm/2026025065.stk`
2026025066	`generated_gifts/fm/2026025066.stk`
2026025067	`generated_gifts/fm/2026025067.stk`
2026025068	`generated_gifts/fm/2026025068.stk`
2026025069	`generated_gifts/fm/2026025069.stk`
2026025070	`generated_gifts/fm/2026025070.stk`
2026025071	`generated_gifts/fm/2026025071.stk`
2026025072	`generated_gifts/fm/2026025072.stk`
2026025073	`generated_gifts/fm/2026025073.stk`
2026025074	`generated_gifts/fm/2026025074.stk`
2026025075	`generated_gifts/fm/2026025075.stk`
2026025076	`generated_gifts/fm/2026025076.stk`
2026025077	`generated_gifts/fm/2026025077.stk`
2026025078	`generated_gifts/fm/2026025078.stk`
2026025079	`generated_gifts/fm/2026025079.stk`
2026025080	`generated_gifts/fm/2026025080.stk`
2026025081	`generated_gifts/fm/2026025081.stk`
2026025082	`generated_gifts/fm/2026025082.stk`
2026025083	`generated_gifts/fm/2026025083.stk`
2026025084	`generated_gifts/fm/2026025084.stk`
2026025085	`generated_gifts/fm/2026025085.stk`
2026025086	`generated_gifts/fm/2026025086.stk`
2026025087	`generated_gifts/fm/2026025087.stk`
2026025088	`generated_gifts/fm/2026025088.stk`
2026025089	`generated_gifts/fm/2026025089.stk`
2026025090	`generated_gifts/fm/2026025090.stk`
2026025091	`generated_gifts/fm/2026025091.stk`
2026025092	`generated_gifts/fm/2026025092.stk`
2026025093	`generated_gifts/fm/2026025093.stk`
2026025094	`generated_gifts/fm/2026025094.stk`
2026025095	`generated_gifts/fm/2026025095.stk`
2026025096	`generated_gifts/fm/2026025096.stk`
2026025097	`generated_gifts/fm/2026025097.stk`
2026025098	`generated_gifts/fm/2026025098.stk`
2026025099	`generated_gifts/fm/2026025099.stk`
2026025100	`generated_gifts/fm/2026025100.stk`
2026025101	`generated_gifts/fm/2026025101.stk`
2026025102	`generated_gifts/fm/2026025102.stk`
2026025103	`generated_gifts/fm/2026025103.stk`
2026025104	`generated_gifts/fm/2026025104.stk`
2026025105	`generated_gifts/fm/2026025105.stk`
2026025106	`generated_gifts/fm/2026025106.stk`
2026025107	`generated_gifts/fm/2026025107.stk`
2026025108	`generated_gifts/fm/2026025108.stk`
2026025109	`generated_gifts/fm/2026025109.stk`
2026025110	`generated_gifts/fm/2026025110.stk`
2026025111	`generated_gifts/fm/2026025111.stk`
2026025112	`generated_gifts/fm/2026025112.stk`
2026025113	`generated_gifts/fm/2026025113.stk`
2026025114	`generated_gifts/fm/2026025114.stk`
2026025115	`generated_gifts/fm/2026025115.stk`
2026025116	`generated_gifts/fm/2026025116.stk`
2026025117	`generated_gifts/fm/2026025117.stk`
2026025118	`generated_gifts/fm/2026025118.stk`
2026025119	`generated_gifts/fm/2026025119.stk`
2026025120	`generated_gifts/fm/2026025120.stk`
2026025121	`generated_gifts/fm/2026025121.stk`
2026025122	`generated_gifts/fm/2026025122.stk`
2026025123	`generated_gifts/fm/2026025123.stk`
2026025124	`generated_gifts/fm/2026025124.stk`
2026025125	`generated_gifts/fm/2026025125.stk`
2026025126	`generated_gifts/fm/2026025126.stk`
2026025127	`generated_gifts/fm/2026025127.stk`
2026025128	`generated_gifts/fm/2026025128.stk`
2026025129	`generated_gifts/fm/2026025129.stk`
2026025130	`generated_gifts/fm/2026025130.stk`
2026025131	`generated_gifts/fm/2026025131.stk`
2026025132	`generated_gifts/fm/2026025132.stk`
2026025133	`generated_gifts/fm/2026025133.stk`
2026025134	`generated_gifts/fm/2026025134.stk`
2026025135	`generated_gifts/fm/2026025135.stk`
2026025136	`generated_gifts/fm/2026025136.stk`
2026025137	`generated_gifts/fm/2026025137.stk`
2026025138	`generated_gifts/fm/2026025138.stk`
2026025139	`generated_gifts/fm/2026025139.stk`
2026025140	`generated_gifts/fm/2026025140.stk`
2026025141	`generated_gifts/fm/2026025141.stk`
2026025142	`generated_gifts/fm/2026025142.stk`
2026025143	`generated_gifts/fm/2026025143.stk`
2026025144	`generated_gifts/fm/2026025144.stk`
2026025145	`generated_gifts/fm/2026025145.stk`
2026025146	`generated_gifts/fm/2026025146.stk`
2026025147	`generated_gifts/fm/2026025147.stk`
2026025148	`generated_gifts/fm/2026025148.stk`
2026025149	`generated_gifts/fm/2026025149.stk`
2026025150	`generated_gifts/fm/2026025150.stk`
2026025151	`generated_gifts/fm/2026025151.stk`
2026025152	`generated_gifts/fm/2026025152.stk`
2026025153	`generated_gifts/fm/2026025153.stk`
2026025154	`generated_gifts/fm/2026025154.stk`
2026025155	`generated_gifts/fm/2026025155.stk`
2026025156	`generated_gifts/fm/2026025156.stk`
2026025157	`generated_gifts/fm/2026025157.stk`
2026025158	`generated_gifts/fm/2026025158.stk`
2026025159	`generated_gifts/fm/2026025159.stk`
2026025160	`generated_gifts/fm/2026025160.stk`
2026025161	`generated_gifts/fm/2026025161.stk`
2026025162	`generated_gifts/fm/2026025162.stk`
2026025163	`generated_gifts/fm/2026025163.stk`
2026025164	`generated_gifts/fm/2026025164.stk`
2026025165	`generated_gifts/fm/2026025165.stk`
2026025166	`generated_gifts/fm/2026025166.stk`
2026025167	`generated_gifts/fm/2026025167.stk`
2026025168	`generated_gifts/fm/2026025168.stk`
2026025169	`generated_gifts/fm/2026025169.stk`
2026025170	`generated_gifts/fm/2026025170.stk`
2026025171	`generated_gifts/fm/2026025171.stk`
2026025172	`generated_gifts/fm/2026025172.stk`
2026025173	`generated_gifts/fm/2026025173.stk`
2026025174	`generated_gifts/fm/2026025174.stk`
2026025175	`generated_gifts/fm/2026025175.stk`
2026025176	`generated_gifts/fm/2026025176.stk`
2026025177	`generated_gifts/fm/2026025177.stk`
2026025178	`generated_gifts/fm/2026025178.stk`
2026025179	`generated_gifts/fm/2026025179.stk`
2026025180	`generated_gifts/fm/2026025180.stk`
2026025181	`generated_gifts/fm/2026025181.stk`
2026025182	`generated_gifts/fm/2026025182.stk`
2026025183	`generated_gifts/fm/2026025183.stk`
2026025184	`generated_gifts/fm/2026025184.stk`
2026025185	`generated_gifts/fm/2026025185.stk`
2026025186	`generated_gifts/fm/2026025186.stk`
2026025187	`generated_gifts/fm/2026025187.stk`
2026025188	`generated_gifts/fm/2026025188.stk`
2026025189	`generated_gifts/fm/2026025189.stk`
2026025190	`generated_gifts/fm/2026025190.stk`
2026025191	`generated_gifts/fm/2026025191.stk`
2026025192	`generated_gifts/fm/2026025192.stk`
2026025193	`generated_gifts/fm/2026025193.stk`
2026025194	`generated_gifts/fm/2026025194.stk`
2026025195	`generated_gifts/fm/2026025195.stk`
2026025196	`generated_gifts/fm/2026025196.stk`
2026025197	`generated_gifts/fm/2026025197.stk`
2026025198	`generated_gifts/fm/2026025198.stk`
2026025199	`generated_gifts/fm/2026025199.stk`
2026025200	`generated_gifts/fm/2026025200.stk`
2026025201	`generated_gifts/fm/2026025201.stk`
2026025202	`generated_gifts/fm/2026025202.stk`
2026025203	`generated_gifts/fm/2026025203.stk`
2026025204	`generated_gifts/fm/2026025204.stk`
2026025205	`generated_gifts/fm/2026025205.stk`
2026025206	`generated_gifts/fm/2026025206.stk`
2026025207	`generated_gifts/fm/2026025207.stk`
2026025208	`generated_gifts/fm/2026025208.stk`
2026025209	`generated_gifts/fm/2026025209.stk`
2026025210	`generated_gifts/fm/2026025210.stk`
2026025211	`generated_gifts/fm/2026025211.stk`
2026025212	`generated_gifts/fm/2026025212.stk`
2026025213	`generated_gifts/fm/2026025213.stk`
2026025214	`generated_gifts/fm/2026025214.stk`
2026025215	`generated_gifts/fm/2026025215.stk`
2026025216	`generated_gifts/fm/2026025216.stk`
2026025217	`generated_gifts/fm/2026025217.stk`
2026025218	`generated_gifts/fm/2026025218.stk`
2026025219	`generated_gifts/fm/2026025219.stk`
2026025220	`generated_gifts/fm/2026025220.stk`
2026025221	`generated_gifts/fm/2026025221.stk`
2026025222	`generated_gifts/fm/2026025222.stk`
2026025223	`generated_gifts/fm/2026025223.stk`
2026025224	`generated_gifts/fm/2026025224.stk`
2026025225	`generated_gifts/fm/2026025225.stk`
2026025226	`generated_gifts/fm/2026025226.stk`
2026025227	`generated_gifts/fm/2026025227.stk`
2026025228	`generated_gifts/fm/2026025228.stk`
2026025229	`generated_gifts/fm/2026025229.stk`
2026025230	`generated_gifts/fm/2026025230.stk`
2026025231	`generated_gifts/fm/2026025231.stk`
2026025232	`generated_gifts/fm/2026025232.stk`
2026025233	`generated_gifts/fm/2026025233.stk`
2026025234	`generated_gifts/fm/2026025234.stk`
2026025235	`generated_gifts/fm/2026025235.stk`
2026025236	`generated_gifts/fm/2026025236.stk`
2026025237	`generated_gifts/fm/2026025237.stk`
2026025238	`generated_gifts/fm/2026025238.stk`
2026025239	`generated_gifts/fm/2026025239.stk`
2026025240	`generated_gifts/fm/2026025240.stk`
2026025241	`generated_gifts/fm/2026025241.stk`
2026025242	`generated_gifts/fm/2026025242.stk`
2026025243	`generated_gifts/fm/2026025243.stk`
2026025244	`generated_gifts/fm/2026025244.stk`
2026025245	`generated_gifts/fm/2026025245.stk`
2026025246	`generated_gifts/fm/2026025246.stk`
2026025247	`generated_gifts/fm/2026025247.stk`
2026025248	`generated_gifts/fm/2026025248.stk`
2026025249	`generated_gifts/fm/2026025249.stk`
2026025250	`generated_gifts/fm/2026025250.stk`
2026025251	`generated_gifts/fm/2026025251.stk`
2026025252	`generated_gifts/fm/2026025252.stk`
2026025253	`generated_gifts/fm/2026025253.stk`
2026025254	`generated_gifts/fm/2026025254.stk`
2026025255	`generated_gifts/fm/2026025255.stk`
2026025256	`generated_gifts/fm/2026025256.stk`
2026025257	`generated_gifts/fm/2026025257.stk`
2026025258	`generated_gifts/fm/2026025258.stk`
2026025259	`generated_gifts/fm/2026025259.stk`
2026025260	`generated_gifts/fm/2026025260.stk`
2026025261	`generated_gifts/fm/2026025261.stk`
2026025262	`generated_gifts/fm/2026025262.stk`
2026025263	`generated_gifts/fm/2026025263.stk`
2026025264	`generated_gifts/fm/2026025264.stk`
2026025265	`generated_gifts/fm/2026025265.stk`
2026025266	`generated_gifts/fm/2026025266.stk`
2026025267	`generated_gifts/fm/2026025267.stk`
2026025268	`generated_gifts/fm/2026025268.stk`
2026025269	`generated_gifts/fm/2026025269.stk`
2026025270	`generated_gifts/fm/2026025270.stk`
2026025271	`generated_gifts/fm/2026025271.stk`
2026025272	`generated_gifts/fm/2026025272.stk`
2026025273	`generated_gifts/fm/2026025273.stk`
2026025274	`generated_gifts/fm/2026025274.stk`
2026025275	`generated_gifts/fm/2026025275.stk`
2026025276	`generated_gifts/fm/2026025276.stk`
2026025277	`generated_gifts/fm/2026025277.stk`
2026025278	`generated_gifts/fm/2026025278.stk`
2026025279	`generated_gifts/fm/2026025279.stk`
2026025280	`generated_gifts/fm/2026025280.stk`
2026025281	`generated_gifts/fm/2026025281.stk`
2026025282	`generated_gifts/fm/2026025282.stk`
2026025283	`generated_gifts/fm/2026025283.stk`
2026025284	`generated_gifts/fm/2026025284.stk`
2026025285	`generated_gifts/fm/2026025285.stk`
2026025286	`generated_gifts/fm/2026025286.stk`
2026025287	`generated_gifts/fm/2026025287.stk`
2026025288	`generated_gifts/fm/2026025288.stk`
2026025289	`generated_gifts/fm/2026025289.stk`
2026025290	`generated_gifts/fm/2026025290.stk`
2026025291	`generated_gifts/fm/2026025291.stk`
2026025292	`generated_gifts/fm/2026025292.stk`
2026025293	`generated_gifts/fm/2026025293.stk`
2026025294	`generated_gifts/fm/2026025294.stk`
2026025295	`generated_gifts/fm/2026025295.stk`
2026025296	`generated_gifts/fm/2026025296.stk`
2026025297	`generated_gifts/fm/2026025297.stk`
2026025298	`generated_gifts/fm/2026025298.stk`
2026025299	`generated_gifts/fm/2026025299.stk`
2026025300	`generated_gifts/fm/2026025300.stk`
2026025301	`generated_gifts/fm/2026025301.stk`
2026025302	`generated_gifts/fm/2026025302.stk`
2026025303	`generated_gifts/fm/2026025303.stk`
2026025304	`generated_gifts/fm/2026025304.stk`
2026025305	`generated_gifts/fm/2026025305.stk`
2026025306	`generated_gifts/fm/2026025306.stk`
2026025307	`generated_gifts/fm/2026025307.stk`
2026025308	`generated_gifts/fm/2026025308.stk`
2026025309	`generated_gifts/fm/2026025309.stk`
2026025310	`generated_gifts/fm/2026025310.stk`
2026025311	`generated_gifts/fm/2026025311.stk`
2026025312	`generated_gifts/fm/2026025312.stk`
2026025313	`generated_gifts/fm/2026025313.stk`
2026025314	`generated_gifts/fm/2026025314.stk`
2026025315	`generated_gifts/fm/2026025315.stk`
2026025316	`generated_gifts/fm/2026025316.stk`
2026025317	`generated_gifts/fm/2026025317.stk`
2026025318	`generated_gifts/fm/2026025318.stk`
2026025319	`generated_gifts/fm/2026025319.stk`
2026025320	`generated_gifts/fm/2026025320.stk`
2026025321	`generated_gifts/fm/2026025321.stk`
2026025322	`generated_gifts/fm/2026025322.stk`
2026025323	`generated_gifts/fm/2026025323.stk`
2026025324	`generated_gifts/fm/2026025324.stk`
2026025325	`generated_gifts/fm/2026025325.stk`
2026025326	`generated_gifts/fm/2026025326.stk`
2026025327	`generated_gifts/fm/2026025327.stk`
2026025328	`generated_gifts/fm/2026025328.stk`
2026025329	`generated_gifts/fm/2026025329.stk`
2026025330	`generated_gifts/fm/2026025330.stk`
2026025331	`generated_gifts/fm/2026025331.stk`
2026025332	`generated_gifts/fm/2026025332.stk`
2026025333	`generated_gifts/fm/2026025333.stk`
2026025334	`generated_gifts/fm/2026025334.stk`
2026025335	`generated_gifts/fm/2026025335.stk`
2026025336	`generated_gifts/fm/2026025336.stk`
2026025337	`generated_gifts/fm/2026025337.stk`
2026025338	`generated_gifts/fm/2026025338.stk`
2026025339	`generated_gifts/fm/2026025339.stk`
2026025340	`generated_gifts/fm/2026025340.stk`
2026025341	`generated_gifts/fm/2026025341.stk`
2026025342	`generated_gifts/fm/2026025342.stk`
2026025343	`generated_gifts/fm/2026025343.stk`
2026025344	`generated_gifts/fm/2026025344.stk`
2026025345	`generated_gifts/fm/2026025345.stk`
2026025346	`generated_gifts/fm/2026025346.stk`
2026025347	`generated_gifts/fm/2026025347.stk`
2026025348	`generated_gifts/fm/2026025348.stk`
2026025349	`generated_gifts/fm/2026025349.stk`
2026025350	`generated_gifts/fm/2026025350.stk`
2026025351	`generated_gifts/fm/2026025351.stk`
2026025352	`generated_gifts/fm/2026025352.stk`
2026025353	`generated_gifts/fm/2026025353.stk`
2026025354	`generated_gifts/fm/2026025354.stk`
2026025355	`generated_gifts/fm/2026025355.stk`
2026025356	`generated_gifts/fm/2026025356.stk`
2026025357	`generated_gifts/fm/2026025357.stk`
2026025358	`generated_gifts/fm/2026025358.stk`
2026025359	`generated_gifts/fm/2026025359.stk`
2026025360	`generated_gifts/fm/2026025360.stk`
2026025361	`generated_gifts/fm/2026025361.stk`
2026025362	`generated_gifts/fm/2026025362.stk`
2026025363	`generated_gifts/fm/2026025363.stk`
2026025364	`generated_gifts/fm/2026025364.stk`
2026025365	`generated_gifts/fm/2026025365.stk`
2026025366	`generated_gifts/fm/2026025366.stk`
2026025367	`generated_gifts/fm/2026025367.stk`
2026025368	`generated_gifts/fm/2026025368.stk`
2026025369	`generated_gifts/fm/2026025369.stk`
2026025370	`generated_gifts/fm/2026025370.stk`
2026025371	`generated_gifts/fm/2026025371.stk`
2026025372	`generated_gifts/fm/2026025372.stk`
2026025373	`generated_gifts/fm/2026025373.stk`
2026025374	`generated_gifts/fm/2026025374.stk`
2026025375	`generated_gifts/fm/2026025375.stk`
2026025376	`generated_gifts/fm/2026025376.stk`
2026025377	`generated_gifts/fm/2026025377.stk`
2026025378	`generated_gifts/fm/2026025378.stk`
2026025379	`generated_gifts/fm/2026025379.stk`
2026025380	`generated_gifts/fm/2026025380.stk`
2026025381	`generated_gifts/fm/2026025381.stk`
2026025382	`generated_gifts/fm/2026025382.stk`
2026025383	`generated_gifts/fm/2026025383.stk`
2026025384	`generated_gifts/fm/2026025384.stk`
2026025385	`generated_gifts/fm/2026025385.stk`
2026025386	`generated_gifts/fm/2026025386.stk`
2026025387	`generated_gifts/fm/2026025387.stk`
2026025388	`generated_gifts/fm/2026025388.stk`
2026025389	`generated_gifts/fm/2026025389.stk`
2026025390	`generated_gifts/fm/2026025390.stk`
2026025391	`generated_gifts/fm/2026025391.stk`
2026025392	`generated_gifts/fm/2026025392.stk`
2026025393	`generated_gifts/fm/2026025393.stk`
2026025394	`generated_gifts/fm/2026025394.stk`
2026025395	`generated_gifts/fm/2026025395.stk`
2026025396	`generated_gifts/fm/2026025396.stk`
2026025397	`generated_gifts/fm/2026025397.stk`
2026025398	`generated_gifts/fm/2026025398.stk`
2026025399	`generated_gifts/fm/2026025399.stk`
2026025400	`generated_gifts/fm/2026025400.stk`
2026025401	`generated_gifts/fm/2026025401.stk`
2026025402	`generated_gifts/fm/2026025402.stk`
2026025403	`generated_gifts/fm/2026025403.stk`
2026025404	`generated_gifts/fm/2026025404.stk`
2026025405	`generated_gifts/fm/2026025405.stk`
2026025406	`generated_gifts/fm/2026025406.stk`
2026025407	`generated_gifts/fm/2026025407.stk`
2026025408	`generated_gifts/fm/2026025408.stk`
2026025409	`generated_gifts/fm/2026025409.stk`
2026025410	`generated_gifts/fm/2026025410.stk`
2026025411	`generated_gifts/fm/2026025411.stk`
2026025412	`generated_gifts/fm/2026025412.stk`
2026025413	`generated_gifts/fm/2026025413.stk`
2026025414	`generated_gifts/fm/2026025414.stk`
2026025415	`generated_gifts/fm/2026025415.stk`
2026025416	`generated_gifts/fm/2026025416.stk`
2026025417	`generated_gifts/fm/2026025417.stk`
2026025418	`generated_gifts/fm/2026025418.stk`
2026025419	`generated_gifts/fm/2026025419.stk`
2026025420	`generated_gifts/fm/2026025420.stk`
2026025421	`generated_gifts/fm/2026025421.stk`
2026025422	`generated_gifts/fm/2026025422.stk`
2026025423	`generated_gifts/fm/2026025423.stk`
2026025424	`generated_gifts/fm/2026025424.stk`
2026025425	`generated_gifts/fm/2026025425.stk`
2026025426	`generated_gifts/fm/2026025426.stk`
2026025427	`generated_gifts/fm/2026025427.stk`
2026025428	`generated_gifts/fm/2026025428.stk`
2026025429	`generated_gifts/fm/2026025429.stk`
2026025430	`generated_gifts/fm/2026025430.stk`
2026025431	`generated_gifts/fm/2026025431.stk`
2026025432	`generated_gifts/fm/2026025432.stk`
2026025433	`generated_gifts/fm/2026025433.stk`
2026025434	`generated_gifts/fm/2026025434.stk`
2026025435	`generated_gifts/fm/2026025435.stk`
2026025436	`generated_gifts/fm/2026025436.stk`
2026025437	`generated_gifts/fm/2026025437.stk`
2026025438	`generated_gifts/fm/2026025438.stk`
2026025439	`generated_gifts/fm/2026025439.stk`
2026025440	`generated_gifts/fm/2026025440.stk`
2026025441	`generated_gifts/fm/2026025441.stk`
2026025442	`generated_gifts/fm/2026025442.stk`
2026025443	`generated_gifts/fm/2026025443.stk`
2026025444	`generated_gifts/fm/2026025444.stk`
2026025445	`generated_gifts/fm/2026025445.stk`
2026025446	`generated_gifts/fm/2026025446.stk`
2026025447	`generated_gifts/fm/2026025447.stk`
2026025448	`generated_gifts/fm/2026025448.stk`
2026025449	`generated_gifts/fm/2026025449.stk`
2026025450	`generated_gifts/fm/2026025450.stk`
2026025451	`generated_gifts/fm/2026025451.stk`
2026025452	`generated_gifts/fm/2026025452.stk`
2026025453	`generated_gifts/fm/2026025453.stk`
2026025454	`generated_gifts/fm/2026025454.stk`
2026025455	`generated_gifts/fm/2026025455.stk`
2026025456	`generated_gifts/fm/2026025456.stk`
2026025457	`generated_gifts/fm/2026025457.stk`
2026025458	`generated_gifts/fm/2026025458.stk`
2026025459	`generated_gifts/fm/2026025459.stk`
2026025460	`generated_gifts/fm/2026025460.stk`
2026025461	`generated_gifts/fm/2026025461.stk`
2026025462	`generated_gifts/fm/2026025462.stk`
2026025463	`generated_gifts/fm/2026025463.stk`
2026025464	`generated_gifts/fm/2026025464.stk`
2026025465	`generated_gifts/fm/2026025465.stk`
2026025466	`generated_gifts/fm/2026025466.stk`
2026025467	`generated_gifts/fm/2026025467.stk`
2026025468	`generated_gifts/fm/2026025468.stk`
2026025469	`generated_gifts/fm/2026025469.stk`
2026025470	`generated_gifts/fm/2026025470.stk`
2026025471	`generated_gifts/fm/2026025471.stk`
2026025472	`generated_gifts/fm/2026025472.stk`
2026025473	`generated_gifts/fm/2026025473.stk`
2026025474	`generated_gifts/fm/2026025474.stk`
2026025475	`generated_gifts/fm/2026025475.stk`
2026025476	`generated_gifts/fm/2026025476.stk`
2026025477	`generated_gifts/fm/2026025477.stk`
2026025478	`generated_gifts/fm/2026025478.stk`
2026025479	`generated_gifts/fm/2026025479.stk`
2026025480	`generated_gifts/fm/2026025480.stk`
2026025481	`generated_gifts/fm/2026025481.stk`
2026025482	`generated_gifts/fm/2026025482.stk`
2026025483	`generated_gifts/fm/2026025483.stk`
2026025484	`generated_gifts/fm/2026025484.stk`
2026025485	`generated_gifts/fm/2026025485.stk`
2026025486	`generated_gifts/fm/2026025486.stk`
2026025487	`generated_gifts/fm/2026025487.stk`
2026025488	`generated_gifts/fm/2026025488.stk`
2026025489	`generated_gifts/fm/2026025489.stk`
2026025490	`generated_gifts/fm/2026025490.stk`
2026025491	`generated_gifts/fm/2026025491.stk`
2026025492	`generated_gifts/fm/2026025492.stk`
2026025493	`generated_gifts/fm/2026025493.stk`
2026025494	`generated_gifts/fm/2026025494.stk`
2026025495	`generated_gifts/fm/2026025495.stk`
2026025496	`generated_gifts/fm/2026025496.stk`
2026025497	`generated_gifts/fm/2026025497.stk`
2026025498	`generated_gifts/fm/2026025498.stk`
2026025499	`generated_gifts/fm/2026025499.stk`
2026025500	`generated_gifts/fm/2026025500.stk`
2026025501	`generated_gifts/fm/2026025501.stk`
2026025502	`generated_gifts/fm/2026025502.stk`
2026025503	`generated_gifts/fm/2026025503.stk`
2026025504	`generated_gifts/fm/2026025504.stk`
2026025505	`generated_gifts/fm/2026025505.stk`
2026025506	`generated_gifts/fm/2026025506.stk`
2026025507	`generated_gifts/fm/2026025507.stk`
2026025508	`generated_gifts/fm/2026025508.stk`
2026025509	`generated_gifts/fm/2026025509.stk`
2026025510	`generated_gifts/fm/2026025510.stk`
2026025511	`generated_gifts/fm/2026025511.stk`
2026025512	`generated_gifts/fm/2026025512.stk`
2026025513	`generated_gifts/fm/2026025513.stk`
2026025514	`generated_gifts/fm/2026025514.stk`
2026025515	`generated_gifts/fm/2026025515.stk`
2026025516	`generated_gifts/fm/2026025516.stk`
2026025517	`generated_gifts/fm/2026025517.stk`
2026025518	`generated_gifts/fm/2026025518.stk`
2026025519	`generated_gifts/fm/2026025519.stk`
2026025520	`generated_gifts/fm/2026025520.stk`
2026025521	`generated_gifts/fm/2026025521.stk`
2026025522	`generated_gifts/fm/2026025522.stk`
2026025523	`generated_gifts/fm/2026025523.stk`
2026025524	`generated_gifts/fm/2026025524.stk`
2026025525	`generated_gifts/fm/2026025525.stk`
2026025526	`generated_gifts/fm/2026025526.stk`
2026025527	`generated_gifts/fm/2026025527.stk`
2026025528	`generated_gifts/fm/2026025528.stk`
2026025529	`generated_gifts/fm/2026025529.stk`
2026025530	`generated_gifts/fm/2026025530.stk`
2026025531	`generated_gifts/fm/2026025531.stk`
2026025532	`generated_gifts/fm/2026025532.stk`
2026025533	`generated_gifts/fm/2026025533.stk`
2026025534	`generated_gifts/fm/2026025534.stk`
2026025535	`generated_gifts/fm/2026025535.stk`
2026025536	`generated_gifts/fm/2026025536.stk`
2026025537	`generated_gifts/fm/2026025537.stk`
2026025538	`generated_gifts/fm/2026025538.stk`
2026025539	`generated_gifts/fm/2026025539.stk`
2026025540	`generated_gifts/fm/2026025540.stk`
2026025541	`generated_gifts/fm/2026025541.stk`
2026025542	`generated_gifts/fm/2026025542.stk`
2026025543	`generated_gifts/fm/2026025543.stk`
2026025544	`generated_gifts/fm/2026025544.stk`
2026025545	`generated_gifts/fm/2026025545.stk`
2026025546	`generated_gifts/fm/2026025546.stk`
2026025547	`generated_gifts/fm/2026025547.stk`
2026025548	`generated_gifts/fm/2026025548.stk`
2026025549	`generated_gifts/fm/2026025549.stk`
2026025550	`generated_gifts/fm/2026025550.stk`
2026025551	`generated_gifts/fm/2026025551.stk`
2026025552	`generated_gifts/fm/2026025552.stk`
2026025553	`generated_gifts/fm/2026025553.stk`
2026025554	`generated_gifts/fm/2026025554.stk`
2026025555	`generated_gifts/fm/2026025555.stk`
2026025556	`generated_gifts/fm/2026025556.stk`
2026025557	`generated_gifts/fm/2026025557.stk`
2026025558	`generated_gifts/fm/2026025558.stk`
2026025559	`generated_gifts/fm/2026025559.stk`
2026025560	`generated_gifts/fm/2026025560.stk`
2026025561	`generated_gifts/fm/2026025561.stk`
2026025562	`generated_gifts/fm/2026025562.stk`
2026025563	`generated_gifts/fm/2026025563.stk`
2026025564	`generated_gifts/fm/2026025564.stk`
2026025565	`generated_gifts/fm/2026025565.stk`
2026025566	`generated_gifts/fm/2026025566.stk`
2026025567	`generated_gifts/fm/2026025567.stk`
2026025568	`generated_gifts/fm/2026025568.stk`
2026025569	`generated_gifts/fm/2026025569.stk`
2026025570	`generated_gifts/fm/2026025570.stk`
2026025571	`generated_gifts/fm/2026025571.stk`
2026025572	`generated_gifts/fm/2026025572.stk`
2026025573	`generated_gifts/fm/2026025573.stk`
2026025574	`generated_gifts/fm/2026025574.stk`
2026025575	`generated_gifts/fm/2026025575.stk`
2026025576	`generated_gifts/fm/2026025576.stk`
2026025577	`generated_gifts/fm/2026025577.stk`
2026025578	`generated_gifts/fm/2026025578.stk`
2026025579	`generated_gifts/fm/2026025579.stk`
2026025580	`generated_gifts/fm/2026025580.stk`
2026025581	`generated_gifts/fm/2026025581.stk`
2026025582	`generated_gifts/fm/2026025582.stk`
2026025583	`generated_gifts/fm/2026025583.stk`
2026025584	`generated_gifts/fm/2026025584.stk`
2026025585	`generated_gifts/fm/2026025585.stk`
2026025586	`generated_gifts/fm/2026025586.stk`
2026025587	`generated_gifts/fm/2026025587.stk`
2026025588	`generated_gifts/fm/2026025588.stk`
2026025589	`generated_gifts/fm/2026025589.stk`
2026025590	`generated_gifts/fm/2026025590.stk`
2026025591	`generated_gifts/fm/2026025591.stk`
2026025592	`generated_gifts/fm/2026025592.stk`
2026025593	`generated_gifts/fm/2026025593.stk`
2026025594	`generated_gifts/fm/2026025594.stk`
2026025595	`generated_gifts/fm/2026025595.stk`
2026025596	`generated_gifts/fm/2026025596.stk`
2026025597	`generated_gifts/fm/2026025597.stk`
2026025598	`generated_gifts/fm/2026025598.stk`
2026025599	`generated_gifts/fm/2026025599.stk`
2026025600	`generated_gifts/fm/2026025600.stk`
2026025601	`generated_gifts/fm/2026025601.stk`
2026025602	`generated_gifts/fm/2026025602.stk`
2026025603	`generated_gifts/fm/2026025603.stk`
2026025604	`generated_gifts/fm/2026025604.stk`
2026025605	`generated_gifts/fm/2026025605.stk`
2026025606	`generated_gifts/fm/2026025606.stk`
2026025607	`generated_gifts/fm/2026025607.stk`
2026025608	`generated_gifts/fm/2026025608.stk`
2026025609	`generated_gifts/fm/2026025609.stk`
2026025610	`generated_gifts/fm/2026025610.stk`
2026025611	`generated_gifts/fm/2026025611.stk`
2026025612	`generated_gifts/fm/2026025612.stk`
2026025613	`generated_gifts/fm/2026025613.stk`
2026025614	`generated_gifts/fm/2026025614.stk`
2026025615	`generated_gifts/fm/2026025615.stk`
2026025616	`generated_gifts/fm/2026025616.stk`
2026025617	`generated_gifts/fm/2026025617.stk`
2026025618	`generated_gifts/fm/2026025618.stk`
2026025619	`generated_gifts/fm/2026025619.stk`
2026025620	`generated_gifts/fm/2026025620.stk`
2026025621	`generated_gifts/fm/2026025621.stk`
2026025622	`generated_gifts/fm/2026025622.stk`
2026025623	`generated_gifts/fm/2026025623.stk`
2026025624	`generated_gifts/fm/2026025624.stk`
2026025625	`generated_gifts/fm/2026025625.stk`
2026025626	`generated_gifts/fm/2026025626.stk`
2026025627	`generated_gifts/fm/2026025627.stk`
2026025628	`generated_gifts/fm/2026025628.stk`
2026025629	`generated_gifts/fm/2026025629.stk`
2026025630	`generated_gifts/fm/2026025630.stk`
2026025631	`generated_gifts/fm/2026025631.stk`
2026025632	`generated_gifts/fm/2026025632.stk`
2026025633	`generated_gifts/fm/2026025633.stk`
2026025634	`generated_gifts/fm/2026025634.stk`
2026025635	`generated_gifts/fm/2026025635.stk`
2026025636	`generated_gifts/fm/2026025636.stk`
2026025637	`generated_gifts/fm/2026025637.stk`
2026025638	`generated_gifts/fm/2026025638.stk`
2026025639	`generated_gifts/fm/2026025639.stk`
2026025640	`generated_gifts/fm/2026025640.stk`
2026025641	`generated_gifts/fm/2026025641.stk`
2026025642	`generated_gifts/fm/2026025642.stk`
2026025643	`generated_gifts/fm/2026025643.stk`
2026025644	`generated_gifts/fm/2026025644.stk`
2026025645	`generated_gifts/fm/2026025645.stk`
2026025646	`generated_gifts/fm/2026025646.stk`
2026025647	`generated_gifts/fm/2026025647.stk`
2026025648	`generated_gifts/fm/2026025648.stk`
2026025649	`generated_gifts/fm/2026025649.stk`
2026025650	`generated_gifts/fm/2026025650.stk`
2026025651	`generated_gifts/fm/2026025651.stk`
2026025652	`generated_gifts/gn/2026025652.stk`
2026025653	`generated_gifts/gn/2026025653.stk`
2026025654	`generated_gifts/gn/2026025654.stk`
2026025655	`generated_gifts/gn/2026025655.stk`
2026025656	`generated_gifts/gn/2026025656.stk`
2026025657	`generated_gifts/gn/2026025657.stk`
2026025658	`generated_gifts/gn/2026025658.stk`
2026025659	`generated_gifts/gn/2026025659.stk`
2026025660	`generated_gifts/gn/2026025660.stk`
2026025661	`generated_gifts/gn/2026025661.stk`
2026025662	`generated_gifts/gn/2026025662.stk`
2026025663	`generated_gifts/gn/2026025663.stk`
2026025664	`generated_gifts/gn/2026025664.stk`
2026025665	`generated_gifts/gn/2026025665.stk`
2026025666	`generated_gifts/gn/2026025666.stk`
2026025667	`generated_gifts/gn/2026025667.stk`
2026025668	`generated_gifts/gn/2026025668.stk`
2026025669	`generated_gifts/gn/2026025669.stk`
2026025670	`generated_gifts/gn/2026025670.stk`
2026025671	`generated_gifts/gn/2026025671.stk`
2026025672	`generated_gifts/gn/2026025672.stk`
2026025673	`generated_gifts/gn/2026025673.stk`
2026025674	`generated_gifts/gn/2026025674.stk`
2026025675	`generated_gifts/gn/2026025675.stk`
2026025676	`generated_gifts/gn/2026025676.stk`
2026025677	`generated_gifts/gn/2026025677.stk`
2026025678	`generated_gifts/gn/2026025678.stk`
2026025679	`generated_gifts/gn/2026025679.stk`
2026025680	`generated_gifts/gn/2026025680.stk`
2026025681	`generated_gifts/gn/2026025681.stk`
2026025682	`generated_gifts/gn/2026025682.stk`
2026025683	`generated_gifts/gn/2026025683.stk`
2026025684	`generated_gifts/gn/2026025684.stk`
2026025685	`generated_gifts/gn/2026025685.stk`
2026025686	`generated_gifts/gn/2026025686.stk`
2026025687	`generated_gifts/gn/2026025687.stk`
2026025688	`generated_gifts/gn/2026025688.stk`
2026025689	`generated_gifts/gn/2026025689.stk`
2026025690	`generated_gifts/gn/2026025690.stk`
2026025691	`generated_gifts/gn/2026025691.stk`
2026025692	`generated_gifts/gn/2026025692.stk`
2026025693	`generated_gifts/gn/2026025693.stk`
2026025694	`generated_gifts/gn/2026025694.stk`
2026025695	`generated_gifts/gn/2026025695.stk`
2026025696	`generated_gifts/gn/2026025696.stk`
2026025697	`generated_gifts/gn/2026025697.stk`
2026025698	`generated_gifts/gn/2026025698.stk`
2026025699	`generated_gifts/gn/2026025699.stk`
2026025700	`generated_gifts/gn/2026025700.stk`
2026025701	`generated_gifts/gn/2026025701.stk`
2026025702	`generated_gifts/gn/2026025702.stk`
2026025703	`generated_gifts/gn/2026025703.stk`
2026025704	`generated_gifts/gn/2026025704.stk`
2026025705	`generated_gifts/gn/2026025705.stk`
2026025706	`generated_gifts/gn/2026025706.stk`
2026025707	`generated_gifts/gn/2026025707.stk`
2026025708	`generated_gifts/gn/2026025708.stk`
2026025709	`generated_gifts/gn/2026025709.stk`
2026025710	`generated_gifts/gn/2026025710.stk`
2026025711	`generated_gifts/gn/2026025711.stk`
2026025712	`generated_gifts/gn/2026025712.stk`
2026025713	`generated_gifts/gn/2026025713.stk`
2026025714	`generated_gifts/gn/2026025714.stk`
2026025715	`generated_gifts/gn/2026025715.stk`
2026025716	`generated_gifts/gn/2026025716.stk`
2026025717	`generated_gifts/gn/2026025717.stk`
2026025718	`generated_gifts/gn/2026025718.stk`
2026025719	`generated_gifts/gn/2026025719.stk`
2026025720	`generated_gifts/gn/2026025720.stk`
2026025721	`generated_gifts/gn/2026025721.stk`
2026025722	`generated_gifts/gn/2026025722.stk`
2026025723	`generated_gifts/gn/2026025723.stk`
2026025724	`generated_gifts/gn/2026025724.stk`
2026025725	`generated_gifts/gn/2026025725.stk`
2026025726	`generated_gifts/gn/2026025726.stk`
2026025727	`generated_gifts/gn/2026025727.stk`
2026025728	`generated_gifts/gn/2026025728.stk`
2026025729	`generated_gifts/gn/2026025729.stk`
2026025730	`generated_gifts/gn/2026025730.stk`
2026025731	`generated_gifts/gn/2026025731.stk`
2026025732	`generated_gifts/gn/2026025732.stk`
2026025733	`generated_gifts/gn/2026025733.stk`
2026025734	`generated_gifts/gn/2026025734.stk`
2026025735	`generated_gifts/gn/2026025735.stk`
2026025736	`generated_gifts/gn/2026025736.stk`
2026025737	`generated_gifts/gn/2026025737.stk`
2026025738	`generated_gifts/gn/2026025738.stk`
2026025739	`generated_gifts/gn/2026025739.stk`
2026025740	`generated_gifts/gn/2026025740.stk`
2026025741	`generated_gifts/gn/2026025741.stk`
2026025742	`generated_gifts/gn/2026025742.stk`
2026025743	`generated_gifts/gn/2026025743.stk`
2026025744	`generated_gifts/gn/2026025744.stk`
2026025745	`generated_gifts/gn/2026025745.stk`
2026025746	`generated_gifts/gn/2026025746.stk`
2026025747	`generated_gifts/gn/2026025747.stk`
2026025748	`generated_gifts/gn/2026025748.stk`
2026025749	`generated_gifts/gn/2026025749.stk`
2026025750	`generated_gifts/gn/2026025750.stk`
2026025751	`generated_gifts/gn/2026025751.stk`
2026025752	`generated_gifts/gn/2026025752.stk`
2026025753	`generated_gifts/gn/2026025753.stk`
2026025754	`generated_gifts/gn/2026025754.stk`
2026025755	`generated_gifts/gn/2026025755.stk`
2026025756	`generated_gifts/gn/2026025756.stk`
2026025757	`generated_gifts/gn/2026025757.stk`
2026025758	`generated_gifts/gn/2026025758.stk`
2026025759	`generated_gifts/gn/2026025759.stk`
2026025760	`generated_gifts/gn/2026025760.stk`
2026025761	`generated_gifts/gn/2026025761.stk`
2026025762	`generated_gifts/gn/2026025762.stk`
2026025763	`generated_gifts/gn/2026025763.stk`
2026025764	`generated_gifts/gn/2026025764.stk`
2026025765	`generated_gifts/gn/2026025765.stk`
2026025766	`generated_gifts/gn/2026025766.stk`
2026025767	`generated_gifts/gn/2026025767.stk`
2026025768	`generated_gifts/gn/2026025768.stk`
2026025769	`generated_gifts/gn/2026025769.stk`
2026025770	`generated_gifts/gn/2026025770.stk`
2026025771	`generated_gifts/gn/2026025771.stk`
2026025772	`generated_gifts/gn/2026025772.stk`
2026025773	`generated_gifts/gn/2026025773.stk`
2026025774	`generated_gifts/gn/2026025774.stk`
2026025775	`generated_gifts/gn/2026025775.stk`
2026025776	`generated_gifts/gn/2026025776.stk`
2026025777	`generated_gifts/gn/2026025777.stk`
2026025778	`generated_gifts/gn/2026025778.stk`
2026025779	`generated_gifts/gn/2026025779.stk`
2026025780	`generated_gifts/gn/2026025780.stk`
2026025781	`generated_gifts/gn/2026025781.stk`
2026025782	`generated_gifts/gn/2026025782.stk`
2026025783	`generated_gifts/gn/2026025783.stk`
2026025784	`generated_gifts/gn/2026025784.stk`
2026025785	`generated_gifts/gn/2026025785.stk`
2026025786	`generated_gifts/gn/2026025786.stk`
2026025787	`generated_gifts/gn/2026025787.stk`
2026025788	`generated_gifts/gn/2026025788.stk`
2026025789	`generated_gifts/gn/2026025789.stk`
2026025790	`generated_gifts/gn/2026025790.stk`
2026025791	`generated_gifts/gn/2026025791.stk`
2026025792	`generated_gifts/gn/2026025792.stk`
2026025793	`generated_gifts/gn/2026025793.stk`
2026025794	`generated_gifts/gn/2026025794.stk`
2026025795	`generated_gifts/gn/2026025795.stk`
2026025796	`generated_gifts/gn/2026025796.stk`
2026025797	`generated_gifts/gn/2026025797.stk`
2026025798	`generated_gifts/gn/2026025798.stk`
2026025799	`generated_gifts/gn/2026025799.stk`
2026025800	`generated_gifts/gn/2026025800.stk`
2026025801	`generated_gifts/gn/2026025801.stk`
2026025802	`generated_gifts/gn/2026025802.stk`
2026025803	`generated_gifts/gn/2026025803.stk`
2026025804	`generated_gifts/gn/2026025804.stk`
2026025805	`generated_gifts/gn/2026025805.stk`
2026025806	`generated_gifts/gn/2026025806.stk`
2026025807	`generated_gifts/gn/2026025807.stk`
2026025808	`generated_gifts/gn/2026025808.stk`
2026025809	`generated_gifts/gn/2026025809.stk`
2026025810	`generated_gifts/gn/2026025810.stk`
2026025811	`generated_gifts/gn/2026025811.stk`
2026025812	`generated_gifts/gn/2026025812.stk`
2026025813	`generated_gifts/gn/2026025813.stk`
2026025814	`generated_gifts/gn/2026025814.stk`
2026025815	`generated_gifts/gn/2026025815.stk`
2026025816	`generated_gifts/gn/2026025816.stk`
2026025817	`generated_gifts/gn/2026025817.stk`
2026025818	`generated_gifts/gn/2026025818.stk`
2026025819	`generated_gifts/gn/2026025819.stk`
2026025820	`generated_gifts/gn/2026025820.stk`
2026025821	`generated_gifts/gn/2026025821.stk`
2026025822	`generated_gifts/gn/2026025822.stk`
2026025823	`generated_gifts/gn/2026025823.stk`
2026025824	`generated_gifts/gn/2026025824.stk`
2026025825	`generated_gifts/gn/2026025825.stk`
2026025826	`generated_gifts/gn/2026025826.stk`
2026025827	`generated_gifts/gn/2026025827.stk`
2026025828	`generated_gifts/gn/2026025828.stk`
2026025829	`generated_gifts/gn/2026025829.stk`
2026025830	`generated_gifts/gn/2026025830.stk`
2026025831	`generated_gifts/gn/2026025831.stk`
2026025832	`generated_gifts/gn/2026025832.stk`
2026025833	`generated_gifts/gn/2026025833.stk`
2026025834	`generated_gifts/gn/2026025834.stk`
2026025835	`generated_gifts/gn/2026025835.stk`
2026025836	`generated_gifts/gn/2026025836.stk`
2026025837	`generated_gifts/gn/2026025837.stk`
2026025838	`generated_gifts/gn/2026025838.stk`
2026025839	`generated_gifts/gn/2026025839.stk`
2026025840	`generated_gifts/gn/2026025840.stk`
2026025841	`generated_gifts/gn/2026025841.stk`
2026025842	`generated_gifts/gn/2026025842.stk`
2026025843	`generated_gifts/gn/2026025843.stk`
2026025844	`generated_gifts/gn/2026025844.stk`
2026025845	`generated_gifts/gn/2026025845.stk`
2026025846	`generated_gifts/gn/2026025846.stk`
2026025847	`generated_gifts/gn/2026025847.stk`
2026025848	`generated_gifts/gn/2026025848.stk`
2026025849	`generated_gifts/gn/2026025849.stk`
2026025850	`generated_gifts/gn/2026025850.stk`
2026025851	`generated_gifts/gn/2026025851.stk`
2026025852	`generated_gifts/gn/2026025852.stk`
2026025853	`generated_gifts/gn/2026025853.stk`
2026025854	`generated_gifts/gn/2026025854.stk`
2026025855	`generated_gifts/gn/2026025855.stk`
2026025856	`generated_gifts/gn/2026025856.stk`
2026025857	`generated_gifts/gn/2026025857.stk`
2026025858	`generated_gifts/gn/2026025858.stk`
2026025859	`generated_gifts/gn/2026025859.stk`
2026025860	`generated_gifts/gn/2026025860.stk`
2026025861	`generated_gifts/gn/2026025861.stk`
2026025862	`generated_gifts/gn/2026025862.stk`
2026025863	`generated_gifts/gn/2026025863.stk`
2026025864	`generated_gifts/gn/2026025864.stk`
2026025865	`generated_gifts/gn/2026025865.stk`
2026025866	`generated_gifts/gn/2026025866.stk`
2026025867	`generated_gifts/gn/2026025867.stk`
2026025868	`generated_gifts/gn/2026025868.stk`
2026025869	`generated_gifts/gn/2026025869.stk`
2026025870	`generated_gifts/gn/2026025870.stk`
2026025871	`generated_gifts/gn/2026025871.stk`
2026025872	`generated_gifts/gn/2026025872.stk`
2026025873	`generated_gifts/gn/2026025873.stk`
2026025874	`generated_gifts/gn/2026025874.stk`
2026025875	`generated_gifts/gn/2026025875.stk`
2026025876	`generated_gifts/gn/2026025876.stk`
2026025877	`generated_gifts/gn/2026025877.stk`
2026025878	`generated_gifts/gn/2026025878.stk`
2026025879	`generated_gifts/gn/2026025879.stk`
2026025880	`generated_gifts/gn/2026025880.stk`
2026025881	`generated_gifts/gn/2026025881.stk`
2026025882	`generated_gifts/gn/2026025882.stk`
2026025883	`generated_gifts/gn/2026025883.stk`
2026025884	`generated_gifts/gn/2026025884.stk`
2026025885	`generated_gifts/gn/2026025885.stk`
2026025886	`generated_gifts/gn/2026025886.stk`
2026025887	`generated_gifts/gn/2026025887.stk`
2026025888	`generated_gifts/gn/2026025888.stk`
2026025889	`generated_gifts/gn/2026025889.stk`
2026025890	`generated_gifts/gn/2026025890.stk`
2026025891	`generated_gifts/gn/2026025891.stk`
2026025892	`generated_gifts/gn/2026025892.stk`
2026025893	`generated_gifts/gn/2026025893.stk`
2026025894	`generated_gifts/gn/2026025894.stk`
2026025895	`generated_gifts/gn/2026025895.stk`
2026025896	`generated_gifts/gn/2026025896.stk`
2026025897	`generated_gifts/gn/2026025897.stk`
2026025898	`generated_gifts/gn/2026025898.stk`
2026025899	`generated_gifts/gn/2026025899.stk`
2026025900	`generated_gifts/gn/2026025900.stk`
2026025901	`generated_gifts/gn/2026025901.stk`
2026025902	`generated_gifts/gn/2026025902.stk`
2026025903	`generated_gifts/gn/2026025903.stk`
2026025904	`generated_gifts/gn/2026025904.stk`
2026025905	`generated_gifts/gn/2026025905.stk`
2026025906	`generated_gifts/gn/2026025906.stk`
2026025907	`generated_gifts/gn/2026025907.stk`
2026025908	`generated_gifts/gn/2026025908.stk`
2026025909	`generated_gifts/gn/2026025909.stk`
2026025910	`generated_gifts/gn/2026025910.stk`
2026025911	`generated_gifts/gn/2026025911.stk`
2026025912	`generated_gifts/gn/2026025912.stk`
2026025913	`generated_gifts/gn/2026025913.stk`
2026025914	`generated_gifts/gn/2026025914.stk`
2026025915	`generated_gifts/gn/2026025915.stk`
2026025916	`generated_gifts/gn/2026025916.stk`
2026025917	`generated_gifts/gn/2026025917.stk`
2026025918	`generated_gifts/gn/2026025918.stk`
2026025919	`generated_gifts/gn/2026025919.stk`
2026025920	`generated_gifts/gn/2026025920.stk`
2026025921	`generated_gifts/gn/2026025921.stk`
2026025922	`generated_gifts/gn/2026025922.stk`
2026025923	`generated_gifts/gn/2026025923.stk`
2026025924	`generated_gifts/gn/2026025924.stk`
2026025925	`generated_gifts/gn/2026025925.stk`
2026025926	`generated_gifts/gn/2026025926.stk`
2026025927	`generated_gifts/gn/2026025927.stk`
2026025928	`generated_gifts/gn/2026025928.stk`
2026025929	`generated_gifts/gn/2026025929.stk`
2026025930	`generated_gifts/gn/2026025930.stk`
2026025931	`generated_gifts/gn/2026025931.stk`
2026025932	`generated_gifts/gn/2026025932.stk`
2026025933	`generated_gifts/gn/2026025933.stk`
2026025934	`generated_gifts/gn/2026025934.stk`
2026025935	`generated_gifts/gn/2026025935.stk`
2026025936	`generated_gifts/gn/2026025936.stk`
2026025937	`generated_gifts/gn/2026025937.stk`
2026025938	`generated_gifts/gn/2026025938.stk`
2026025939	`generated_gifts/gn/2026025939.stk`
2026025940	`generated_gifts/gn/2026025940.stk`
2026025941	`generated_gifts/gn/2026025941.stk`
2026025942	`generated_gifts/gn/2026025942.stk`
2026025943	`generated_gifts/gn/2026025943.stk`
2026025944	`generated_gifts/gn/2026025944.stk`
2026025945	`generated_gifts/gn/2026025945.stk`
2026025946	`generated_gifts/gn/2026025946.stk`
2026025947	`generated_gifts/gn/2026025947.stk`
2026025948	`generated_gifts/gn/2026025948.stk`
2026025949	`generated_gifts/gn/2026025949.stk`
2026025950	`generated_gifts/gn/2026025950.stk`
2026025951	`generated_gifts/gn/2026025951.stk`
2026025952	`generated_gifts/gn/2026025952.stk`
2026025953	`generated_gifts/gn/2026025953.stk`
2026025954	`generated_gifts/gn/2026025954.stk`
2026025955	`generated_gifts/gn/2026025955.stk`
2026025956	`generated_gifts/gn/2026025956.stk`
2026025957	`generated_gifts/gn/2026025957.stk`
2026025958	`generated_gifts/gn/2026025958.stk`
2026025959	`generated_gifts/gn/2026025959.stk`
2026025960	`generated_gifts/gn/2026025960.stk`
2026025961	`generated_gifts/gn/2026025961.stk`
2026025962	`generated_gifts/gn/2026025962.stk`
2026025963	`generated_gifts/gn/2026025963.stk`
2026025964	`generated_gifts/gn/2026025964.stk`
2026025965	`generated_gifts/gn/2026025965.stk`
2026025966	`generated_gifts/gn/2026025966.stk`
2026025967	`generated_gifts/gn/2026025967.stk`
2026025968	`generated_gifts/gn/2026025968.stk`
2026025969	`generated_gifts/gn/2026025969.stk`
2026025970	`generated_gifts/gn/2026025970.stk`
2026025971	`generated_gifts/gn/2026025971.stk`
2026025972	`generated_gifts/gn/2026025972.stk`
2026025973	`generated_gifts/gn/2026025973.stk`
2026025974	`generated_gifts/gn/2026025974.stk`
2026025975	`generated_gifts/gn/2026025975.stk`
2026025976	`generated_gifts/gn/2026025976.stk`
2026025977	`generated_gifts/gn/2026025977.stk`
2026025978	`generated_gifts/gn/2026025978.stk`
2026025979	`generated_gifts/gn/2026025979.stk`
2026025980	`generated_gifts/gn/2026025980.stk`
2026025981	`generated_gifts/gn/2026025981.stk`
2026025982	`generated_gifts/gn/2026025982.stk`
2026025983	`generated_gifts/gn/2026025983.stk`
2026025984	`generated_gifts/gn/2026025984.stk`
2026025985	`generated_gifts/gn/2026025985.stk`
2026025986	`generated_gifts/gn/2026025986.stk`
2026025987	`generated_gifts/gn/2026025987.stk`
2026025988	`generated_gifts/gn/2026025988.stk`
2026025989	`generated_gifts/gn/2026025989.stk`
2026025990	`generated_gifts/gn/2026025990.stk`
2026025991	`generated_gifts/gn/2026025991.stk`
2026025992	`generated_gifts/gn/2026025992.stk`
2026025993	`generated_gifts/gn/2026025993.stk`
2026025994	`generated_gifts/gn/2026025994.stk`
2026025995	`generated_gifts/gn/2026025995.stk`
2026025996	`generated_gifts/gn/2026025996.stk`
2026025997	`generated_gifts/gn/2026025997.stk`
2026025998	`generated_gifts/gn/2026025998.stk`
2026025999	`generated_gifts/gn/2026025999.stk`
2026026000	`generated_gifts/gn/2026026000.stk`
2026026001	`generated_gifts/gn/2026026001.stk`
2026026002	`generated_gifts/gn/2026026002.stk`
2026026003	`generated_gifts/gn/2026026003.stk`
2026026004	`generated_gifts/gn/2026026004.stk`
2026026005	`generated_gifts/gn/2026026005.stk`
2026026006	`generated_gifts/gn/2026026006.stk`
2026026007	`generated_gifts/gn/2026026007.stk`
2026026008	`generated_gifts/gn/2026026008.stk`
2026026009	`generated_gifts/gn/2026026009.stk`
2026026010	`generated_gifts/gn/2026026010.stk`
2026026011	`generated_gifts/gn/2026026011.stk`
2026026012	`generated_gifts/gn/2026026012.stk`
2026026013	`generated_gifts/gn/2026026013.stk`
2026026014	`generated_gifts/gn/2026026014.stk`
2026026015	`generated_gifts/gn/2026026015.stk`
2026026016	`generated_gifts/gn/2026026016.stk`
2026026017	`generated_gifts/gn/2026026017.stk`
2026026018	`generated_gifts/gn/2026026018.stk`
2026026019	`generated_gifts/gn/2026026019.stk`
2026026020	`generated_gifts/gn/2026026020.stk`
2026026021	`generated_gifts/gn/2026026021.stk`
2026026022	`generated_gifts/gn/2026026022.stk`
2026026023	`generated_gifts/gn/2026026023.stk`
2026026024	`generated_gifts/gn/2026026024.stk`
2026026025	`generated_gifts/gn/2026026025.stk`
2026026026	`generated_gifts/gn/2026026026.stk`
2026026027	`generated_gifts/gn/2026026027.stk`
2026026028	`generated_gifts/gn/2026026028.stk`
2026026029	`generated_gifts/gn/2026026029.stk`
2026026030	`generated_gifts/gn/2026026030.stk`
2026026031	`generated_gifts/gn/2026026031.stk`
2026026032	`generated_gifts/gn/2026026032.stk`
2026026033	`generated_gifts/gn/2026026033.stk`
2026026034	`generated_gifts/gn/2026026034.stk`
2026026035	`generated_gifts/gn/2026026035.stk`
2026026036	`generated_gifts/gn/2026026036.stk`
2026026037	`generated_gifts/gn/2026026037.stk`
2026026038	`generated_gifts/gn/2026026038.stk`
2026026039	`generated_gifts/gn/2026026039.stk`
2026026040	`generated_gifts/gn/2026026040.stk`
2026026041	`generated_gifts/gn/2026026041.stk`
2026026042	`generated_gifts/gn/2026026042.stk`
2026026043	`generated_gifts/gn/2026026043.stk`
2026026044	`generated_gifts/gn/2026026044.stk`
2026026045	`generated_gifts/gn/2026026045.stk`
2026026046	`generated_gifts/gn/2026026046.stk`
2026026047	`generated_gifts/gn/2026026047.stk`
2026026048	`generated_gifts/gn/2026026048.stk`
2026026049	`generated_gifts/gn/2026026049.stk`
2026026050	`generated_gifts/gn/2026026050.stk`
2026026051	`generated_gifts/gn/2026026051.stk`
2026026052	`generated_gifts/gn/2026026052.stk`
2026026053	`generated_gifts/gn/2026026053.stk`
2026026054	`generated_gifts/gn/2026026054.stk`
2026026055	`generated_gifts/gn/2026026055.stk`
2026026056	`generated_gifts/gn/2026026056.stk`
2026026057	`generated_gifts/gn/2026026057.stk`
2026026058	`generated_gifts/gn/2026026058.stk`
2026026059	`generated_gifts/gn/2026026059.stk`
2026026060	`generated_gifts/gn/2026026060.stk`
2026026061	`generated_gifts/gn/2026026061.stk`
2026026062	`generated_gifts/gn/2026026062.stk`
2026026063	`generated_gifts/gn/2026026063.stk`
2026026064	`generated_gifts/gn/2026026064.stk`
2026026065	`generated_gifts/gn/2026026065.stk`
2026026066	`generated_gifts/gn/2026026066.stk`
2026026067	`generated_gifts/gn/2026026067.stk`
2026026068	`generated_gifts/gn/2026026068.stk`
2026026069	`generated_gifts/gn/2026026069.stk`
2026026070	`generated_gifts/gn/2026026070.stk`
2026026071	`generated_gifts/gn/2026026071.stk`
2026026072	`generated_gifts/gn/2026026072.stk`
2026026073	`generated_gifts/gn/2026026073.stk`
2026026074	`generated_gifts/gn/2026026074.stk`
2026026075	`generated_gifts/gn/2026026075.stk`
2026026076	`generated_gifts/gn/2026026076.stk`
2026026077	`generated_gifts/gn/2026026077.stk`
2026026078	`generated_gifts/gn/2026026078.stk`
2026026079	`generated_gifts/gn/2026026079.stk`
2026026080	`generated_gifts/gn/2026026080.stk`
2026026081	`generated_gifts/gn/2026026081.stk`
2026026082	`generated_gifts/gn/2026026082.stk`
2026026083	`generated_gifts/gn/2026026083.stk`
2026026084	`generated_gifts/gn/2026026084.stk`
2026026085	`generated_gifts/gn/2026026085.stk`
2026026086	`generated_gifts/gn/2026026086.stk`
2026026087	`generated_gifts/gn/2026026087.stk`
2026026088	`generated_gifts/gn/2026026088.stk`
2026026089	`generated_gifts/gn/2026026089.stk`
2026026090	`generated_gifts/gn/2026026090.stk`
2026026091	`generated_gifts/gn/2026026091.stk`
2026026092	`generated_gifts/gn/2026026092.stk`
2026026093	`generated_gifts/gn/2026026093.stk`
2026026094	`generated_gifts/gn/2026026094.stk`
2026026095	`generated_gifts/gn/2026026095.stk`
2026026096	`generated_gifts/gn/2026026096.stk`
2026026097	`generated_gifts/gn/2026026097.stk`
2026026098	`generated_gifts/gn/2026026098.stk`
2026026099	`generated_gifts/gn/2026026099.stk`
2026026100	`generated_gifts/gn/2026026100.stk`
2026026101	`generated_gifts/gn/2026026101.stk`
2026026102	`generated_gifts/gn/2026026102.stk`
2026026103	`generated_gifts/gn/2026026103.stk`
2026026104	`generated_gifts/gn/2026026104.stk`
2026026105	`generated_gifts/gn/2026026105.stk`
2026026106	`generated_gifts/gn/2026026106.stk`
2026026107	`generated_gifts/gn/2026026107.stk`
2026026108	`generated_gifts/gn/2026026108.stk`
2026026109	`generated_gifts/gn/2026026109.stk`
2026026110	`generated_gifts/gn/2026026110.stk`
2026026111	`generated_gifts/gn/2026026111.stk`
2026026112	`generated_gifts/gn/2026026112.stk`
2026026113	`generated_gifts/gn/2026026113.stk`
2026026114	`generated_gifts/gn/2026026114.stk`
2026026115	`generated_gifts/gn/2026026115.stk`
2026026116	`generated_gifts/gn/2026026116.stk`
2026026117	`generated_gifts/gn/2026026117.stk`
2026026118	`generated_gifts/gn/2026026118.stk`
2026026119	`generated_gifts/gn/2026026119.stk`
2026026120	`generated_gifts/gn/2026026120.stk`
2026026121	`generated_gifts/gn/2026026121.stk`
2026026122	`generated_gifts/gn/2026026122.stk`
2026026123	`generated_gifts/gn/2026026123.stk`
2026026124	`generated_gifts/gn/2026026124.stk`
2026026125	`generated_gifts/gn/2026026125.stk`
2026026126	`generated_gifts/gn/2026026126.stk`
2026026127	`generated_gifts/gn/2026026127.stk`
2026026128	`generated_gifts/gn/2026026128.stk`
2026026129	`generated_gifts/gn/2026026129.stk`
2026026130	`generated_gifts/gn/2026026130.stk`
2026026131	`generated_gifts/gn/2026026131.stk`
2026026132	`generated_gifts/gn/2026026132.stk`
2026026133	`generated_gifts/gn/2026026133.stk`
2026026134	`generated_gifts/gn/2026026134.stk`
2026026135	`generated_gifts/gn/2026026135.stk`
2026026136	`generated_gifts/gn/2026026136.stk`
2026026137	`generated_gifts/gn/2026026137.stk`
2026026138	`generated_gifts/gn/2026026138.stk`
2026026139	`generated_gifts/gn/2026026139.stk`
2026026140	`generated_gifts/gn/2026026140.stk`
2026026141	`generated_gifts/gn/2026026141.stk`
2026026142	`generated_gifts/gn/2026026142.stk`
2026026143	`generated_gifts/gn/2026026143.stk`
2026026144	`generated_gifts/gn/2026026144.stk`
2026026145	`generated_gifts/gn/2026026145.stk`
2026026146	`generated_gifts/gn/2026026146.stk`
2026026147	`generated_gifts/gn/2026026147.stk`
2026026148	`generated_gifts/gn/2026026148.stk`
2026026149	`generated_gifts/gn/2026026149.stk`
2026026150	`generated_gifts/gn/2026026150.stk`
2026026151	`generated_gifts/gn/2026026151.stk`
2026026152	`generated_gifts/gn/2026026152.stk`
2026026153	`generated_gifts/gn/2026026153.stk`
2026026154	`generated_gifts/gn/2026026154.stk`
2026026155	`generated_gifts/gn/2026026155.stk`
2026026156	`generated_gifts/gn/2026026156.stk`
2026026157	`generated_gifts/gn/2026026157.stk`
2026026158	`generated_gifts/gn/2026026158.stk`
2026026159	`generated_gifts/gn/2026026159.stk`
2026026160	`generated_gifts/gn/2026026160.stk`
2026026161	`generated_gifts/gn/2026026161.stk`
2026026162	`generated_gifts/gn/2026026162.stk`
2026026163	`generated_gifts/gn/2026026163.stk`
2026026164	`generated_gifts/gn/2026026164.stk`
2026026165	`generated_gifts/gn/2026026165.stk`
2026026166	`generated_gifts/gn/2026026166.stk`
2026026167	`generated_gifts/gn/2026026167.stk`
2026026168	`generated_gifts/gn/2026026168.stk`
2026026169	`generated_gifts/gn/2026026169.stk`
2026026170	`generated_gifts/gn/2026026170.stk`
2026026171	`generated_gifts/gn/2026026171.stk`
2026026172	`generated_gifts/gn/2026026172.stk`
2026026173	`generated_gifts/gn/2026026173.stk`
2026026174	`generated_gifts/gn/2026026174.stk`
2026026175	`generated_gifts/gn/2026026175.stk`
2026026176	`generated_gifts/gn/2026026176.stk`
2026026177	`generated_gifts/gn/2026026177.stk`
2026026178	`generated_gifts/gn/2026026178.stk`
2026026179	`generated_gifts/gn/2026026179.stk`
2026026180	`generated_gifts/gn/2026026180.stk`
2026026181	`generated_gifts/gn/2026026181.stk`
2026026182	`generated_gifts/gn/2026026182.stk`
2026026183	`generated_gifts/gn/2026026183.stk`
2026026184	`generated_gifts/gn/2026026184.stk`
2026026185	`generated_gifts/gn/2026026185.stk`
2026026186	`generated_gifts/gn/2026026186.stk`
2026026187	`generated_gifts/gn/2026026187.stk`
2026026188	`generated_gifts/gn/2026026188.stk`
2026026189	`generated_gifts/gn/2026026189.stk`
2026026190	`generated_gifts/gn/2026026190.stk`
2026026191	`generated_gifts/gn/2026026191.stk`
2026026192	`generated_gifts/gn/2026026192.stk`
2026026193	`generated_gifts/gn/2026026193.stk`
2026026194	`generated_gifts/gn/2026026194.stk`
2026026195	`generated_gifts/gn/2026026195.stk`
2026026196	`generated_gifts/gn/2026026196.stk`
2026026197	`generated_gifts/gn/2026026197.stk`
2026026198	`generated_gifts/gn/2026026198.stk`
2026026199	`generated_gifts/gn/2026026199.stk`
2026026200	`generated_gifts/gn/2026026200.stk`
2026026201	`generated_gifts/gn/2026026201.stk`
2026026202	`generated_gifts/gn/2026026202.stk`
2026026203	`generated_gifts/gn/2026026203.stk`
2026026204	`generated_gifts/gn/2026026204.stk`
2026026205	`generated_gifts/gn/2026026205.stk`
2026026206	`generated_gifts/gn/2026026206.stk`
2026026207	`generated_gifts/gn/2026026207.stk`
2026026208	`generated_gifts/gn/2026026208.stk`
2026026209	`generated_gifts/gn/2026026209.stk`
2026026210	`generated_gifts/gn/2026026210.stk`
2026026211	`generated_gifts/gn/2026026211.stk`
2026026212	`generated_gifts/gn/2026026212.stk`
2026026213	`generated_gifts/gn/2026026213.stk`
2026026214	`generated_gifts/gn/2026026214.stk`
2026026215	`generated_gifts/gn/2026026215.stk`
2026026216	`generated_gifts/gn/2026026216.stk`
2026026217	`generated_gifts/gn/2026026217.stk`
2026026218	`generated_gifts/gn/2026026218.stk`
2026026219	`generated_gifts/gn/2026026219.stk`
2026026220	`generated_gifts/gn/2026026220.stk`
2026026221	`generated_gifts/gn/2026026221.stk`
2026026222	`generated_gifts/gn/2026026222.stk`
2026026223	`generated_gifts/gn/2026026223.stk`
2026026224	`generated_gifts/gn/2026026224.stk`
2026026225	`generated_gifts/gn/2026026225.stk`
2026026226	`generated_gifts/gn/2026026226.stk`
2026026227	`generated_gifts/gn/2026026227.stk`
2026026228	`generated_gifts/gn/2026026228.stk`
2026026229	`generated_gifts/gn/2026026229.stk`
2026026230	`generated_gifts/gn/2026026230.stk`
2026026231	`generated_gifts/gn/2026026231.stk`
2026026232	`generated_gifts/gn/2026026232.stk`
2026026233	`generated_gifts/gn/2026026233.stk`
2026026234	`generated_gifts/gn/2026026234.stk`
2026026235	`generated_gifts/gn/2026026235.stk`
2026026236	`generated_gifts/gn/2026026236.stk`
2026026237	`generated_gifts/gn/2026026237.stk`
2026026238	`generated_gifts/gn/2026026238.stk`
2026026239	`generated_gifts/gn/2026026239.stk`
2026026240	`generated_gifts/gn/2026026240.stk`
2026026241	`generated_gifts/gn/2026026241.stk`
2026026242	`generated_gifts/gn/2026026242.stk`
2026026243	`generated_gifts/gn/2026026243.stk`
2026026244	`generated_gifts/gn/2026026244.stk`
2026026245	`generated_gifts/gn/2026026245.stk`
2026026246	`generated_gifts/gn/2026026246.stk`
2026026247	`generated_gifts/gn/2026026247.stk`
2026026248	`generated_gifts/gn/2026026248.stk`
2026026249	`generated_gifts/gn/2026026249.stk`
2026026250	`generated_gifts/gn/2026026250.stk`
2026026251	`generated_gifts/gn/2026026251.stk`
2026026252	`generated_gifts/gn/2026026252.stk`
2026026253	`generated_gifts/gn/2026026253.stk`
2026026254	`generated_gifts/gn/2026026254.stk`
2026026255	`generated_gifts/gn/2026026255.stk`
2026026256	`generated_gifts/gn/2026026256.stk`
2026026257	`generated_gifts/gn/2026026257.stk`
2026026258	`generated_gifts/gn/2026026258.stk`
2026026259	`generated_gifts/gn/2026026259.stk`
2026026260	`generated_gifts/gn/2026026260.stk`
2026026261	`generated_gifts/gn/2026026261.stk`
2026026262	`generated_gifts/gn/2026026262.stk`
2026026263	`generated_gifts/gn/2026026263.stk`
2026026264	`generated_gifts/gn/2026026264.stk`
2026026265	`generated_gifts/gn/2026026265.stk`
2026026266	`generated_gifts/gn/2026026266.stk`
2026026267	`generated_gifts/gn/2026026267.stk`
2026026268	`generated_gifts/gn/2026026268.stk`
2026026269	`generated_gifts/gn/2026026269.stk`
2026026270	`generated_gifts/gn/2026026270.stk`
2026026271	`generated_gifts/gn/2026026271.stk`
2026026272	`generated_gifts/gn/2026026272.stk`
2026026273	`generated_gifts/gn/2026026273.stk`
2026026274	`generated_gifts/gn/2026026274.stk`
2026026275	`generated_gifts/gn/2026026275.stk`
2026026276	`generated_gifts/gn/2026026276.stk`
2026026277	`generated_gifts/gn/2026026277.stk`
2026026278	`generated_gifts/gn/2026026278.stk`
2026026279	`generated_gifts/gn/2026026279.stk`
2026026280	`generated_gifts/gn/2026026280.stk`
2026026281	`generated_gifts/gn/2026026281.stk`
2026026282	`generated_gifts/gn/2026026282.stk`
2026026283	`generated_gifts/gn/2026026283.stk`
2026026284	`generated_gifts/gn/2026026284.stk`
2026026285	`generated_gifts/gn/2026026285.stk`
2026026286	`generated_gifts/gn/2026026286.stk`
2026026287	`generated_gifts/gn/2026026287.stk`
2026026288	`generated_gifts/gn/2026026288.stk`
2026026289	`generated_gifts/gn/2026026289.stk`
2026026290	`generated_gifts/gn/2026026290.stk`
2026026291	`generated_gifts/gn/2026026291.stk`
2026026292	`generated_gifts/gn/2026026292.stk`
2026026293	`generated_gifts/gn/2026026293.stk`
2026026294	`generated_gifts/gn/2026026294.stk`
2026026295	`generated_gifts/gn/2026026295.stk`
2026026296	`generated_gifts/gn/2026026296.stk`
2026026297	`generated_gifts/gn/2026026297.stk`
2026026298	`generated_gifts/gn/2026026298.stk`
2026026299	`generated_gifts/gn/2026026299.stk`
2026026300	`generated_gifts/gn/2026026300.stk`
2026026301	`generated_gifts/gn/2026026301.stk`
2026026302	`generated_gifts/gn/2026026302.stk`
2026026303	`generated_gifts/gn/2026026303.stk`
2026026304	`generated_gifts/gn/2026026304.stk`
2026026305	`generated_gifts/gn/2026026305.stk`
2026026306	`generated_gifts/gn/2026026306.stk`
2026026307	`generated_gifts/gn/2026026307.stk`
2026026308	`generated_gifts/gn/2026026308.stk`
2026026309	`generated_gifts/gn/2026026309.stk`
2026026310	`generated_gifts/gn/2026026310.stk`
2026026311	`generated_gifts/gn/2026026311.stk`
2026026312	`generated_gifts/gn/2026026312.stk`
2026026313	`generated_gifts/gn/2026026313.stk`
2026026314	`generated_gifts/gn/2026026314.stk`
2026026315	`generated_gifts/gn/2026026315.stk`
2026026316	`generated_gifts/gn/2026026316.stk`
2026026317	`generated_gifts/gn/2026026317.stk`
2026026318	`generated_gifts/gn/2026026318.stk`
2026026319	`generated_gifts/gn/2026026319.stk`
2026026320	`generated_gifts/gn/2026026320.stk`
2026026321	`generated_gifts/gn/2026026321.stk`
2026026322	`generated_gifts/gn/2026026322.stk`
2026026323	`generated_gifts/gn/2026026323.stk`
2026026324	`generated_gifts/gn/2026026324.stk`
2026026325	`generated_gifts/gn/2026026325.stk`
2026026326	`generated_gifts/gn/2026026326.stk`
2026026327	`generated_gifts/gn/2026026327.stk`
2026026328	`generated_gifts/gn/2026026328.stk`
2026026329	`generated_gifts/gn/2026026329.stk`
2026026330	`generated_gifts/gn/2026026330.stk`
2026026331	`generated_gifts/gn/2026026331.stk`
2026026332	`generated_gifts/gn/2026026332.stk`
2026026333	`generated_gifts/gn/2026026333.stk`
2026026334	`generated_gifts/gn/2026026334.stk`
2026026335	`generated_gifts/gn/2026026335.stk`
2026026336	`generated_gifts/gn/2026026336.stk`
2026026337	`generated_gifts/gn/2026026337.stk`
2026026338	`generated_gifts/gn/2026026338.stk`
2026026339	`generated_gifts/gn/2026026339.stk`
2026026340	`generated_gifts/gn/2026026340.stk`
2026026341	`generated_gifts/gn/2026026341.stk`
2026026342	`generated_gifts/gn/2026026342.stk`
2026026343	`generated_gifts/gn/2026026343.stk`
2026026344	`generated_gifts/gn/2026026344.stk`
2026026345	`generated_gifts/gn/2026026345.stk`
2026026346	`generated_gifts/gn/2026026346.stk`
2026026347	`generated_gifts/gn/2026026347.stk`
2026026348	`generated_gifts/gn/2026026348.stk`
2026026349	`generated_gifts/gn/2026026349.stk`
2026026350	`generated_gifts/gn/2026026350.stk`
2026026351	`generated_gifts/gn/2026026351.stk`
2026026352	`generated_gifts/gn/2026026352.stk`
2026026353	`generated_gifts/gn/2026026353.stk`
2026026354	`generated_gifts/gn/2026026354.stk`
2026026355	`generated_gifts/gn/2026026355.stk`
2026026356	`generated_gifts/gn/2026026356.stk`
2026026357	`generated_gifts/gn/2026026357.stk`
2026026358	`generated_gifts/gn/2026026358.stk`
2026026359	`generated_gifts/gn/2026026359.stk`
2026026360	`generated_gifts/gn/2026026360.stk`
2026026361	`generated_gifts/gn/2026026361.stk`
2026026362	`generated_gifts/gn/2026026362.stk`
2026026363	`generated_gifts/gn/2026026363.stk`
2026026364	`generated_gifts/gn/2026026364.stk`
2026026365	`generated_gifts/gn/2026026365.stk`
2026026366	`generated_gifts/gn/2026026366.stk`
2026026367	`generated_gifts/gn/2026026367.stk`
2026026368	`generated_gifts/gn/2026026368.stk`
2026026369	`generated_gifts/gn/2026026369.stk`
2026026370	`generated_gifts/gn/2026026370.stk`
2026026371	`generated_gifts/gn/2026026371.stk`
2026026372	`generated_gifts/gn/2026026372.stk`
2026026373	`generated_gifts/gn/2026026373.stk`
2026026374	`generated_gifts/gn/2026026374.stk`
2026026375	`generated_gifts/gn/2026026375.stk`
2026026376	`generated_gifts/gn/2026026376.stk`
2026026377	`generated_gifts/gn/2026026377.stk`
2026026378	`generated_gifts/gn/2026026378.stk`
2026026379	`generated_gifts/gn/2026026379.stk`
2026026380	`generated_gifts/gn/2026026380.stk`
2026026381	`generated_gifts/gn/2026026381.stk`
2026026382	`generated_gifts/gn/2026026382.stk`
2026026383	`generated_gifts/gn/2026026383.stk`
2026026384	`generated_gifts/gn/2026026384.stk`
2026026385	`generated_gifts/gn/2026026385.stk`
2026026386	`generated_gifts/gn/2026026386.stk`
2026026387	`generated_gifts/gn/2026026387.stk`
2026026388	`generated_gifts/gn/2026026388.stk`
2026026389	`generated_gifts/gn/2026026389.stk`
2026026390	`generated_gifts/gn/2026026390.stk`
2026026391	`generated_gifts/gn/2026026391.stk`
2026026392	`generated_gifts/gn/2026026392.stk`
2026026393	`generated_gifts/gn/2026026393.stk`
2026026394	`generated_gifts/gn/2026026394.stk`
2026026395	`generated_gifts/gn/2026026395.stk`
2026026396	`generated_gifts/gn/2026026396.stk`
2026026397	`generated_gifts/gn/2026026397.stk`
2026026398	`generated_gifts/gn/2026026398.stk`
2026026399	`generated_gifts/gn/2026026399.stk`
2026026400	`generated_gifts/gn/2026026400.stk`
2026026401	`generated_gifts/gn/2026026401.stk`
2026026402	`generated_gifts/gn/2026026402.stk`
2026026403	`generated_gifts/gn/2026026403.stk`
2026026404	`generated_gifts/gn/2026026404.stk`
2026026405	`generated_gifts/gn/2026026405.stk`
2026026406	`generated_gifts/gn/2026026406.stk`
2026026407	`generated_gifts/gn/2026026407.stk`
2026026408	`generated_gifts/gn/2026026408.stk`
2026026409	`generated_gifts/gn/2026026409.stk`
2026026410	`generated_gifts/gn/2026026410.stk`
2026026411	`generated_gifts/gn/2026026411.stk`
2026026412	`generated_gifts/gn/2026026412.stk`
2026026413	`generated_gifts/gn/2026026413.stk`
2026026414	`generated_gifts/gn/2026026414.stk`
2026026415	`generated_gifts/gn/2026026415.stk`
2026026416	`generated_gifts/gn/2026026416.stk`
2026026417	`generated_gifts/gn/2026026417.stk`
2026026418	`generated_gifts/gn/2026026418.stk`
2026026419	`generated_gifts/gn/2026026419.stk`
2026026420	`generated_gifts/gn/2026026420.stk`
2026026421	`generated_gifts/gn/2026026421.stk`
2026026422	`generated_gifts/gn/2026026422.stk`
2026026423	`generated_gifts/gn/2026026423.stk`
2026026424	`generated_gifts/gn/2026026424.stk`
2026026425	`generated_gifts/gn/2026026425.stk`
2026026426	`generated_gifts/gn/2026026426.stk`
2026026427	`generated_gifts/gn/2026026427.stk`
2026026428	`generated_gifts/gn/2026026428.stk`
2026026429	`generated_gifts/gn/2026026429.stk`
2026026430	`generated_gifts/gn/2026026430.stk`
2026026431	`generated_gifts/gn/2026026431.stk`
2026026432	`generated_gifts/gn/2026026432.stk`
2026026433	`generated_gifts/gn/2026026433.stk`
2026026434	`generated_gifts/gn/2026026434.stk`
2026026435	`generated_gifts/gn/2026026435.stk`
2026026436	`generated_gifts/gn/2026026436.stk`
2026026437	`generated_gifts/gn/2026026437.stk`
2026026438	`generated_gifts/gn/2026026438.stk`
2026026439	`generated_gifts/gn/2026026439.stk`
2026026440	`generated_gifts/gn/2026026440.stk`
2026026441	`generated_gifts/gn/2026026441.stk`
2026026442	`generated_gifts/gg/2026026442.stk`
2026026443	`generated_gifts/gg/2026026443.stk`
2026026444	`generated_gifts/gg/2026026444.stk`
2026026445	`generated_gifts/gg/2026026445.stk`
2026026446	`generated_gifts/gg/2026026446.stk`
2026026447	`generated_gifts/gg/2026026447.stk`
2026026448	`generated_gifts/gg/2026026448.stk`
2026026449	`generated_gifts/gg/2026026449.stk`
2026026450	`generated_gifts/gg/2026026450.stk`
2026026451	`generated_gifts/gg/2026026451.stk`
2026026452	`generated_gifts/gg/2026026452.stk`
2026026453	`generated_gifts/gg/2026026453.stk`
2026026454	`generated_gifts/gg/2026026454.stk`
2026026455	`generated_gifts/gg/2026026455.stk`
2026026456	`generated_gifts/gg/2026026456.stk`
2026026457	`generated_gifts/gg/2026026457.stk`
2026026458	`generated_gifts/gg/2026026458.stk`
2026026459	`generated_gifts/gg/2026026459.stk`
2026026460	`generated_gifts/gg/2026026460.stk`
2026026461	`generated_gifts/gg/2026026461.stk`
2026026462	`generated_gifts/gg/2026026462.stk`
2026026463	`generated_gifts/gg/2026026463.stk`
2026026464	`generated_gifts/gg/2026026464.stk`
2026026465	`generated_gifts/gg/2026026465.stk`
2026026466	`generated_gifts/gg/2026026466.stk`
2026026467	`generated_gifts/gg/2026026467.stk`
2026026468	`generated_gifts/gg/2026026468.stk`
2026026469	`generated_gifts/gg/2026026469.stk`
2026026470	`generated_gifts/gg/2026026470.stk`
2026026471	`generated_gifts/gg/2026026471.stk`
2026026472	`generated_gifts/gg/2026026472.stk`
2026026473	`generated_gifts/gg/2026026473.stk`
2026026474	`generated_gifts/gg/2026026474.stk`
2026026475	`generated_gifts/gg/2026026475.stk`
2026026476	`generated_gifts/gg/2026026476.stk`
2026026477	`generated_gifts/gg/2026026477.stk`
2026026478	`generated_gifts/gg/2026026478.stk`
2026026479	`generated_gifts/gg/2026026479.stk`
2026026480	`generated_gifts/gg/2026026480.stk`
2026026481	`generated_gifts/gg/2026026481.stk`
2026026482	`generated_gifts/gg/2026026482.stk`
2026026483	`generated_gifts/gg/2026026483.stk`
2026026484	`generated_gifts/gg/2026026484.stk`
2026026485	`generated_gifts/gg/2026026485.stk`
2026026486	`generated_gifts/gg/2026026486.stk`
2026026487	`generated_gifts/gg/2026026487.stk`
2026026488	`generated_gifts/gg/2026026488.stk`
2026026489	`generated_gifts/gg/2026026489.stk`
2026026490	`generated_gifts/gg/2026026490.stk`
2026026491	`generated_gifts/gg/2026026491.stk`
2026026492	`generated_gifts/gg/2026026492.stk`
2026026493	`generated_gifts/gg/2026026493.stk`
2026026494	`generated_gifts/gg/2026026494.stk`
2026026495	`generated_gifts/gg/2026026495.stk`
2026026496	`generated_gifts/gg/2026026496.stk`
2026026497	`generated_gifts/gg/2026026497.stk`
2026026498	`generated_gifts/gg/2026026498.stk`
2026026499	`generated_gifts/gg/2026026499.stk`
2026026500	`generated_gifts/gg/2026026500.stk`
2026026501	`generated_gifts/gg/2026026501.stk`
2026026502	`generated_gifts/gg/2026026502.stk`
2026026503	`generated_gifts/gg/2026026503.stk`
2026026504	`generated_gifts/gg/2026026504.stk`
2026026505	`generated_gifts/gg/2026026505.stk`
2026026506	`generated_gifts/gg/2026026506.stk`
2026026507	`generated_gifts/gg/2026026507.stk`
2026026508	`generated_gifts/gg/2026026508.stk`
2026026509	`generated_gifts/gg/2026026509.stk`
2026026510	`generated_gifts/gg/2026026510.stk`
2026026511	`generated_gifts/gg/2026026511.stk`
2026026512	`generated_gifts/gg/2026026512.stk`
2026026513	`generated_gifts/gg/2026026513.stk`
2026026514	`generated_gifts/gg/2026026514.stk`
2026026515	`generated_gifts/gg/2026026515.stk`
2026026516	`generated_gifts/gg/2026026516.stk`
2026026517	`generated_gifts/gg/2026026517.stk`
2026026518	`generated_gifts/gg/2026026518.stk`
2026026519	`generated_gifts/gg/2026026519.stk`
2026026520	`generated_gifts/gg/2026026520.stk`
2026026521	`generated_gifts/gg/2026026521.stk`
2026026522	`generated_gifts/gg/2026026522.stk`
2026026523	`generated_gifts/gg/2026026523.stk`
2026026524	`generated_gifts/gg/2026026524.stk`
2026026525	`generated_gifts/gg/2026026525.stk`
2026026526	`generated_gifts/gg/2026026526.stk`
2026026527	`generated_gifts/gg/2026026527.stk`
2026026528	`generated_gifts/gg/2026026528.stk`
2026026529	`generated_gifts/gg/2026026529.stk`
2026026530	`generated_gifts/gg/2026026530.stk`
2026026531	`generated_gifts/gg/2026026531.stk`
2026026532	`generated_gifts/gg/2026026532.stk`
2026026533	`generated_gifts/gg/2026026533.stk`
2026026534	`generated_gifts/gg/2026026534.stk`
2026026535	`generated_gifts/gg/2026026535.stk`
2026026536	`generated_gifts/gg/2026026536.stk`
2026026537	`generated_gifts/gg/2026026537.stk`
2026026538	`generated_gifts/gg/2026026538.stk`
2026026539	`generated_gifts/gg/2026026539.stk`
2026026540	`generated_gifts/gg/2026026540.stk`
2026026541	`generated_gifts/gg/2026026541.stk`
2026026542	`generated_gifts/gg/2026026542.stk`
2026026543	`generated_gifts/gg/2026026543.stk`
2026026544	`generated_gifts/gg/2026026544.stk`
2026026545	`generated_gifts/gg/2026026545.stk`
2026026546	`generated_gifts/gg/2026026546.stk`
2026026547	`generated_gifts/gg/2026026547.stk`
2026026548	`generated_gifts/gg/2026026548.stk`
2026026549	`generated_gifts/gg/2026026549.stk`
2026026550	`generated_gifts/gg/2026026550.stk`
2026026551	`generated_gifts/gg/2026026551.stk`
2026026552	`generated_gifts/gg/2026026552.stk`
2026026553	`generated_gifts/gg/2026026553.stk`
2026026554	`generated_gifts/gg/2026026554.stk`
2026026555	`generated_gifts/gg/2026026555.stk`
2026026556	`generated_gifts/gg/2026026556.stk`
2026026557	`generated_gifts/gg/2026026557.stk`
2026026558	`generated_gifts/gg/2026026558.stk`
2026026559	`generated_gifts/gg/2026026559.stk`
2026026560	`generated_gifts/gg/2026026560.stk`
2026026561	`generated_gifts/gg/2026026561.stk`
2026026562	`generated_gifts/gg/2026026562.stk`
2026026563	`generated_gifts/gg/2026026563.stk`
2026026564	`generated_gifts/gg/2026026564.stk`
2026026565	`generated_gifts/gg/2026026565.stk`
2026026566	`generated_gifts/gg/2026026566.stk`
2026026567	`generated_gifts/gg/2026026567.stk`
2026026568	`generated_gifts/gg/2026026568.stk`
2026026569	`generated_gifts/gg/2026026569.stk`
2026026570	`generated_gifts/gg/2026026570.stk`
2026026571	`generated_gifts/gg/2026026571.stk`
2026026572	`generated_gifts/gg/2026026572.stk`
2026026573	`generated_gifts/gg/2026026573.stk`
2026026574	`generated_gifts/gg/2026026574.stk`
2026026575	`generated_gifts/gg/2026026575.stk`
2026026576	`generated_gifts/gg/2026026576.stk`
2026026577	`generated_gifts/gg/2026026577.stk`
2026026578	`generated_gifts/gg/2026026578.stk`
2026026579	`generated_gifts/gg/2026026579.stk`
2026026580	`generated_gifts/gg/2026026580.stk`
2026026581	`generated_gifts/gg/2026026581.stk`
2026026582	`generated_gifts/gg/2026026582.stk`
2026026583	`generated_gifts/gg/2026026583.stk`
2026026584	`generated_gifts/gg/2026026584.stk`
2026026585	`generated_gifts/gg/2026026585.stk`
2026026586	`generated_gifts/gg/2026026586.stk`
2026026587	`generated_gifts/gg/2026026587.stk`
2026026588	`generated_gifts/gg/2026026588.stk`
2026026589	`generated_gifts/gg/2026026589.stk`
2026026590	`generated_gifts/gg/2026026590.stk`
2026026591	`generated_gifts/gg/2026026591.stk`
2026026592	`generated_gifts/gg/2026026592.stk`
2026026593	`generated_gifts/gg/2026026593.stk`
2026026594	`generated_gifts/gg/2026026594.stk`
2026026595	`generated_gifts/gg/2026026595.stk`
2026026596	`generated_gifts/gg/2026026596.stk`
2026026597	`generated_gifts/gg/2026026597.stk`
2026026598	`generated_gifts/gg/2026026598.stk`
2026026599	`generated_gifts/gg/2026026599.stk`
2026026600	`generated_gifts/gg/2026026600.stk`
2026026601	`generated_gifts/gg/2026026601.stk`
2026026602	`generated_gifts/gg/2026026602.stk`
2026026603	`generated_gifts/gg/2026026603.stk`
2026026604	`generated_gifts/gg/2026026604.stk`
2026026605	`generated_gifts/gg/2026026605.stk`
2026026606	`generated_gifts/gg/2026026606.stk`
2026026607	`generated_gifts/gg/2026026607.stk`
2026026608	`generated_gifts/gg/2026026608.stk`
2026026609	`generated_gifts/gg/2026026609.stk`
2026026610	`generated_gifts/gg/2026026610.stk`
2026026611	`generated_gifts/gg/2026026611.stk`
2026026612	`generated_gifts/gg/2026026612.stk`
2026026613	`generated_gifts/gg/2026026613.stk`
2026026614	`generated_gifts/gg/2026026614.stk`
2026026615	`generated_gifts/gg/2026026615.stk`
2026026616	`generated_gifts/gg/2026026616.stk`
2026026617	`generated_gifts/gg/2026026617.stk`
2026026618	`generated_gifts/gg/2026026618.stk`
2026026619	`generated_gifts/gg/2026026619.stk`
2026026620	`generated_gifts/gg/2026026620.stk`
2026026621	`generated_gifts/gg/2026026621.stk`
2026026622	`generated_gifts/gg/2026026622.stk`
2026026623	`generated_gifts/gg/2026026623.stk`
2026026624	`generated_gifts/gg/2026026624.stk`
2026026625	`generated_gifts/gg/2026026625.stk`
2026026626	`generated_gifts/gg/2026026626.stk`
2026026627	`generated_gifts/gg/2026026627.stk`
2026026628	`generated_gifts/gg/2026026628.stk`
2026026629	`generated_gifts/gg/2026026629.stk`
2026026630	`generated_gifts/gg/2026026630.stk`
2026026631	`generated_gifts/gg/2026026631.stk`
2026026632	`generated_gifts/gg/2026026632.stk`
2026026633	`generated_gifts/gg/2026026633.stk`
2026026634	`generated_gifts/gg/2026026634.stk`
2026026635	`generated_gifts/gg/2026026635.stk`
2026026636	`generated_gifts/gg/2026026636.stk`
2026026637	`generated_gifts/gg/2026026637.stk`
2026026638	`generated_gifts/gg/2026026638.stk`
2026026639	`generated_gifts/gg/2026026639.stk`
2026026640	`generated_gifts/gg/2026026640.stk`
2026026641	`generated_gifts/gg/2026026641.stk`
2026026642	`generated_gifts/gg/2026026642.stk`
2026026643	`generated_gifts/gg/2026026643.stk`
2026026644	`generated_gifts/gg/2026026644.stk`
2026026645	`generated_gifts/gg/2026026645.stk`
2026026646	`generated_gifts/gg/2026026646.stk`
2026026647	`generated_gifts/gg/2026026647.stk`
2026026648	`generated_gifts/gg/2026026648.stk`
2026026649	`generated_gifts/gg/2026026649.stk`
2026026650	`generated_gifts/gg/2026026650.stk`
2026026651	`generated_gifts/gg/2026026651.stk`
2026026652	`generated_gifts/gg/2026026652.stk`
2026026653	`generated_gifts/gg/2026026653.stk`
2026026654	`generated_gifts/gg/2026026654.stk`
2026026655	`generated_gifts/gg/2026026655.stk`
2026026656	`generated_gifts/gg/2026026656.stk`
2026026657	`generated_gifts/gg/2026026657.stk`
2026026658	`generated_gifts/gg/2026026658.stk`
2026026659	`generated_gifts/gg/2026026659.stk`
2026026660	`generated_gifts/gg/2026026660.stk`
2026026661	`generated_gifts/gg/2026026661.stk`
2026026662	`generated_gifts/gg/2026026662.stk`
2026026663	`generated_gifts/gg/2026026663.stk`
2026026664	`generated_gifts/gg/2026026664.stk`
2026026665	`generated_gifts/gg/2026026665.stk`
2026026666	`generated_gifts/gg/2026026666.stk`
2026026667	`generated_gifts/gg/2026026667.stk`
2026026668	`generated_gifts/gg/2026026668.stk`
2026026669	`generated_gifts/gg/2026026669.stk`
2026026670	`generated_gifts/gg/2026026670.stk`
2026026671	`generated_gifts/gg/2026026671.stk`
2026026672	`generated_gifts/gg/2026026672.stk`
2026026673	`generated_gifts/gg/2026026673.stk`
2026026674	`generated_gifts/gg/2026026674.stk`
2026026675	`generated_gifts/gg/2026026675.stk`
2026026676	`generated_gifts/gg/2026026676.stk`
2026026677	`generated_gifts/gg/2026026677.stk`
2026026678	`generated_gifts/gg/2026026678.stk`
2026026679	`generated_gifts/gg/2026026679.stk`
2026026680	`generated_gifts/gg/2026026680.stk`
2026026681	`generated_gifts/gg/2026026681.stk`
2026026682	`generated_gifts/gg/2026026682.stk`
2026026683	`generated_gifts/gg/2026026683.stk`
2026026684	`generated_gifts/gg/2026026684.stk`
2026026685	`generated_gifts/gg/2026026685.stk`
2026026686	`generated_gifts/gg/2026026686.stk`
2026026687	`generated_gifts/gg/2026026687.stk`
2026026688	`generated_gifts/gg/2026026688.stk`
2026026689	`generated_gifts/gg/2026026689.stk`
2026026690	`generated_gifts/gg/2026026690.stk`
2026026691	`generated_gifts/gg/2026026691.stk`
2026026692	`generated_gifts/gg/2026026692.stk`
2026026693	`generated_gifts/gg/2026026693.stk`
2026026694	`generated_gifts/gg/2026026694.stk`
2026026695	`generated_gifts/gg/2026026695.stk`
2026026696	`generated_gifts/gg/2026026696.stk`
2026026697	`generated_gifts/gg/2026026697.stk`
2026026698	`generated_gifts/gg/2026026698.stk`
2026026699	`generated_gifts/gg/2026026699.stk`
2026026700	`generated_gifts/gg/2026026700.stk`
2026026701	`generated_gifts/gg/2026026701.stk`
2026026702	`generated_gifts/gg/2026026702.stk`
2026026703	`generated_gifts/gg/2026026703.stk`
2026026704	`generated_gifts/gg/2026026704.stk`
2026026705	`generated_gifts/gg/2026026705.stk`
2026026706	`generated_gifts/gg/2026026706.stk`
2026026707	`generated_gifts/gg/2026026707.stk`
2026026708	`generated_gifts/gg/2026026708.stk`
2026026709	`generated_gifts/gg/2026026709.stk`
2026026710	`generated_gifts/gg/2026026710.stk`
2026026711	`generated_gifts/gg/2026026711.stk`
2026026712	`generated_gifts/gg/2026026712.stk`
2026026713	`generated_gifts/gg/2026026713.stk`
2026026714	`generated_gifts/gg/2026026714.stk`
2026026715	`generated_gifts/gg/2026026715.stk`
2026026716	`generated_gifts/gg/2026026716.stk`
2026026717	`generated_gifts/gg/2026026717.stk`
2026026718	`generated_gifts/gg/2026026718.stk`
2026026719	`generated_gifts/gg/2026026719.stk`
2026026720	`generated_gifts/gg/2026026720.stk`
2026026721	`generated_gifts/gg/2026026721.stk`
2026026722	`generated_gifts/gg/2026026722.stk`
2026026723	`generated_gifts/gg/2026026723.stk`
2026026724	`generated_gifts/gg/2026026724.stk`
2026026725	`generated_gifts/gg/2026026725.stk`
2026026726	`generated_gifts/gg/2026026726.stk`
2026026727	`generated_gifts/gg/2026026727.stk`
2026026728	`generated_gifts/gg/2026026728.stk`
2026026729	`generated_gifts/gg/2026026729.stk`
2026026730	`generated_gifts/gg/2026026730.stk`
2026026731	`generated_gifts/gg/2026026731.stk`
2026026732	`generated_gifts/gg/2026026732.stk`
2026026733	`generated_gifts/gg/2026026733.stk`
2026026734	`generated_gifts/gg/2026026734.stk`
2026026735	`generated_gifts/gg/2026026735.stk`
2026026736	`generated_gifts/gg/2026026736.stk`
2026026737	`generated_gifts/gg/2026026737.stk`
2026026738	`generated_gifts/gg/2026026738.stk`
2026026739	`generated_gifts/gg/2026026739.stk`
2026026740	`generated_gifts/gg/2026026740.stk`
2026026741	`generated_gifts/gg/2026026741.stk`
2026026742	`generated_gifts/gg/2026026742.stk`
2026026743	`generated_gifts/gg/2026026743.stk`
2026026744	`generated_gifts/gg/2026026744.stk`
2026026745	`generated_gifts/gg/2026026745.stk`
2026026746	`generated_gifts/gg/2026026746.stk`
2026026747	`generated_gifts/gg/2026026747.stk`
2026026748	`generated_gifts/gg/2026026748.stk`
2026026749	`generated_gifts/gg/2026026749.stk`
2026026750	`generated_gifts/gg/2026026750.stk`
2026026751	`generated_gifts/gg/2026026751.stk`
2026026752	`generated_gifts/gg/2026026752.stk`
2026026753	`generated_gifts/gg/2026026753.stk`
2026026754	`generated_gifts/gg/2026026754.stk`
2026026755	`generated_gifts/gg/2026026755.stk`
2026026756	`generated_gifts/gg/2026026756.stk`
2026026757	`generated_gifts/gg/2026026757.stk`
2026026758	`generated_gifts/gg/2026026758.stk`
2026026759	`generated_gifts/gg/2026026759.stk`
2026026760	`generated_gifts/gg/2026026760.stk`
2026026761	`generated_gifts/gg/2026026761.stk`
2026026762	`generated_gifts/gg/2026026762.stk`
2026026763	`generated_gifts/gg/2026026763.stk`
2026026764	`generated_gifts/gg/2026026764.stk`
2026026765	`generated_gifts/gg/2026026765.stk`
2026026766	`generated_gifts/gg/2026026766.stk`
2026026767	`generated_gifts/gg/2026026767.stk`
2026026768	`generated_gifts/gg/2026026768.stk`
2026026769	`generated_gifts/gg/2026026769.stk`
2026026770	`generated_gifts/gg/2026026770.stk`
2026026771	`generated_gifts/gg/2026026771.stk`
2026026772	`generated_gifts/gg/2026026772.stk`
2026026773	`generated_gifts/gg/2026026773.stk`
2026026774	`generated_gifts/gg/2026026774.stk`
2026026775	`generated_gifts/gg/2026026775.stk`
2026026776	`generated_gifts/gg/2026026776.stk`
2026026777	`generated_gifts/gg/2026026777.stk`
2026026778	`generated_gifts/gg/2026026778.stk`
2026026779	`generated_gifts/gg/2026026779.stk`
2026026780	`generated_gifts/gg/2026026780.stk`
2026026781	`generated_gifts/gg/2026026781.stk`
2026026782	`generated_gifts/gg/2026026782.stk`
2026026783	`generated_gifts/gg/2026026783.stk`
2026026784	`generated_gifts/gg/2026026784.stk`
2026026785	`generated_gifts/gg/2026026785.stk`
2026026786	`generated_gifts/gg/2026026786.stk`
2026026787	`generated_gifts/gg/2026026787.stk`
2026026788	`generated_gifts/gg/2026026788.stk`
2026026789	`generated_gifts/gg/2026026789.stk`
2026026790	`generated_gifts/gg/2026026790.stk`
2026026791	`generated_gifts/gg/2026026791.stk`
2026026792	`generated_gifts/gg/2026026792.stk`
2026026793	`generated_gifts/gg/2026026793.stk`
2026026794	`generated_gifts/gg/2026026794.stk`
2026026795	`generated_gifts/gg/2026026795.stk`
2026026796	`generated_gifts/gg/2026026796.stk`
2026026797	`generated_gifts/gg/2026026797.stk`
2026026798	`generated_gifts/gg/2026026798.stk`
2026026799	`generated_gifts/gg/2026026799.stk`
2026026800	`generated_gifts/gg/2026026800.stk`
2026026801	`generated_gifts/gg/2026026801.stk`
2026026802	`generated_gifts/gg/2026026802.stk`
2026026803	`generated_gifts/gg/2026026803.stk`
2026026804	`generated_gifts/gg/2026026804.stk`
2026026805	`generated_gifts/gg/2026026805.stk`
2026026806	`generated_gifts/gg/2026026806.stk`
2026026807	`generated_gifts/gg/2026026807.stk`
2026026808	`generated_gifts/gg/2026026808.stk`
2026026809	`generated_gifts/gg/2026026809.stk`
2026026810	`generated_gifts/gg/2026026810.stk`
2026026811	`generated_gifts/gg/2026026811.stk`
2026026812	`generated_gifts/gg/2026026812.stk`
2026026813	`generated_gifts/gg/2026026813.stk`
2026026814	`generated_gifts/gg/2026026814.stk`
2026026815	`generated_gifts/gg/2026026815.stk`
2026026816	`generated_gifts/gg/2026026816.stk`
2026026817	`generated_gifts/gg/2026026817.stk`
2026026818	`generated_gifts/gg/2026026818.stk`
2026026819	`generated_gifts/gg/2026026819.stk`
2026026820	`generated_gifts/gg/2026026820.stk`
2026026821	`generated_gifts/gg/2026026821.stk`
2026026822	`generated_gifts/gg/2026026822.stk`
2026026823	`generated_gifts/gg/2026026823.stk`
2026026824	`generated_gifts/gg/2026026824.stk`
2026026825	`generated_gifts/gg/2026026825.stk`
2026026826	`generated_gifts/gg/2026026826.stk`
2026026827	`generated_gifts/gg/2026026827.stk`
2026026828	`generated_gifts/gg/2026026828.stk`
2026026829	`generated_gifts/gg/2026026829.stk`
2026026830	`generated_gifts/gg/2026026830.stk`
2026026831	`generated_gifts/gg/2026026831.stk`
2026026832	`generated_gifts/gg/2026026832.stk`
2026026833	`generated_gifts/gg/2026026833.stk`
2026026834	`generated_gifts/gg/2026026834.stk`
2026026835	`generated_gifts/gg/2026026835.stk`
2026026836	`generated_gifts/gg/2026026836.stk`
2026026837	`generated_gifts/gg/2026026837.stk`
2026026838	`generated_gifts/gg/2026026838.stk`
2026026839	`generated_gifts/gg/2026026839.stk`
2026026840	`generated_gifts/gg/2026026840.stk`
2026026841	`generated_gifts/gg/2026026841.stk`
2026026842	`generated_gifts/gg/2026026842.stk`
2026026843	`generated_gifts/gg/2026026843.stk`
2026026844	`generated_gifts/gg/2026026844.stk`
2026026845	`generated_gifts/gg/2026026845.stk`
2026026846	`generated_gifts/gg/2026026846.stk`
2026026847	`generated_gifts/gg/2026026847.stk`
2026026848	`generated_gifts/gg/2026026848.stk`
2026026849	`generated_gifts/gg/2026026849.stk`
2026026850	`generated_gifts/gg/2026026850.stk`
2026026851	`generated_gifts/gg/2026026851.stk`
2026026852	`generated_gifts/gg/2026026852.stk`
2026026853	`generated_gifts/gg/2026026853.stk`
2026026854	`generated_gifts/gg/2026026854.stk`
2026026855	`generated_gifts/gg/2026026855.stk`
2026026856	`generated_gifts/gg/2026026856.stk`
2026026857	`generated_gifts/gg/2026026857.stk`
2026026858	`generated_gifts/gg/2026026858.stk`
2026026859	`generated_gifts/gg/2026026859.stk`
2026026860	`generated_gifts/gg/2026026860.stk`
2026026861	`generated_gifts/gg/2026026861.stk`
2026026862	`generated_gifts/gg/2026026862.stk`
2026026863	`generated_gifts/gg/2026026863.stk`
2026026864	`generated_gifts/gg/2026026864.stk`
2026026865	`generated_gifts/gg/2026026865.stk`
2026026866	`generated_gifts/gg/2026026866.stk`
2026026867	`generated_gifts/gg/2026026867.stk`
2026026868	`generated_gifts/gg/2026026868.stk`
2026026869	`generated_gifts/gg/2026026869.stk`
2026026870	`generated_gifts/gg/2026026870.stk`
2026026871	`generated_gifts/gg/2026026871.stk`
2026026872	`generated_gifts/gg/2026026872.stk`
2026026873	`generated_gifts/gg/2026026873.stk`
2026026874	`generated_gifts/gg/2026026874.stk`
2026026875	`generated_gifts/gg/2026026875.stk`
2026026876	`generated_gifts/gg/2026026876.stk`
2026026877	`generated_gifts/gg/2026026877.stk`
2026026878	`generated_gifts/gg/2026026878.stk`
2026026879	`generated_gifts/gg/2026026879.stk`
2026026880	`generated_gifts/gg/2026026880.stk`
2026026881	`generated_gifts/gg/2026026881.stk`
2026026882	`generated_gifts/gg/2026026882.stk`
2026026883	`generated_gifts/gg/2026026883.stk`
2026026884	`generated_gifts/gg/2026026884.stk`
2026026885	`generated_gifts/gg/2026026885.stk`
2026026886	`generated_gifts/gg/2026026886.stk`
2026026887	`generated_gifts/gg/2026026887.stk`
2026026888	`generated_gifts/gg/2026026888.stk`
2026026889	`generated_gifts/gg/2026026889.stk`
2026026890	`generated_gifts/gg/2026026890.stk`
2026026891	`generated_gifts/gg/2026026891.stk`
2026026892	`generated_gifts/gg/2026026892.stk`
2026026893	`generated_gifts/gg/2026026893.stk`
2026026894	`generated_gifts/gg/2026026894.stk`
2026026895	`generated_gifts/gg/2026026895.stk`
2026026896	`generated_gifts/gg/2026026896.stk`
2026026897	`generated_gifts/gg/2026026897.stk`
2026026898	`generated_gifts/gg/2026026898.stk`
2026026899	`generated_gifts/gg/2026026899.stk`
2026026900	`generated_gifts/gg/2026026900.stk`
2026026901	`generated_gifts/gg/2026026901.stk`
2026026902	`generated_gifts/gg/2026026902.stk`
2026026903	`generated_gifts/gg/2026026903.stk`
2026026904	`generated_gifts/gg/2026026904.stk`
2026026905	`generated_gifts/gg/2026026905.stk`
2026026906	`generated_gifts/gg/2026026906.stk`
2026026907	`generated_gifts/gg/2026026907.stk`
2026026908	`generated_gifts/gg/2026026908.stk`
2026026909	`generated_gifts/gg/2026026909.stk`
2026026910	`generated_gifts/gg/2026026910.stk`
2026026911	`generated_gifts/gg/2026026911.stk`
2026026912	`generated_gifts/gg/2026026912.stk`
2026026913	`generated_gifts/gg/2026026913.stk`
2026026914	`generated_gifts/gg/2026026914.stk`
2026026915	`generated_gifts/gg/2026026915.stk`
2026026916	`generated_gifts/gg/2026026916.stk`
2026026917	`generated_gifts/gg/2026026917.stk`
2026026918	`generated_gifts/gg/2026026918.stk`
2026026919	`generated_gifts/gg/2026026919.stk`
2026026920	`generated_gifts/gg/2026026920.stk`
2026026921	`generated_gifts/gg/2026026921.stk`
2026026922	`generated_gifts/gg/2026026922.stk`
2026026923	`generated_gifts/gg/2026026923.stk`
2026026924	`generated_gifts/gg/2026026924.stk`
2026026925	`generated_gifts/gg/2026026925.stk`
2026026926	`generated_gifts/gg/2026026926.stk`
2026026927	`generated_gifts/gg/2026026927.stk`
2026026928	`generated_gifts/gg/2026026928.stk`
2026026929	`generated_gifts/gg/2026026929.stk`
2026026930	`generated_gifts/gg/2026026930.stk`
2026026931	`generated_gifts/gg/2026026931.stk`
2026026932	`generated_gifts/gg/2026026932.stk`
2026026933	`generated_gifts/gg/2026026933.stk`
2026026934	`generated_gifts/gg/2026026934.stk`
2026026935	`generated_gifts/gg/2026026935.stk`
2026026936	`generated_gifts/gg/2026026936.stk`
2026026937	`generated_gifts/gg/2026026937.stk`
2026026938	`generated_gifts/gg/2026026938.stk`
2026026939	`generated_gifts/gg/2026026939.stk`
2026026940	`generated_gifts/gg/2026026940.stk`
2026026941	`generated_gifts/gg/2026026941.stk`
2026026942	`generated_gifts/gg/2026026942.stk`
2026026943	`generated_gifts/gg/2026026943.stk`
2026026944	`generated_gifts/gg/2026026944.stk`
2026026945	`generated_gifts/gg/2026026945.stk`
2026026946	`generated_gifts/gg/2026026946.stk`
2026026947	`generated_gifts/gg/2026026947.stk`
2026026948	`generated_gifts/gg/2026026948.stk`
2026026949	`generated_gifts/gg/2026026949.stk`
2026026950	`generated_gifts/gg/2026026950.stk`
2026026951	`generated_gifts/gg/2026026951.stk`
2026026952	`generated_gifts/gg/2026026952.stk`
2026026953	`generated_gifts/gg/2026026953.stk`
2026026954	`generated_gifts/gg/2026026954.stk`
2026026955	`generated_gifts/gg/2026026955.stk`
2026026956	`generated_gifts/gg/2026026956.stk`
2026026957	`generated_gifts/gg/2026026957.stk`
2026026958	`generated_gifts/gg/2026026958.stk`
2026026959	`generated_gifts/gg/2026026959.stk`
2026026960	`generated_gifts/gg/2026026960.stk`
2026026961	`generated_gifts/gg/2026026961.stk`
2026026962	`generated_gifts/gg/2026026962.stk`
2026026963	`generated_gifts/gg/2026026963.stk`
2026026964	`generated_gifts/gg/2026026964.stk`
2026026965	`generated_gifts/gg/2026026965.stk`
2026026966	`generated_gifts/gg/2026026966.stk`
2026026967	`generated_gifts/gg/2026026967.stk`
2026026968	`generated_gifts/gg/2026026968.stk`
2026026969	`generated_gifts/gg/2026026969.stk`
2026026970	`generated_gifts/gg/2026026970.stk`
2026026971	`generated_gifts/gg/2026026971.stk`
2026026972	`generated_gifts/gg/2026026972.stk`
2026026973	`generated_gifts/gg/2026026973.stk`
2026026974	`generated_gifts/gg/2026026974.stk`
2026026975	`generated_gifts/gg/2026026975.stk`
2026026976	`generated_gifts/gg/2026026976.stk`
2026026977	`generated_gifts/gg/2026026977.stk`
2026026978	`generated_gifts/gg/2026026978.stk`
2026026979	`generated_gifts/gg/2026026979.stk`
2026026980	`generated_gifts/gg/2026026980.stk`
2026026981	`generated_gifts/gg/2026026981.stk`
2026026982	`generated_gifts/gg/2026026982.stk`
2026026983	`generated_gifts/gg/2026026983.stk`
2026026984	`generated_gifts/gg/2026026984.stk`
2026026985	`generated_gifts/gg/2026026985.stk`
2026026986	`generated_gifts/gg/2026026986.stk`
2026026987	`generated_gifts/gg/2026026987.stk`
2026026988	`generated_gifts/gg/2026026988.stk`
2026026989	`generated_gifts/gg/2026026989.stk`
2026026990	`generated_gifts/gg/2026026990.stk`
2026026991	`generated_gifts/gg/2026026991.stk`
2026026992	`generated_gifts/gg/2026026992.stk`
2026026993	`generated_gifts/gg/2026026993.stk`
2026026994	`generated_gifts/gg/2026026994.stk`
2026026995	`generated_gifts/gg/2026026995.stk`
2026026996	`generated_gifts/gg/2026026996.stk`
2026026997	`generated_gifts/gg/2026026997.stk`
2026026998	`generated_gifts/gg/2026026998.stk`
2026026999	`generated_gifts/gg/2026026999.stk`
2026027000	`generated_gifts/gg/2026027000.stk`
2026027001	`generated_gifts/gg/2026027001.stk`
2026027002	`generated_gifts/gg/2026027002.stk`
2026027003	`generated_gifts/gg/2026027003.stk`
2026027004	`generated_gifts/gg/2026027004.stk`
2026027005	`generated_gifts/gg/2026027005.stk`
2026027006	`generated_gifts/gg/2026027006.stk`
2026027007	`generated_gifts/gg/2026027007.stk`
2026027008	`generated_gifts/gg/2026027008.stk`
2026027009	`generated_gifts/gg/2026027009.stk`
2026027010	`generated_gifts/gg/2026027010.stk`
2026027011	`generated_gifts/gg/2026027011.stk`
2026027012	`generated_gifts/gg/2026027012.stk`
2026027013	`generated_gifts/gg/2026027013.stk`
2026027014	`generated_gifts/gg/2026027014.stk`
2026027015	`generated_gifts/gg/2026027015.stk`
2026027016	`generated_gifts/gg/2026027016.stk`
2026027017	`generated_gifts/gg/2026027017.stk`
2026027018	`generated_gifts/gg/2026027018.stk`
2026027019	`generated_gifts/gg/2026027019.stk`
2026027020	`generated_gifts/gg/2026027020.stk`
2026027021	`generated_gifts/gg/2026027021.stk`
2026027022	`generated_gifts/gg/2026027022.stk`
2026027023	`generated_gifts/gg/2026027023.stk`
2026027024	`generated_gifts/gg/2026027024.stk`
2026027025	`generated_gifts/gg/2026027025.stk`
2026027026	`generated_gifts/gg/2026027026.stk`
2026027027	`generated_gifts/gg/2026027027.stk`
2026027028	`generated_gifts/gg/2026027028.stk`
2026027029	`generated_gifts/gg/2026027029.stk`
2026027030	`generated_gifts/gg/2026027030.stk`
2026027031	`generated_gifts/gg/2026027031.stk`
2026027032	`generated_gifts/gg/2026027032.stk`
2026027033	`generated_gifts/gg/2026027033.stk`
2026027034	`generated_gifts/gg/2026027034.stk`
2026027035	`generated_gifts/gg/2026027035.stk`
2026027036	`generated_gifts/gg/2026027036.stk`
2026027037	`generated_gifts/gg/2026027037.stk`
2026027038	`generated_gifts/gg/2026027038.stk`
2026027039	`generated_gifts/gg/2026027039.stk`
2026027040	`generated_gifts/gg/2026027040.stk`
2026027041	`generated_gifts/gg/2026027041.stk`
2026027042	`generated_gifts/gg/2026027042.stk`
2026027043	`generated_gifts/gg/2026027043.stk`
2026027044	`generated_gifts/gg/2026027044.stk`
2026027045	`generated_gifts/gg/2026027045.stk`
2026027046	`generated_gifts/gg/2026027046.stk`
2026027047	`generated_gifts/gg/2026027047.stk`
2026027048	`generated_gifts/gg/2026027048.stk`
2026027049	`generated_gifts/gg/2026027049.stk`
2026027050	`generated_gifts/gg/2026027050.stk`
2026027051	`generated_gifts/gg/2026027051.stk`
2026027052	`generated_gifts/gg/2026027052.stk`
2026027053	`generated_gifts/gg/2026027053.stk`
2026027054	`generated_gifts/gg/2026027054.stk`
2026027055	`generated_gifts/gg/2026027055.stk`
2026027056	`generated_gifts/gg/2026027056.stk`
2026027057	`generated_gifts/gg/2026027057.stk`
2026027058	`generated_gifts/gg/2026027058.stk`
2026027059	`generated_gifts/gg/2026027059.stk`
2026027060	`generated_gifts/gg/2026027060.stk`
2026027061	`generated_gifts/gg/2026027061.stk`
2026027062	`generated_gifts/gg/2026027062.stk`
2026027063	`generated_gifts/gg/2026027063.stk`
2026027064	`generated_gifts/gg/2026027064.stk`
2026027065	`generated_gifts/gg/2026027065.stk`
2026027066	`generated_gifts/gg/2026027066.stk`
2026027067	`generated_gifts/gg/2026027067.stk`
2026027068	`generated_gifts/gg/2026027068.stk`
2026027069	`generated_gifts/gg/2026027069.stk`
2026027070	`generated_gifts/gg/2026027070.stk`
2026027071	`generated_gifts/gg/2026027071.stk`
2026027072	`generated_gifts/gg/2026027072.stk`
2026027073	`generated_gifts/gg/2026027073.stk`
2026027074	`generated_gifts/gg/2026027074.stk`
2026027075	`generated_gifts/gg/2026027075.stk`
2026027076	`generated_gifts/gg/2026027076.stk`
2026027077	`generated_gifts/gg/2026027077.stk`
2026027078	`generated_gifts/gg/2026027078.stk`
2026027079	`generated_gifts/gg/2026027079.stk`
2026027080	`generated_gifts/gg/2026027080.stk`
2026027081	`generated_gifts/gg/2026027081.stk`
2026027082	`generated_gifts/gg/2026027082.stk`
2026027083	`generated_gifts/gg/2026027083.stk`
2026027084	`generated_gifts/gg/2026027084.stk`
2026027085	`generated_gifts/gg/2026027085.stk`
2026027086	`generated_gifts/gg/2026027086.stk`
2026027087	`generated_gifts/gg/2026027087.stk`
2026027088	`generated_gifts/gg/2026027088.stk`
2026027089	`generated_gifts/gg/2026027089.stk`
2026027090	`generated_gifts/gg/2026027090.stk`
2026027091	`generated_gifts/gg/2026027091.stk`
2026027092	`generated_gifts/gg/2026027092.stk`
2026027093	`generated_gifts/gg/2026027093.stk`
2026027094	`generated_gifts/gg/2026027094.stk`
2026027095	`generated_gifts/gg/2026027095.stk`
2026027096	`generated_gifts/gg/2026027096.stk`
2026027097	`generated_gifts/gg/2026027097.stk`
2026027098	`generated_gifts/gg/2026027098.stk`
2026027099	`generated_gifts/gg/2026027099.stk`
2026027100	`generated_gifts/gg/2026027100.stk`
2026027101	`generated_gifts/gg/2026027101.stk`
2026027102	`generated_gifts/gg/2026027102.stk`
2026027103	`generated_gifts/gg/2026027103.stk`
2026027104	`generated_gifts/gg/2026027104.stk`
2026027105	`generated_gifts/gg/2026027105.stk`
2026027106	`generated_gifts/gg/2026027106.stk`
2026027107	`generated_gifts/gg/2026027107.stk`
2026027108	`generated_gifts/gg/2026027108.stk`
2026027109	`generated_gifts/gg/2026027109.stk`
2026027110	`generated_gifts/gg/2026027110.stk`
2026027111	`generated_gifts/gg/2026027111.stk`
2026027112	`generated_gifts/gg/2026027112.stk`
2026027113	`generated_gifts/gg/2026027113.stk`
2026027114	`generated_gifts/gg/2026027114.stk`
2026027115	`generated_gifts/gg/2026027115.stk`
2026027116	`generated_gifts/gg/2026027116.stk`
2026027117	`generated_gifts/gg/2026027117.stk`
2026027118	`generated_gifts/gg/2026027118.stk`
2026027119	`generated_gifts/gg/2026027119.stk`
2026027120	`generated_gifts/gg/2026027120.stk`
2026027121	`generated_gifts/gg/2026027121.stk`
2026027122	`generated_gifts/gg/2026027122.stk`
2026027123	`generated_gifts/gg/2026027123.stk`
2026027124	`generated_gifts/gg/2026027124.stk`
2026027125	`generated_gifts/gg/2026027125.stk`
2026027126	`generated_gifts/gg/2026027126.stk`
2026027127	`generated_gifts/gg/2026027127.stk`
2026027128	`generated_gifts/gg/2026027128.stk`
2026027129	`generated_gifts/gg/2026027129.stk`
2026027130	`generated_gifts/gg/2026027130.stk`
2026027131	`generated_gifts/gg/2026027131.stk`
2026027132	`generated_gifts/gg/2026027132.stk`
2026027133	`generated_gifts/gg/2026027133.stk`
2026027134	`generated_gifts/gg/2026027134.stk`
2026027135	`generated_gifts/gg/2026027135.stk`
2026027136	`generated_gifts/gg/2026027136.stk`
2026027137	`generated_gifts/gg/2026027137.stk`
2026027138	`generated_gifts/gg/2026027138.stk`
2026027139	`generated_gifts/gg/2026027139.stk`
2026027140	`generated_gifts/gg/2026027140.stk`
2026027141	`generated_gifts/gg/2026027141.stk`
2026027142	`generated_gifts/gg/2026027142.stk`
2026027143	`generated_gifts/gg/2026027143.stk`
2026027144	`generated_gifts/gg/2026027144.stk`
2026027145	`generated_gifts/gg/2026027145.stk`
2026027146	`generated_gifts/gg/2026027146.stk`
2026027147	`generated_gifts/gg/2026027147.stk`
2026027148	`generated_gifts/gg/2026027148.stk`
2026027149	`generated_gifts/gg/2026027149.stk`
2026027150	`generated_gifts/gg/2026027150.stk`
2026027151	`generated_gifts/gg/2026027151.stk`
2026027152	`generated_gifts/gg/2026027152.stk`
2026027153	`generated_gifts/gg/2026027153.stk`
2026027154	`generated_gifts/gg/2026027154.stk`
2026027155	`generated_gifts/gg/2026027155.stk`
2026027156	`generated_gifts/gg/2026027156.stk`
2026027157	`generated_gifts/gg/2026027157.stk`
2026027158	`generated_gifts/gg/2026027158.stk`
2026027159	`generated_gifts/gg/2026027159.stk`
2026027160	`generated_gifts/gg/2026027160.stk`
2026027161	`generated_gifts/gg/2026027161.stk`
2026027162	`generated_gifts/gg/2026027162.stk`
2026027163	`generated_gifts/gg/2026027163.stk`
2026027164	`generated_gifts/gg/2026027164.stk`
2026027165	`generated_gifts/gg/2026027165.stk`
2026027166	`generated_gifts/gg/2026027166.stk`
2026027167	`generated_gifts/gg/2026027167.stk`
2026027168	`generated_gifts/gg/2026027168.stk`
2026027169	`generated_gifts/gg/2026027169.stk`
2026027170	`generated_gifts/gg/2026027170.stk`
2026027171	`generated_gifts/gg/2026027171.stk`
2026027172	`generated_gifts/gg/2026027172.stk`
2026027173	`generated_gifts/gg/2026027173.stk`
2026027174	`generated_gifts/gg/2026027174.stk`
2026027175	`generated_gifts/gg/2026027175.stk`
2026027176	`generated_gifts/gg/2026027176.stk`
2026027177	`generated_gifts/gg/2026027177.stk`
2026027178	`generated_gifts/gg/2026027178.stk`
2026027179	`generated_gifts/gg/2026027179.stk`
2026027180	`generated_gifts/gg/2026027180.stk`
2026027181	`generated_gifts/gg/2026027181.stk`
2026027182	`generated_gifts/gg/2026027182.stk`
2026027183	`generated_gifts/gg/2026027183.stk`
2026027184	`generated_gifts/gg/2026027184.stk`
2026027185	`generated_gifts/gg/2026027185.stk`
2026027186	`generated_gifts/gg/2026027186.stk`
2026027187	`generated_gifts/gg/2026027187.stk`
2026027188	`generated_gifts/gg/2026027188.stk`
2026027189	`generated_gifts/gg/2026027189.stk`
2026027190	`generated_gifts/gg/2026027190.stk`
2026027191	`generated_gifts/gg/2026027191.stk`
2026027192	`generated_gifts/gg/2026027192.stk`
2026027193	`generated_gifts/gg/2026027193.stk`
2026027194	`generated_gifts/gg/2026027194.stk`
2026027195	`generated_gifts/gg/2026027195.stk`
2026027196	`generated_gifts/gg/2026027196.stk`
2026027197	`generated_gifts/gg/2026027197.stk`
2026027198	`generated_gifts/gg/2026027198.stk`
2026027199	`generated_gifts/gg/2026027199.stk`
2026027200	`generated_gifts/gg/2026027200.stk`
2026027201	`generated_gifts/mg/2026027201.stk`
2026027202	`generated_gifts/mg/2026027202.stk`
2026027203	`generated_gifts/mg/2026027203.stk`
2026027204	`generated_gifts/mg/2026027204.stk`
2026027205	`generated_gifts/mg/2026027205.stk`
2026027206	`generated_gifts/mg/2026027206.stk`
2026027207	`generated_gifts/mg/2026027207.stk`
2026027208	`generated_gifts/mg/2026027208.stk`
2026027209	`generated_gifts/mg/2026027209.stk`
2026027210	`generated_gifts/mg/2026027210.stk`
2026027211	`generated_gifts/mg/2026027211.stk`
2026027212	`generated_gifts/mg/2026027212.stk`
2026027213	`generated_gifts/mg/2026027213.stk`
2026027214	`generated_gifts/mg/2026027214.stk`
2026027215	`generated_gifts/mg/2026027215.stk`
2026027216	`generated_gifts/mg/2026027216.stk`
2026027217	`generated_gifts/mg/2026027217.stk`
2026027218	`generated_gifts/mg/2026027218.stk`
2026027219	`generated_gifts/mg/2026027219.stk`
2026027220	`generated_gifts/mg/2026027220.stk`
2026027221	`generated_gifts/mg/2026027221.stk`
2026027222	`generated_gifts/mg/2026027222.stk`
2026027223	`generated_gifts/mg/2026027223.stk`
2026027224	`generated_gifts/mg/2026027224.stk`
2026027225	`generated_gifts/mg/2026027225.stk`
2026027226	`generated_gifts/mg/2026027226.stk`
2026027227	`generated_gifts/mg/2026027227.stk`
2026027228	`generated_gifts/mg/2026027228.stk`
2026027229	`generated_gifts/mg/2026027229.stk`
2026027230	`generated_gifts/mg/2026027230.stk`
2026027231	`generated_gifts/mg/2026027231.stk`
2026027232	`generated_gifts/mg/2026027232.stk`
2026027233	`generated_gifts/mg/2026027233.stk`
2026027234	`generated_gifts/mg/2026027234.stk`
2026027235	`generated_gifts/mg/2026027235.stk`
2026027236	`generated_gifts/mg/2026027236.stk`
2026027237	`generated_gifts/mg/2026027237.stk`
2026027238	`generated_gifts/mg/2026027238.stk`
2026027239	`generated_gifts/mg/2026027239.stk`
2026027240	`generated_gifts/mg/2026027240.stk`
2026027241	`generated_gifts/mg/2026027241.stk`
2026027242	`generated_gifts/mg/2026027242.stk`
2026027243	`generated_gifts/mg/2026027243.stk`
2026027244	`generated_gifts/mg/2026027244.stk`
2026027245	`generated_gifts/mg/2026027245.stk`
2026027246	`generated_gifts/mg/2026027246.stk`
2026027247	`generated_gifts/mg/2026027247.stk`
2026027248	`generated_gifts/mg/2026027248.stk`
2026027249	`generated_gifts/mg/2026027249.stk`
2026027250	`generated_gifts/mg/2026027250.stk`
2026027251	`generated_gifts/mg/2026027251.stk`
2026027252	`generated_gifts/mg/2026027252.stk`
2026027253	`generated_gifts/mg/2026027253.stk`
2026027254	`generated_gifts/mg/2026027254.stk`
2026027255	`generated_gifts/mg/2026027255.stk`
2026027256	`generated_gifts/mg/2026027256.stk`
2026027257	`generated_gifts/mg/2026027257.stk`
2026027258	`generated_gifts/mg/2026027258.stk`
2026027259	`generated_gifts/mg/2026027259.stk`
2026027260	`generated_gifts/mg/2026027260.stk`
2026027261	`generated_gifts/mg/2026027261.stk`
2026027262	`generated_gifts/mg/2026027262.stk`
2026027263	`generated_gifts/mg/2026027263.stk`
2026027264	`generated_gifts/mg/2026027264.stk`
2026027265	`generated_gifts/mg/2026027265.stk`
2026027266	`generated_gifts/mg/2026027266.stk`
2026027267	`generated_gifts/mg/2026027267.stk`
2026027268	`generated_gifts/mg/2026027268.stk`
2026027269	`generated_gifts/mg/2026027269.stk`
2026027270	`generated_gifts/mg/2026027270.stk`
2026027271	`generated_gifts/mg/2026027271.stk`
2026027272	`generated_gifts/mg/2026027272.stk`
2026027273	`generated_gifts/mg/2026027273.stk`
2026027274	`generated_gifts/mg/2026027274.stk`
2026027275	`generated_gifts/mg/2026027275.stk`
2026027276	`generated_gifts/mg/2026027276.stk`
2026027277	`generated_gifts/mg/2026027277.stk`
2026027278	`generated_gifts/mg/2026027278.stk`
2026027279	`generated_gifts/mg/2026027279.stk`
2026027280	`generated_gifts/mg/2026027280.stk`
2026027281	`generated_gifts/mg/2026027281.stk`
2026027282	`generated_gifts/mg/2026027282.stk`
2026027283	`generated_gifts/mg/2026027283.stk`
2026027284	`generated_gifts/mg/2026027284.stk`
2026027285	`generated_gifts/mg/2026027285.stk`
2026027286	`generated_gifts/mg/2026027286.stk`
2026027287	`generated_gifts/mg/2026027287.stk`
2026027288	`generated_gifts/mg/2026027288.stk`
2026027289	`generated_gifts/mg/2026027289.stk`
2026027290	`generated_gifts/mg/2026027290.stk`
2026027291	`generated_gifts/mg/2026027291.stk`
2026027292	`generated_gifts/mg/2026027292.stk`
2026027293	`generated_gifts/mg/2026027293.stk`
2026027294	`generated_gifts/mg/2026027294.stk`
2026027295	`generated_gifts/mg/2026027295.stk`
2026027296	`generated_gifts/mg/2026027296.stk`
2026027297	`generated_gifts/mg/2026027297.stk`
2026027298	`generated_gifts/mg/2026027298.stk`
2026027299	`generated_gifts/mg/2026027299.stk`
2026027300	`generated_gifts/mg/2026027300.stk`
2026027301	`generated_gifts/mg/2026027301.stk`
2026027302	`generated_gifts/mg/2026027302.stk`
2026027303	`generated_gifts/mg/2026027303.stk`
2026027304	`generated_gifts/mg/2026027304.stk`
2026027305	`generated_gifts/mg/2026027305.stk`
2026027306	`generated_gifts/mg/2026027306.stk`
2026027307	`generated_gifts/mg/2026027307.stk`
2026027308	`generated_gifts/mg/2026027308.stk`
2026027309	`generated_gifts/mg/2026027309.stk`
2026027310	`generated_gifts/mg/2026027310.stk`
2026027311	`generated_gifts/mg/2026027311.stk`
2026027312	`generated_gifts/mg/2026027312.stk`
2026027313	`generated_gifts/mg/2026027313.stk`
2026027314	`generated_gifts/mg/2026027314.stk`
2026027315	`generated_gifts/mg/2026027315.stk`
2026027316	`generated_gifts/mg/2026027316.stk`
2026027317	`generated_gifts/mg/2026027317.stk`
2026027318	`generated_gifts/mg/2026027318.stk`
2026027319	`generated_gifts/mg/2026027319.stk`
2026027320	`generated_gifts/mg/2026027320.stk`
2026027321	`generated_gifts/mg/2026027321.stk`
2026027322	`generated_gifts/mg/2026027322.stk`
2026027323	`generated_gifts/mg/2026027323.stk`
2026027324	`generated_gifts/mg/2026027324.stk`
2026027325	`generated_gifts/mg/2026027325.stk`
2026027326	`generated_gifts/mg/2026027326.stk`
2026027327	`generated_gifts/mg/2026027327.stk`
2026027328	`generated_gifts/mg/2026027328.stk`
2026027329	`generated_gifts/mg/2026027329.stk`
2026027330	`generated_gifts/mg/2026027330.stk`
2026027331	`generated_gifts/mg/2026027331.stk`
2026027332	`generated_gifts/mg/2026027332.stk`
2026027333	`generated_gifts/mg/2026027333.stk`
2026027334	`generated_gifts/mg/2026027334.stk`
2026027335	`generated_gifts/mg/2026027335.stk`
2026027336	`generated_gifts/mg/2026027336.stk`
2026027337	`generated_gifts/mg/2026027337.stk`
2026027338	`generated_gifts/mg/2026027338.stk`
2026027339	`generated_gifts/mg/2026027339.stk`
2026027340	`generated_gifts/mg/2026027340.stk`
2026027341	`generated_gifts/mg/2026027341.stk`
2026027342	`generated_gifts/mg/2026027342.stk`
2026027343	`generated_gifts/mg/2026027343.stk`
2026027344	`generated_gifts/mg/2026027344.stk`
2026027345	`generated_gifts/mg/2026027345.stk`
2026027346	`generated_gifts/mg/2026027346.stk`
2026027347	`generated_gifts/mg/2026027347.stk`
2026027348	`generated_gifts/mg/2026027348.stk`
2026027349	`generated_gifts/mg/2026027349.stk`
2026027350	`generated_gifts/mg/2026027350.stk`
2026027351	`generated_gifts/mg/2026027351.stk`
2026027352	`generated_gifts/mg/2026027352.stk`
2026027353	`generated_gifts/mg/2026027353.stk`
2026027354	`generated_gifts/mg/2026027354.stk`
2026027355	`generated_gifts/mg/2026027355.stk`
2026027356	`generated_gifts/mg/2026027356.stk`
2026027357	`generated_gifts/mg/2026027357.stk`
2026027358	`generated_gifts/mg/2026027358.stk`
2026027359	`generated_gifts/mg/2026027359.stk`
2026027360	`generated_gifts/mg/2026027360.stk`
2026027361	`generated_gifts/mg/2026027361.stk`
2026027362	`generated_gifts/mg/2026027362.stk`
2026027363	`generated_gifts/mg/2026027363.stk`
2026027364	`generated_gifts/mg/2026027364.stk`
2026027365	`generated_gifts/mg/2026027365.stk`
2026027366	`generated_gifts/mg/2026027366.stk`
2026027367	`generated_gifts/mg/2026027367.stk`
2026027368	`generated_gifts/mg/2026027368.stk`
2026027369	`generated_gifts/mg/2026027369.stk`
2026027370	`generated_gifts/mg/2026027370.stk`
2026027371	`generated_gifts/mg/2026027371.stk`
2026027372	`generated_gifts/mg/2026027372.stk`
2026027373	`generated_gifts/mg/2026027373.stk`
2026027374	`generated_gifts/mg/2026027374.stk`
2026027375	`generated_gifts/mg/2026027375.stk`
2026027376	`generated_gifts/mg/2026027376.stk`
2026027377	`generated_gifts/mg/2026027377.stk`
2026027378	`generated_gifts/mg/2026027378.stk`
2026027379	`generated_gifts/mg/2026027379.stk`
2026027380	`generated_gifts/mg/2026027380.stk`
2026027381	`generated_gifts/mg/2026027381.stk`
2026027382	`generated_gifts/mg/2026027382.stk`
2026027383	`generated_gifts/mg/2026027383.stk`
2026027384	`generated_gifts/mg/2026027384.stk`
2026027385	`generated_gifts/mg/2026027385.stk`
2026027386	`generated_gifts/mg/2026027386.stk`
2026027387	`generated_gifts/mg/2026027387.stk`
2026027388	`generated_gifts/mg/2026027388.stk`
2026027389	`generated_gifts/mg/2026027389.stk`
2026027390	`generated_gifts/mg/2026027390.stk`
2026027391	`generated_gifts/mg/2026027391.stk`
2026027392	`generated_gifts/mg/2026027392.stk`
2026027393	`generated_gifts/mg/2026027393.stk`
2026027394	`generated_gifts/mg/2026027394.stk`
2026027395	`generated_gifts/mg/2026027395.stk`
2026027396	`generated_gifts/mg/2026027396.stk`
2026027397	`generated_gifts/mg/2026027397.stk`
2026027398	`generated_gifts/mg/2026027398.stk`
2026027399	`generated_gifts/mg/2026027399.stk`
2026027400	`generated_gifts/mg/2026027400.stk`
2026027401	`generated_gifts/mg/2026027401.stk`
2026027402	`generated_gifts/mg/2026027402.stk`
2026027403	`generated_gifts/mg/2026027403.stk`
2026027404	`generated_gifts/mg/2026027404.stk`
2026027405	`generated_gifts/mg/2026027405.stk`
2026027406	`generated_gifts/mg/2026027406.stk`
2026027407	`generated_gifts/mg/2026027407.stk`
2026027408	`generated_gifts/mg/2026027408.stk`
2026027409	`generated_gifts/mg/2026027409.stk`
2026027410	`generated_gifts/mg/2026027410.stk`
2026027411	`generated_gifts/mg/2026027411.stk`
2026027412	`generated_gifts/mg/2026027412.stk`
2026027413	`generated_gifts/mg/2026027413.stk`
2026027414	`generated_gifts/mg/2026027414.stk`
2026027415	`generated_gifts/mg/2026027415.stk`
2026027416	`generated_gifts/mg/2026027416.stk`
2026027417	`generated_gifts/mg/2026027417.stk`
2026027418	`generated_gifts/mg/2026027418.stk`
2026027419	`generated_gifts/mg/2026027419.stk`
2026027420	`generated_gifts/mg/2026027420.stk`
2026027421	`generated_gifts/mg/2026027421.stk`
2026027422	`generated_gifts/mg/2026027422.stk`
2026027423	`generated_gifts/mg/2026027423.stk`
2026027424	`generated_gifts/mg/2026027424.stk`
2026027425	`generated_gifts/mg/2026027425.stk`
2026027426	`generated_gifts/mg/2026027426.stk`
2026027427	`generated_gifts/mg/2026027427.stk`
2026027428	`generated_gifts/mg/2026027428.stk`
2026027429	`generated_gifts/mg/2026027429.stk`
2026027430	`generated_gifts/mg/2026027430.stk`
2026027431	`generated_gifts/mg/2026027431.stk`
2026027432	`generated_gifts/mg/2026027432.stk`
2026027433	`generated_gifts/mg/2026027433.stk`
2026027434	`generated_gifts/mg/2026027434.stk`
2026027435	`generated_gifts/mg/2026027435.stk`
2026027436	`generated_gifts/mg/2026027436.stk`
2026027437	`generated_gifts/mg/2026027437.stk`
2026027438	`generated_gifts/mg/2026027438.stk`
2026027439	`generated_gifts/mg/2026027439.stk`
2026027440	`generated_gifts/mg/2026027440.stk`
2026027441	`generated_gifts/mg/2026027441.stk`
2026027442	`generated_gifts/mg/2026027442.stk`
2026027443	`generated_gifts/mg/2026027443.stk`
2026027444	`generated_gifts/mg/2026027444.stk`
2026027445	`generated_gifts/mg/2026027445.stk`
2026027446	`generated_gifts/mg/2026027446.stk`
2026027447	`generated_gifts/mg/2026027447.stk`
2026027448	`generated_gifts/mg/2026027448.stk`
2026027449	`generated_gifts/mg/2026027449.stk`
2026027450	`generated_gifts/mg/2026027450.stk`
2026027451	`generated_gifts/mg/2026027451.stk`
2026027452	`generated_gifts/mg/2026027452.stk`
2026027453	`generated_gifts/mg/2026027453.stk`
2026027454	`generated_gifts/mg/2026027454.stk`
2026027455	`generated_gifts/mg/2026027455.stk`
2026027456	`generated_gifts/mg/2026027456.stk`
2026027457	`generated_gifts/mg/2026027457.stk`
2026027458	`generated_gifts/mg/2026027458.stk`
2026027459	`generated_gifts/mg/2026027459.stk`
2026027460	`generated_gifts/mg/2026027460.stk`
2026027461	`generated_gifts/mg/2026027461.stk`
2026027462	`generated_gifts/mg/2026027462.stk`
2026027463	`generated_gifts/mg/2026027463.stk`
2026027464	`generated_gifts/mg/2026027464.stk`
2026027465	`generated_gifts/mg/2026027465.stk`
2026027466	`generated_gifts/mg/2026027466.stk`
2026027467	`generated_gifts/mg/2026027467.stk`
2026027468	`generated_gifts/mg/2026027468.stk`
2026027469	`generated_gifts/mg/2026027469.stk`
2026027470	`generated_gifts/mg/2026027470.stk`
2026027471	`generated_gifts/mg/2026027471.stk`
2026027472	`generated_gifts/mg/2026027472.stk`
2026027473	`generated_gifts/mg/2026027473.stk`
2026027474	`generated_gifts/mg/2026027474.stk`
2026027475	`generated_gifts/mg/2026027475.stk`
2026027476	`generated_gifts/mg/2026027476.stk`
2026027477	`generated_gifts/mg/2026027477.stk`
2026027478	`generated_gifts/mg/2026027478.stk`
2026027479	`generated_gifts/mg/2026027479.stk`
2026027480	`generated_gifts/mg/2026027480.stk`
2026027481	`generated_gifts/mg/2026027481.stk`
2026027482	`generated_gifts/mg/2026027482.stk`
2026027483	`generated_gifts/mg/2026027483.stk`
2026027484	`generated_gifts/mg/2026027484.stk`
2026027485	`generated_gifts/mg/2026027485.stk`
2026027486	`generated_gifts/mg/2026027486.stk`
2026027487	`generated_gifts/mg/2026027487.stk`
2026027488	`generated_gifts/mg/2026027488.stk`
2026027489	`generated_gifts/mg/2026027489.stk`
2026027490	`generated_gifts/mg/2026027490.stk`
2026027491	`generated_gifts/mg/2026027491.stk`
2026027492	`generated_gifts/mg/2026027492.stk`
2026027493	`generated_gifts/mg/2026027493.stk`
2026027494	`generated_gifts/mg/2026027494.stk`
2026027495	`generated_gifts/mg/2026027495.stk`
2026027496	`generated_gifts/mg/2026027496.stk`
2026027497	`generated_gifts/mg/2026027497.stk`
2026027498	`generated_gifts/mg/2026027498.stk`
2026027499	`generated_gifts/mg/2026027499.stk`
2026027500	`generated_gifts/mg/2026027500.stk`
2026027501	`generated_gifts/mg/2026027501.stk`
2026027502	`generated_gifts/mg/2026027502.stk`
2026027503	`generated_gifts/mg/2026027503.stk`
2026027504	`generated_gifts/mg/2026027504.stk`
2026027505	`generated_gifts/mg/2026027505.stk`
2026027506	`generated_gifts/mg/2026027506.stk`
2026027507	`generated_gifts/mg/2026027507.stk`
2026027508	`generated_gifts/mg/2026027508.stk`
2026027509	`generated_gifts/mg/2026027509.stk`
2026027510	`generated_gifts/mg/2026027510.stk`
2026027511	`generated_gifts/mg/2026027511.stk`
2026027512	`generated_gifts/mg/2026027512.stk`
2026027513	`generated_gifts/mg/2026027513.stk`
2026027514	`generated_gifts/mg/2026027514.stk`
2026027515	`generated_gifts/mg/2026027515.stk`
2026027516	`generated_gifts/mg/2026027516.stk`
2026027517	`generated_gifts/mg/2026027517.stk`
2026027518	`generated_gifts/mg/2026027518.stk`
2026027519	`generated_gifts/mg/2026027519.stk`
2026027520	`generated_gifts/mg/2026027520.stk`
2026027521	`generated_gifts/mg/2026027521.stk`
2026027522	`generated_gifts/mg/2026027522.stk`
2026027523	`generated_gifts/mg/2026027523.stk`
2026027524	`generated_gifts/mg/2026027524.stk`
2026027525	`generated_gifts/mg/2026027525.stk`
2026027526	`generated_gifts/mg/2026027526.stk`
2026027527	`generated_gifts/mg/2026027527.stk`
2026027528	`generated_gifts/mg/2026027528.stk`
2026027529	`generated_gifts/mg/2026027529.stk`
2026027530	`generated_gifts/mg/2026027530.stk`
2026027531	`generated_gifts/mg/2026027531.stk`
2026027532	`generated_gifts/mg/2026027532.stk`
2026027533	`generated_gifts/mg/2026027533.stk`
2026027534	`generated_gifts/mg/2026027534.stk`
2026027535	`generated_gifts/mg/2026027535.stk`
2026027536	`generated_gifts/mg/2026027536.stk`
2026027537	`generated_gifts/mg/2026027537.stk`
2026027538	`generated_gifts/mg/2026027538.stk`
2026027539	`generated_gifts/mg/2026027539.stk`
2026027540	`generated_gifts/mg/2026027540.stk`
2026027541	`generated_gifts/mg/2026027541.stk`
2026027542	`generated_gifts/mg/2026027542.stk`
2026027543	`generated_gifts/mg/2026027543.stk`
2026027544	`generated_gifts/mg/2026027544.stk`
2026027545	`generated_gifts/mg/2026027545.stk`
2026027546	`generated_gifts/mg/2026027546.stk`
2026027547	`generated_gifts/mg/2026027547.stk`
2026027548	`generated_gifts/mg/2026027548.stk`
2026027549	`generated_gifts/mg/2026027549.stk`
2026027550	`generated_gifts/mg/2026027550.stk`
2026027551	`generated_gifts/mg/2026027551.stk`
2026027552	`generated_gifts/mg/2026027552.stk`
2026027553	`generated_gifts/mg/2026027553.stk`
2026027554	`generated_gifts/mg/2026027554.stk`
2026027555	`generated_gifts/mg/2026027555.stk`
2026027556	`generated_gifts/mg/2026027556.stk`
2026027557	`generated_gifts/mg/2026027557.stk`
2026027558	`generated_gifts/mg/2026027558.stk`
2026027559	`generated_gifts/mg/2026027559.stk`
2026027560	`generated_gifts/mg/2026027560.stk`
2026027561	`generated_gifts/mg/2026027561.stk`
2026027562	`generated_gifts/mg/2026027562.stk`
2026027563	`generated_gifts/mg/2026027563.stk`
2026027564	`generated_gifts/mg/2026027564.stk`
2026027565	`generated_gifts/mg/2026027565.stk`
2026027566	`generated_gifts/mg/2026027566.stk`
2026027567	`generated_gifts/mg/2026027567.stk`
2026027568	`generated_gifts/mg/2026027568.stk`
2026027569	`generated_gifts/mg/2026027569.stk`
2026027570	`generated_gifts/mg/2026027570.stk`
2026027571	`generated_gifts/mg/2026027571.stk`
2026027572	`generated_gifts/mg/2026027572.stk`
2026027573	`generated_gifts/mg/2026027573.stk`
2026027574	`generated_gifts/mg/2026027574.stk`
2026027575	`generated_gifts/mg/2026027575.stk`
2026027576	`generated_gifts/mg/2026027576.stk`
2026027577	`generated_gifts/mg/2026027577.stk`
2026027578	`generated_gifts/mg/2026027578.stk`
2026027579	`generated_gifts/mg/2026027579.stk`
2026027580	`generated_gifts/mg/2026027580.stk`
2026027581	`generated_gifts/mg/2026027581.stk`
2026027582	`generated_gifts/mg/2026027582.stk`
2026027583	`generated_gifts/mg/2026027583.stk`
2026027584	`generated_gifts/mg/2026027584.stk`
2026027585	`generated_gifts/mg/2026027585.stk`
2026027586	`generated_gifts/mg/2026027586.stk`
2026027587	`generated_gifts/mg/2026027587.stk`
2026027588	`generated_gifts/mg/2026027588.stk`
2026027589	`generated_gifts/mg/2026027589.stk`
2026027590	`generated_gifts/mg/2026027590.stk`
2026027591	`generated_gifts/mg/2026027591.stk`
2026027592	`generated_gifts/mg/2026027592.stk`
2026027593	`generated_gifts/mg/2026027593.stk`
2026027594	`generated_gifts/mg/2026027594.stk`
2026027595	`generated_gifts/mg/2026027595.stk`
2026027596	`generated_gifts/mg/2026027596.stk`
2026027597	`generated_gifts/mg/2026027597.stk`
2026027598	`generated_gifts/mg/2026027598.stk`
2026027599	`generated_gifts/mg/2026027599.stk`
2026027600	`generated_gifts/mg/2026027600.stk`
2026027601	`generated_gifts/mg/2026027601.stk`
2026027602	`generated_gifts/mg/2026027602.stk`
2026027603	`generated_gifts/mg/2026027603.stk`
2026027604	`generated_gifts/mg/2026027604.stk`
2026027605	`generated_gifts/mg/2026027605.stk`
2026027606	`generated_gifts/mg/2026027606.stk`
2026027607	`generated_gifts/mg/2026027607.stk`
2026027608	`generated_gifts/mg/2026027608.stk`
2026027609	`generated_gifts/mg/2026027609.stk`
2026027610	`generated_gifts/mg/2026027610.stk`
2026027611	`generated_gifts/mg/2026027611.stk`
2026027612	`generated_gifts/mg/2026027612.stk`
2026027613	`generated_gifts/mg/2026027613.stk`
2026027614	`generated_gifts/mg/2026027614.stk`
2026027615	`generated_gifts/mg/2026027615.stk`
2026027616	`generated_gifts/mg/2026027616.stk`
2026027617	`generated_gifts/mg/2026027617.stk`
2026027618	`generated_gifts/mg/2026027618.stk`
2026027619	`generated_gifts/mg/2026027619.stk`
2026027620	`generated_gifts/mg/2026027620.stk`
2026027621	`generated_gifts/mg/2026027621.stk`
2026027622	`generated_gifts/mg/2026027622.stk`
2026027623	`generated_gifts/mg/2026027623.stk`
2026027624	`generated_gifts/mg/2026027624.stk`
2026027625	`generated_gifts/mg/2026027625.stk`
2026027626	`generated_gifts/mg/2026027626.stk`
2026027627	`generated_gifts/mg/2026027627.stk`
2026027628	`generated_gifts/mg/2026027628.stk`
2026027629	`generated_gifts/mg/2026027629.stk`
2026027630	`generated_gifts/mg/2026027630.stk`
2026027631	`generated_gifts/mg/2026027631.stk`
2026027632	`generated_gifts/mg/2026027632.stk`
2026027633	`generated_gifts/mg/2026027633.stk`
2026027634	`generated_gifts/mg/2026027634.stk`
2026027635	`generated_gifts/mg/2026027635.stk`
2026027636	`generated_gifts/mg/2026027636.stk`
2026027637	`generated_gifts/mg/2026027637.stk`
2026027638	`generated_gifts/mg/2026027638.stk`
2026027639	`generated_gifts/mg/2026027639.stk`
2026027640	`generated_gifts/mg/2026027640.stk`
2026027641	`generated_gifts/mg/2026027641.stk`
2026027642	`generated_gifts/mg/2026027642.stk`
2026027643	`generated_gifts/mg/2026027643.stk`
2026027644	`generated_gifts/mg/2026027644.stk`
2026027645	`generated_gifts/mg/2026027645.stk`
2026027646	`generated_gifts/mg/2026027646.stk`
2026027647	`generated_gifts/mg/2026027647.stk`
2026027648	`generated_gifts/mg/2026027648.stk`
2026027649	`generated_gifts/mg/2026027649.stk`
2026027650	`generated_gifts/mg/2026027650.stk`
2026027651	`generated_gifts/mg/2026027651.stk`
2026027652	`generated_gifts/mg/2026027652.stk`
2026027653	`generated_gifts/mg/2026027653.stk`
2026027654	`generated_gifts/mg/2026027654.stk`
2026027655	`generated_gifts/mg/2026027655.stk`
2026027656	`generated_gifts/mg/2026027656.stk`
2026027657	`generated_gifts/mg/2026027657.stk`
2026027658	`generated_gifts/mg/2026027658.stk`
2026027659	`generated_gifts/mg/2026027659.stk`
2026027660	`generated_gifts/mg/2026027660.stk`
2026027661	`generated_gifts/mg/2026027661.stk`
2026027662	`generated_gifts/mg/2026027662.stk`
2026027663	`generated_gifts/mg/2026027663.stk`
2026027664	`generated_gifts/mg/2026027664.stk`
2026027665	`generated_gifts/mg/2026027665.stk`
2026027666	`generated_gifts/mg/2026027666.stk`
2026027667	`generated_gifts/mg/2026027667.stk`
2026027668	`generated_gifts/mg/2026027668.stk`
2026027669	`generated_gifts/mg/2026027669.stk`
2026027670	`generated_gifts/mg/2026027670.stk`
2026027671	`generated_gifts/mg/2026027671.stk`
2026027672	`generated_gifts/mg/2026027672.stk`
2026027673	`generated_gifts/mg/2026027673.stk`
2026027674	`generated_gifts/mg/2026027674.stk`
2026027675	`generated_gifts/mg/2026027675.stk`
2026027676	`generated_gifts/mg/2026027676.stk`
2026027677	`generated_gifts/mg/2026027677.stk`
2026027678	`generated_gifts/mg/2026027678.stk`
2026027679	`generated_gifts/mg/2026027679.stk`
2026027680	`generated_gifts/mg/2026027680.stk`
2026027681	`generated_gifts/mg/2026027681.stk`
2026027682	`generated_gifts/mg/2026027682.stk`
2026027683	`generated_gifts/mg/2026027683.stk`
2026027684	`generated_gifts/mg/2026027684.stk`
2026027685	`generated_gifts/mg/2026027685.stk`
2026027686	`generated_gifts/mg/2026027686.stk`
2026027687	`generated_gifts/mg/2026027687.stk`
2026027688	`generated_gifts/mg/2026027688.stk`
2026027689	`generated_gifts/mg/2026027689.stk`
2026027690	`generated_gifts/mg/2026027690.stk`
2026027691	`generated_gifts/mg/2026027691.stk`
2026027692	`generated_gifts/mg/2026027692.stk`
2026027693	`generated_gifts/mg/2026027693.stk`
2026027694	`generated_gifts/mg/2026027694.stk`
2026027695	`generated_gifts/mg/2026027695.stk`
2026027696	`generated_gifts/mg/2026027696.stk`
2026027697	`generated_gifts/mg/2026027697.stk`
2026027698	`generated_gifts/mg/2026027698.stk`
2026027699	`generated_gifts/mg/2026027699.stk`
2026027700	`generated_gifts/mg/2026027700.stk`
2026027701	`generated_gifts/mg/2026027701.stk`
2026027702	`generated_gifts/mg/2026027702.stk`
2026027703	`generated_gifts/mg/2026027703.stk`
2026027704	`generated_gifts/mg/2026027704.stk`
2026027705	`generated_gifts/mg/2026027705.stk`
2026027706	`generated_gifts/mg/2026027706.stk`
2026027707	`generated_gifts/mg/2026027707.stk`
2026027708	`generated_gifts/mg/2026027708.stk`
2026027709	`generated_gifts/mg/2026027709.stk`
2026027710	`generated_gifts/mg/2026027710.stk`
2026027711	`generated_gifts/mg/2026027711.stk`
2026027712	`generated_gifts/mg/2026027712.stk`
2026027713	`generated_gifts/mg/2026027713.stk`
2026027714	`generated_gifts/mg/2026027714.stk`
2026027715	`generated_gifts/mg/2026027715.stk`
2026027716	`generated_gifts/mg/2026027716.stk`
2026027717	`generated_gifts/mg/2026027717.stk`
2026027718	`generated_gifts/mg/2026027718.stk`
2026027719	`generated_gifts/mg/2026027719.stk`
2026027720	`generated_gifts/mg/2026027720.stk`
2026027721	`generated_gifts/mg/2026027721.stk`
2026027722	`generated_gifts/mg/2026027722.stk`
2026027723	`generated_gifts/mg/2026027723.stk`
2026027724	`generated_gifts/mg/2026027724.stk`
2026027725	`generated_gifts/mg/2026027725.stk`
2026027726	`generated_gifts/mg/2026027726.stk`
2026027727	`generated_gifts/mg/2026027727.stk`
2026027728	`generated_gifts/mg/2026027728.stk`
2026027729	`generated_gifts/mg/2026027729.stk`
2026027730	`generated_gifts/mg/2026027730.stk`
2026027731	`generated_gifts/mg/2026027731.stk`
2026027732	`generated_gifts/mg/2026027732.stk`
2026027733	`generated_gifts/mg/2026027733.stk`
2026027734	`generated_gifts/mg/2026027734.stk`
2026027735	`generated_gifts/mg/2026027735.stk`
2026027736	`generated_gifts/mg/2026027736.stk`
2026027737	`generated_gifts/mg/2026027737.stk`
2026027738	`generated_gifts/mg/2026027738.stk`
2026027739	`generated_gifts/mg/2026027739.stk`
2026027740	`generated_gifts/mg/2026027740.stk`
2026027741	`generated_gifts/mg/2026027741.stk`
2026027742	`generated_gifts/mg/2026027742.stk`
2026027743	`generated_gifts/mg/2026027743.stk`
2026027744	`generated_gifts/mg/2026027744.stk`
2026027745	`generated_gifts/mg/2026027745.stk`
2026027746	`generated_gifts/mg/2026027746.stk`
2026027747	`generated_gifts/mg/2026027747.stk`
2026027748	`generated_gifts/mg/2026027748.stk`
2026027749	`generated_gifts/mg/2026027749.stk`
2026027750	`generated_gifts/mg/2026027750.stk`
2026027751	`generated_gifts/mg/2026027751.stk`
2026027752	`generated_gifts/mg/2026027752.stk`
2026027753	`generated_gifts/mg/2026027753.stk`
2026027754	`generated_gifts/mg/2026027754.stk`
2026027755	`generated_gifts/mg/2026027755.stk`
2026027756	`generated_gifts/mg/2026027756.stk`
2026027757	`generated_gifts/mg/2026027757.stk`
2026027758	`generated_gifts/mg/2026027758.stk`
2026027759	`generated_gifts/mg/2026027759.stk`
2026027760	`generated_gifts/mg/2026027760.stk`
2026027761	`generated_gifts/mg/2026027761.stk`
2026027762	`generated_gifts/mg/2026027762.stk`
2026027763	`generated_gifts/mg/2026027763.stk`
2026027764	`generated_gifts/mg/2026027764.stk`
2026027765	`generated_gifts/mg/2026027765.stk`
2026027766	`generated_gifts/mg/2026027766.stk`
2026027767	`generated_gifts/mg/2026027767.stk`
2026027768	`generated_gifts/mg/2026027768.stk`
2026027769	`generated_gifts/mg/2026027769.stk`
2026027770	`generated_gifts/mg/2026027770.stk`
2026027771	`generated_gifts/mg/2026027771.stk`
2026027772	`generated_gifts/mg/2026027772.stk`
2026027773	`generated_gifts/mg/2026027773.stk`
2026027774	`generated_gifts/mg/2026027774.stk`
2026027775	`generated_gifts/mg/2026027775.stk`
2026027776	`generated_gifts/mg/2026027776.stk`
2026027777	`generated_gifts/mg/2026027777.stk`
2026027778	`generated_gifts/mg/2026027778.stk`
2026027779	`generated_gifts/mg/2026027779.stk`
2026027780	`generated_gifts/mg/2026027780.stk`
2026027781	`generated_gifts/mg/2026027781.stk`
2026027782	`generated_gifts/mg/2026027782.stk`
2026027783	`generated_gifts/mg/2026027783.stk`
2026027784	`generated_gifts/mg/2026027784.stk`
2026027785	`generated_gifts/mg/2026027785.stk`
2026027786	`generated_gifts/mg/2026027786.stk`
2026027787	`generated_gifts/mg/2026027787.stk`
2026027788	`generated_gifts/mg/2026027788.stk`
2026027789	`generated_gifts/mg/2026027789.stk`
2026027790	`generated_gifts/mg/2026027790.stk`
2026027791	`generated_gifts/mg/2026027791.stk`
2026027792	`generated_gifts/mg/2026027792.stk`
2026027793	`generated_gifts/mg/2026027793.stk`
2026027794	`generated_gifts/mg/2026027794.stk`
2026027795	`generated_gifts/mg/2026027795.stk`
2026027796	`generated_gifts/mg/2026027796.stk`
2026027797	`generated_gifts/mg/2026027797.stk`
2026027798	`generated_gifts/mg/2026027798.stk`
2026027799	`generated_gifts/mg/2026027799.stk`
2026027800	`generated_gifts/mg/2026027800.stk`
2026027801	`generated_gifts/mg/2026027801.stk`
2026027802	`generated_gifts/mg/2026027802.stk`
2026027803	`generated_gifts/mg/2026027803.stk`
2026027804	`generated_gifts/mg/2026027804.stk`
2026027805	`generated_gifts/mg/2026027805.stk`
2026027806	`generated_gifts/mg/2026027806.stk`
2026027807	`generated_gifts/mg/2026027807.stk`
2026027808	`generated_gifts/mg/2026027808.stk`
2026027809	`generated_gifts/mg/2026027809.stk`
2026027810	`generated_gifts/mg/2026027810.stk`
2026027811	`generated_gifts/mg/2026027811.stk`
2026027812	`generated_gifts/mg/2026027812.stk`
2026027813	`generated_gifts/mg/2026027813.stk`
2026027814	`generated_gifts/mg/2026027814.stk`
2026027815	`generated_gifts/mg/2026027815.stk`
2026027816	`generated_gifts/mg/2026027816.stk`
2026027817	`generated_gifts/mg/2026027817.stk`
2026027818	`generated_gifts/mg/2026027818.stk`
2026027819	`generated_gifts/mg/2026027819.stk`
2026027820	`generated_gifts/mg/2026027820.stk`
2026027821	`generated_gifts/mg/2026027821.stk`
2026027822	`generated_gifts/mg/2026027822.stk`
2026027823	`generated_gifts/mg/2026027823.stk`
2026027824	`generated_gifts/mg/2026027824.stk`
2026027825	`generated_gifts/mg/2026027825.stk`
2026027826	`generated_gifts/mg/2026027826.stk`
2026027827	`generated_gifts/mg/2026027827.stk`
2026027828	`generated_gifts/mg/2026027828.stk`
2026027829	`generated_gifts/mg/2026027829.stk`
2026027830	`generated_gifts/mg/2026027830.stk`
2026027831	`generated_gifts/mg/2026027831.stk`
2026027832	`generated_gifts/mg/2026027832.stk`
2026027833	`generated_gifts/mg/2026027833.stk`
2026027834	`generated_gifts/mg/2026027834.stk`
2026027835	`generated_gifts/mg/2026027835.stk`
2026027836	`generated_gifts/mg/2026027836.stk`
2026027837	`generated_gifts/mg/2026027837.stk`
2026027838	`generated_gifts/mg/2026027838.stk`
2026027839	`generated_gifts/mg/2026027839.stk`
2026027840	`generated_gifts/mg/2026027840.stk`
2026027841	`generated_gifts/mg/2026027841.stk`
2026027842	`generated_gifts/mg/2026027842.stk`
2026027843	`generated_gifts/mg/2026027843.stk`
2026027844	`generated_gifts/mg/2026027844.stk`
2026027845	`generated_gifts/mg/2026027845.stk`
2026027846	`generated_gifts/mg/2026027846.stk`
2026027847	`generated_gifts/mg/2026027847.stk`
2026027848	`generated_gifts/mg/2026027848.stk`
2026027849	`generated_gifts/mg/2026027849.stk`
2026027850	`generated_gifts/mg/2026027850.stk`
2026027851	`generated_gifts/mg/2026027851.stk`
2026027852	`generated_gifts/mg/2026027852.stk`
2026027853	`generated_gifts/mg/2026027853.stk`
2026027854	`generated_gifts/mg/2026027854.stk`
2026027855	`generated_gifts/mg/2026027855.stk`
2026027856	`generated_gifts/mg/2026027856.stk`
2026027857	`generated_gifts/mg/2026027857.stk`
2026027858	`generated_gifts/mg/2026027858.stk`
2026027859	`generated_gifts/mg/2026027859.stk`
2026027860	`generated_gifts/mg/2026027860.stk`
2026027861	`generated_gifts/mg/2026027861.stk`
2026027862	`generated_gifts/mg/2026027862.stk`
2026027863	`generated_gifts/mg/2026027863.stk`
2026027864	`generated_gifts/mg/2026027864.stk`
2026027865	`generated_gifts/mg/2026027865.stk`
2026027866	`generated_gifts/mg/2026027866.stk`
2026027867	`generated_gifts/mg/2026027867.stk`
2026027868	`generated_gifts/mg/2026027868.stk`
2026027869	`generated_gifts/mg/2026027869.stk`
2026027870	`generated_gifts/mg/2026027870.stk`
2026027871	`generated_gifts/mg/2026027871.stk`
2026027872	`generated_gifts/mg/2026027872.stk`
2026027873	`generated_gifts/mg/2026027873.stk`
2026027874	`generated_gifts/mg/2026027874.stk`
2026027875	`generated_gifts/mg/2026027875.stk`
2026027876	`generated_gifts/mg/2026027876.stk`
2026027877	`generated_gifts/mg/2026027877.stk`
2026027878	`generated_gifts/mg/2026027878.stk`
2026027879	`generated_gifts/mg/2026027879.stk`
2026027880	`generated_gifts/mg/2026027880.stk`
2026027881	`generated_gifts/mg/2026027881.stk`
2026027882	`generated_gifts/mg/2026027882.stk`
2026027883	`generated_gifts/mg/2026027883.stk`
2026027884	`generated_gifts/mg/2026027884.stk`
2026027885	`generated_gifts/mg/2026027885.stk`
2026027886	`generated_gifts/mg/2026027886.stk`
2026027887	`generated_gifts/mg/2026027887.stk`
2026027888	`generated_gifts/mg/2026027888.stk`
2026027889	`generated_gifts/mg/2026027889.stk`
2026027890	`generated_gifts/mg/2026027890.stk`
2026027891	`generated_gifts/mg/2026027891.stk`
2026027892	`generated_gifts/mg/2026027892.stk`
2026027893	`generated_gifts/mg/2026027893.stk`
2026027894	`generated_gifts/mg/2026027894.stk`
2026027895	`generated_gifts/mg/2026027895.stk`
2026027896	`generated_gifts/mg/2026027896.stk`
2026027897	`generated_gifts/mg/2026027897.stk`
2026027898	`generated_gifts/mg/2026027898.stk`
2026027899	`generated_gifts/mg/2026027899.stk`
2026027900	`generated_gifts/mg/2026027900.stk`
2026027901	`generated_gifts/mg/2026027901.stk`
2026027902	`generated_gifts/mg/2026027902.stk`
2026027903	`generated_gifts/mg/2026027903.stk`
2026027904	`generated_gifts/mg/2026027904.stk`
2026027905	`generated_gifts/mg/2026027905.stk`
2026027906	`generated_gifts/mg/2026027906.stk`
2026027907	`generated_gifts/mg/2026027907.stk`
2026027908	`generated_gifts/mg/2026027908.stk`
2026027909	`generated_gifts/mg/2026027909.stk`
2026027910	`generated_gifts/mg/2026027910.stk`
2026027911	`generated_gifts/mg/2026027911.stk`
2026027912	`generated_gifts/mg/2026027912.stk`
2026027913	`generated_gifts/mg/2026027913.stk`
2026027914	`generated_gifts/mg/2026027914.stk`
2026027915	`generated_gifts/mg/2026027915.stk`
2026027916	`generated_gifts/mg/2026027916.stk`
2026027917	`generated_gifts/mg/2026027917.stk`
2026027918	`generated_gifts/mg/2026027918.stk`
2026027919	`generated_gifts/mg/2026027919.stk`
2026027920	`generated_gifts/mg/2026027920.stk`
2026027921	`generated_gifts/mg/2026027921.stk`
2026027922	`generated_gifts/mg/2026027922.stk`
2026027923	`generated_gifts/mg/2026027923.stk`
2026027924	`generated_gifts/mg/2026027924.stk`
2026027925	`generated_gifts/mg/2026027925.stk`
2026027926	`generated_gifts/mg/2026027926.stk`
2026027927	`generated_gifts/mg/2026027927.stk`
2026027928	`generated_gifts/mg/2026027928.stk`
2026027929	`generated_gifts/mg/2026027929.stk`
2026027930	`generated_gifts/mg/2026027930.stk`
2026027931	`generated_gifts/mg/2026027931.stk`
2026027932	`generated_gifts/mg/2026027932.stk`
2026027933	`generated_gifts/mg/2026027933.stk`
2026027934	`generated_gifts/mg/2026027934.stk`
2026027935	`generated_gifts/mg/2026027935.stk`
2026027936	`generated_gifts/mg/2026027936.stk`
2026027937	`generated_gifts/mg/2026027937.stk`
2026027938	`generated_gifts/mg/2026027938.stk`
2026027939	`generated_gifts/mg/2026027939.stk`
2026027940	`generated_gifts/mg/2026027940.stk`
2026027941	`generated_gifts/mg/2026027941.stk`
2026027942	`generated_gifts/mg/2026027942.stk`
2026027943	`generated_gifts/mg/2026027943.stk`
2026027944	`generated_gifts/mg/2026027944.stk`
2026027945	`generated_gifts/mg/2026027945.stk`
2026027946	`generated_gifts/mg/2026027946.stk`
2026027947	`generated_gifts/mg/2026027947.stk`
2026027948	`generated_gifts/mg/2026027948.stk`
2026027949	`generated_gifts/mg/2026027949.stk`
2026027950	`generated_gifts/mg/2026027950.stk`
2026027951	`generated_gifts/mg/2026027951.stk`
2026027952	`generated_gifts/mg/2026027952.stk`
2026027953	`generated_gifts/mg/2026027953.stk`
2026027954	`generated_gifts/mg/2026027954.stk`
2026027955	`generated_gifts/mg/2026027955.stk`
2026027956	`generated_gifts/mg/2026027956.stk`
2026027957	`generated_gifts/mg/2026027957.stk`
2026027958	`generated_gifts/mg/2026027958.stk`
2026027959	`generated_gifts/mg/2026027959.stk`
2026027960	`generated_gifts/mg/2026027960.stk`
2026027961	`generated_gifts/mg/2026027961.stk`
2026027962	`generated_gifts/mg/2026027962.stk`
2026027963	`generated_gifts/mg/2026027963.stk`
2026027964	`generated_gifts/mg/2026027964.stk`
2026027965	`generated_gifts/mg/2026027965.stk`
2026027966	`generated_gifts/mg/2026027966.stk`
2026027967	`generated_gifts/mg/2026027967.stk`
2026027968	`generated_gifts/mg/2026027968.stk`
2026027969	`generated_gifts/mg/2026027969.stk`
2026027970	`generated_gifts/mg/2026027970.stk`
2026027971	`generated_gifts/mg/2026027971.stk`
2026027972	`generated_gifts/mg/2026027972.stk`
2026027973	`generated_gifts/mg/2026027973.stk`
2026027974	`generated_gifts/mg/2026027974.stk`
2026027975	`generated_gifts/mg/2026027975.stk`
2026027976	`generated_gifts/mg/2026027976.stk`
2026027977	`generated_gifts/mg/2026027977.stk`
2026027978	`generated_gifts/mg/2026027978.stk`
2026027979	`generated_gifts/mg/2026027979.stk`
2026027980	`generated_gifts/mg/2026027980.stk`
2026027981	`generated_gifts/mg/2026027981.stk`
2026027982	`generated_gifts/mg/2026027982.stk`
2026027983	`generated_gifts/mg/2026027983.stk`
2026027984	`generated_gifts/mg/2026027984.stk`
2026027985	`generated_gifts/mg/2026027985.stk`
2026027986	`generated_gifts/mg/2026027986.stk`
2026027987	`generated_gifts/mg/2026027987.stk`
2026027988	`generated_gifts/mg/2026027988.stk`
2026027989	`generated_gifts/mg/2026027989.stk`
2026027990	`generated_gifts/mg/2026027990.stk`
2026027991	`generated_gifts/mg/2026027991.stk`
2026027992	`generated_gifts/mg/2026027992.stk`
2026027993	`generated_gifts/mg/2026027993.stk`
2026027994	`generated_gifts/mg/2026027994.stk`
2026027995	`generated_gifts/mg/2026027995.stk`
2026027996	`generated_gifts/mg/2026027996.stk`
2026027997	`generated_gifts/mg/2026027997.stk`
2026027998	`generated_gifts/mg/2026027998.stk`
2026027999	`generated_gifts/mg/2026027999.stk`
2026028000	`generated_gifts/mg/2026028000.stk`
2026028001	`generated_gifts/mg/2026028001.stk`
2026028002	`generated_gifts/mg/2026028002.stk`
2026028003	`generated_gifts/mg/2026028003.stk`
2026028004	`generated_gifts/mg/2026028004.stk`
2026028005	`generated_gifts/mg/2026028005.stk`
2026028006	`generated_gifts/mg/2026028006.stk`
2026028007	`generated_gifts/mg/2026028007.stk`
2026028008	`generated_gifts/mg/2026028008.stk`
2026028009	`generated_gifts/mm/2026028009.stk`
2026028010	`generated_gifts/mm/2026028010.stk`
2026028011	`generated_gifts/mm/2026028011.stk`
2026028012	`generated_gifts/mm/2026028012.stk`
2026028013	`generated_gifts/mm/2026028013.stk`
2026028014	`generated_gifts/mm/2026028014.stk`
2026028015	`generated_gifts/mm/2026028015.stk`
2026028016	`generated_gifts/mm/2026028016.stk`
2026028017	`generated_gifts/mm/2026028017.stk`
2026028018	`generated_gifts/mm/2026028018.stk`
2026028019	`generated_gifts/mm/2026028019.stk`
2026028020	`generated_gifts/mm/2026028020.stk`
2026028021	`generated_gifts/mm/2026028021.stk`
2026028022	`generated_gifts/mm/2026028022.stk`
2026028023	`generated_gifts/mm/2026028023.stk`
2026028024	`generated_gifts/mm/2026028024.stk`
2026028025	`generated_gifts/mm/2026028025.stk`
2026028026	`generated_gifts/mm/2026028026.stk`
2026028027	`generated_gifts/mm/2026028027.stk`
2026028028	`generated_gifts/mm/2026028028.stk`
2026028029	`generated_gifts/mm/2026028029.stk`
2026028030	`generated_gifts/mm/2026028030.stk`
2026028031	`generated_gifts/mm/2026028031.stk`
2026028032	`generated_gifts/mm/2026028032.stk`
2026028033	`generated_gifts/mm/2026028033.stk`
2026028034	`generated_gifts/mm/2026028034.stk`
2026028035	`generated_gifts/mm/2026028035.stk`
2026028036	`generated_gifts/mm/2026028036.stk`
2026028037	`generated_gifts/mm/2026028037.stk`
2026028038	`generated_gifts/mm/2026028038.stk`
2026028039	`generated_gifts/mm/2026028039.stk`
2026028040	`generated_gifts/mm/2026028040.stk`
2026028041	`generated_gifts/mm/2026028041.stk`
2026028042	`generated_gifts/mm/2026028042.stk`
2026028043	`generated_gifts/mm/2026028043.stk`
2026028044	`generated_gifts/mm/2026028044.stk`
2026028045	`generated_gifts/mm/2026028045.stk`
2026028046	`generated_gifts/mm/2026028046.stk`
2026028047	`generated_gifts/mm/2026028047.stk`
2026028048	`generated_gifts/mm/2026028048.stk`
2026028049	`generated_gifts/mm/2026028049.stk`
2026028050	`generated_gifts/mm/2026028050.stk`
2026028051	`generated_gifts/mm/2026028051.stk`
2026028052	`generated_gifts/mm/2026028052.stk`
2026028053	`generated_gifts/mm/2026028053.stk`
2026028054	`generated_gifts/mm/2026028054.stk`
2026028055	`generated_gifts/mm/2026028055.stk`
2026028056	`generated_gifts/mm/2026028056.stk`
2026028057	`generated_gifts/mm/2026028057.stk`
2026028058	`generated_gifts/mm/2026028058.stk`
2026028059	`generated_gifts/mm/2026028059.stk`
2026028060	`generated_gifts/mm/2026028060.stk`
2026028061	`generated_gifts/mm/2026028061.stk`
2026028062	`generated_gifts/mm/2026028062.stk`
2026028063	`generated_gifts/mm/2026028063.stk`
2026028064	`generated_gifts/mm/2026028064.stk`
2026028065	`generated_gifts/mm/2026028065.stk`
2026028066	`generated_gifts/mm/2026028066.stk`
2026028067	`generated_gifts/mm/2026028067.stk`
2026028068	`generated_gifts/mm/2026028068.stk`
2026028069	`generated_gifts/mm/2026028069.stk`
2026028070	`generated_gifts/mm/2026028070.stk`
2026028071	`generated_gifts/mm/2026028071.stk`
2026028072	`generated_gifts/mm/2026028072.stk`
2026028073	`generated_gifts/mm/2026028073.stk`
2026028074	`generated_gifts/mm/2026028074.stk`
2026028075	`generated_gifts/mm/2026028075.stk`
2026028076	`generated_gifts/mm/2026028076.stk`
2026028077	`generated_gifts/mm/2026028077.stk`
2026028078	`generated_gifts/mm/2026028078.stk`
2026028079	`generated_gifts/mm/2026028079.stk`
2026028080	`generated_gifts/mm/2026028080.stk`
2026028081	`generated_gifts/mm/2026028081.stk`
2026028082	`generated_gifts/mm/2026028082.stk`
2026028083	`generated_gifts/mm/2026028083.stk`
2026028084	`generated_gifts/mm/2026028084.stk`
2026028085	`generated_gifts/mm/2026028085.stk`
2026028086	`generated_gifts/mm/2026028086.stk`
2026028087	`generated_gifts/mm/2026028087.stk`
2026028088	`generated_gifts/mm/2026028088.stk`
2026028089	`generated_gifts/mm/2026028089.stk`
2026028090	`generated_gifts/mm/2026028090.stk`
2026028091	`generated_gifts/mm/2026028091.stk`
2026028092	`generated_gifts/mm/2026028092.stk`
2026028093	`generated_gifts/mm/2026028093.stk`
2026028094	`generated_gifts/mm/2026028094.stk`
2026028095	`generated_gifts/mm/2026028095.stk`
2026028096	`generated_gifts/mm/2026028096.stk`
2026028097	`generated_gifts/mm/2026028097.stk`
2026028098	`generated_gifts/mm/2026028098.stk`
2026028099	`generated_gifts/mm/2026028099.stk`
2026028100	`generated_gifts/mm/2026028100.stk`
2026028101	`generated_gifts/mm/2026028101.stk`
2026028102	`generated_gifts/mm/2026028102.stk`
2026028103	`generated_gifts/mm/2026028103.stk`
2026028104	`generated_gifts/mm/2026028104.stk`
2026028105	`generated_gifts/mm/2026028105.stk`
2026028106	`generated_gifts/mm/2026028106.stk`
2026028107	`generated_gifts/mm/2026028107.stk`
2026028108	`generated_gifts/mm/2026028108.stk`
2026028109	`generated_gifts/mm/2026028109.stk`
2026028110	`generated_gifts/mm/2026028110.stk`
2026028111	`generated_gifts/mm/2026028111.stk`
2026028112	`generated_gifts/mm/2026028112.stk`
2026028113	`generated_gifts/mm/2026028113.stk`
2026028114	`generated_gifts/mm/2026028114.stk`
2026028115	`generated_gifts/mm/2026028115.stk`
2026028116	`generated_gifts/mm/2026028116.stk`
2026028117	`generated_gifts/mm/2026028117.stk`
2026028118	`generated_gifts/mm/2026028118.stk`
2026028119	`generated_gifts/mm/2026028119.stk`
2026028120	`generated_gifts/mm/2026028120.stk`
2026028121	`generated_gifts/mm/2026028121.stk`
2026028122	`generated_gifts/mm/2026028122.stk`
2026028123	`generated_gifts/mm/2026028123.stk`
2026028124	`generated_gifts/mm/2026028124.stk`
2026028125	`generated_gifts/mm/2026028125.stk`
2026028126	`generated_gifts/mm/2026028126.stk`
2026028127	`generated_gifts/mm/2026028127.stk`
2026028128	`generated_gifts/mm/2026028128.stk`
2026028129	`generated_gifts/mm/2026028129.stk`
2026028130	`generated_gifts/mm/2026028130.stk`
2026028131	`generated_gifts/mm/2026028131.stk`
2026028132	`generated_gifts/mm/2026028132.stk`
2026028133	`generated_gifts/mm/2026028133.stk`
2026028134	`generated_gifts/mm/2026028134.stk`
2026028135	`generated_gifts/mm/2026028135.stk`
2026028136	`generated_gifts/mm/2026028136.stk`
2026028137	`generated_gifts/mm/2026028137.stk`
2026028138	`generated_gifts/mm/2026028138.stk`
2026028139	`generated_gifts/mm/2026028139.stk`
2026028140	`generated_gifts/mm/2026028140.stk`
2026028141	`generated_gifts/mm/2026028141.stk`
2026028142	`generated_gifts/mm/2026028142.stk`
2026028143	`generated_gifts/mm/2026028143.stk`
2026028144	`generated_gifts/mm/2026028144.stk`
2026028145	`generated_gifts/mm/2026028145.stk`
2026028146	`generated_gifts/mm/2026028146.stk`
2026028147	`generated_gifts/mm/2026028147.stk`
2026028148	`generated_gifts/mm/2026028148.stk`
2026028149	`generated_gifts/mm/2026028149.stk`
2026028150	`generated_gifts/mm/2026028150.stk`
2026028151	`generated_gifts/mm/2026028151.stk`
2026028152	`generated_gifts/mm/2026028152.stk`
2026028153	`generated_gifts/mm/2026028153.stk`
2026028154	`generated_gifts/mm/2026028154.stk`
2026028155	`generated_gifts/mm/2026028155.stk`
2026028156	`generated_gifts/mm/2026028156.stk`
2026028157	`generated_gifts/mm/2026028157.stk`
2026028158	`generated_gifts/mm/2026028158.stk`
2026028159	`generated_gifts/mm/2026028159.stk`
2026028160	`generated_gifts/mm/2026028160.stk`
2026028161	`generated_gifts/mm/2026028161.stk`
2026028162	`generated_gifts/mm/2026028162.stk`
2026028163	`generated_gifts/mm/2026028163.stk`
2026028164	`generated_gifts/mm/2026028164.stk`
2026028165	`generated_gifts/mm/2026028165.stk`
2026028166	`generated_gifts/mm/2026028166.stk`
2026028167	`generated_gifts/mm/2026028167.stk`
2026028168	`generated_gifts/mm/2026028168.stk`
2026028169	`generated_gifts/mm/2026028169.stk`
2026028170	`generated_gifts/mm/2026028170.stk`
2026028171	`generated_gifts/mm/2026028171.stk`
2026028172	`generated_gifts/mm/2026028172.stk`
2026028173	`generated_gifts/mm/2026028173.stk`
2026028174	`generated_gifts/mm/2026028174.stk`
2026028175	`generated_gifts/mm/2026028175.stk`
2026028176	`generated_gifts/mm/2026028176.stk`
2026028177	`generated_gifts/mm/2026028177.stk`
2026028178	`generated_gifts/mm/2026028178.stk`
2026028179	`generated_gifts/mm/2026028179.stk`
2026028180	`generated_gifts/mm/2026028180.stk`
2026028181	`generated_gifts/mm/2026028181.stk`
2026028182	`generated_gifts/mm/2026028182.stk`
2026028183	`generated_gifts/mm/2026028183.stk`
2026028184	`generated_gifts/mm/2026028184.stk`
2026028185	`generated_gifts/mm/2026028185.stk`
2026028186	`generated_gifts/mm/2026028186.stk`
2026028187	`generated_gifts/mm/2026028187.stk`
2026028188	`generated_gifts/mm/2026028188.stk`
2026028189	`generated_gifts/mm/2026028189.stk`
2026028190	`generated_gifts/mm/2026028190.stk`
2026028191	`generated_gifts/mm/2026028191.stk`
2026028192	`generated_gifts/mm/2026028192.stk`
2026028193	`generated_gifts/mm/2026028193.stk`
2026028194	`generated_gifts/mm/2026028194.stk`
2026028195	`generated_gifts/mm/2026028195.stk`
2026028196	`generated_gifts/mm/2026028196.stk`
2026028197	`generated_gifts/mm/2026028197.stk`
2026028198	`generated_gifts/mm/2026028198.stk`
2026028199	`generated_gifts/mm/2026028199.stk`
2026028200	`generated_gifts/mm/2026028200.stk`
2026028201	`generated_gifts/mm/2026028201.stk`
2026028202	`generated_gifts/mm/2026028202.stk`
2026028203	`generated_gifts/mm/2026028203.stk`
2026028204	`generated_gifts/mm/2026028204.stk`
2026028205	`generated_gifts/mm/2026028205.stk`
2026028206	`generated_gifts/mm/2026028206.stk`
2026028207	`generated_gifts/mm/2026028207.stk`
2026028208	`generated_gifts/mm/2026028208.stk`
2026028209	`generated_gifts/mm/2026028209.stk`
2026028210	`generated_gifts/mm/2026028210.stk`
2026028211	`generated_gifts/mm/2026028211.stk`
2026028212	`generated_gifts/mm/2026028212.stk`
2026028213	`generated_gifts/mm/2026028213.stk`
2026028214	`generated_gifts/mm/2026028214.stk`
2026028215	`generated_gifts/mm/2026028215.stk`
2026028216	`generated_gifts/mm/2026028216.stk`
2026028217	`generated_gifts/mm/2026028217.stk`
2026028218	`generated_gifts/mm/2026028218.stk`
2026028219	`generated_gifts/mm/2026028219.stk`
2026028220	`generated_gifts/mm/2026028220.stk`
2026028221	`generated_gifts/mm/2026028221.stk`
2026028222	`generated_gifts/mm/2026028222.stk`
2026028223	`generated_gifts/mm/2026028223.stk`
2026028224	`generated_gifts/mm/2026028224.stk`
2026028225	`generated_gifts/mm/2026028225.stk`
2026028226	`generated_gifts/mm/2026028226.stk`
2026028227	`generated_gifts/mm/2026028227.stk`
2026028228	`generated_gifts/mm/2026028228.stk`
2026028229	`generated_gifts/mm/2026028229.stk`
2026028230	`generated_gifts/mm/2026028230.stk`
2026028231	`generated_gifts/mm/2026028231.stk`
2026028232	`generated_gifts/mm/2026028232.stk`
2026028233	`generated_gifts/mm/2026028233.stk`
2026028234	`generated_gifts/mm/2026028234.stk`
2026028235	`generated_gifts/mm/2026028235.stk`
2026028236	`generated_gifts/mm/2026028236.stk`
2026028237	`generated_gifts/mm/2026028237.stk`
2026028238	`generated_gifts/mm/2026028238.stk`
2026028239	`generated_gifts/mm/2026028239.stk`
2026028240	`generated_gifts/mm/2026028240.stk`
2026028241	`generated_gifts/mm/2026028241.stk`
2026028242	`generated_gifts/mm/2026028242.stk`
2026028243	`generated_gifts/mm/2026028243.stk`
2026028244	`generated_gifts/mm/2026028244.stk`
2026028245	`generated_gifts/mm/2026028245.stk`
2026028246	`generated_gifts/mm/2026028246.stk`
2026028247	`generated_gifts/mm/2026028247.stk`
2026028248	`generated_gifts/mm/2026028248.stk`
2026028249	`generated_gifts/mm/2026028249.stk`
2026028250	`generated_gifts/mm/2026028250.stk`
2026028251	`generated_gifts/mm/2026028251.stk`
2026028252	`generated_gifts/mm/2026028252.stk`
2026028253	`generated_gifts/mm/2026028253.stk`
2026028254	`generated_gifts/mm/2026028254.stk`
2026028255	`generated_gifts/mm/2026028255.stk`
2026028256	`generated_gifts/mm/2026028256.stk`
2026028257	`generated_gifts/mm/2026028257.stk`
2026028258	`generated_gifts/mm/2026028258.stk`
2026028259	`generated_gifts/mm/2026028259.stk`
2026028260	`generated_gifts/mm/2026028260.stk`
2026028261	`generated_gifts/mm/2026028261.stk`
2026028262	`generated_gifts/mm/2026028262.stk`
2026028263	`generated_gifts/mm/2026028263.stk`
2026028264	`generated_gifts/mm/2026028264.stk`
2026028265	`generated_gifts/mm/2026028265.stk`
2026028266	`generated_gifts/mm/2026028266.stk`
2026028267	`generated_gifts/mm/2026028267.stk`
2026028268	`generated_gifts/mm/2026028268.stk`
2026028269	`generated_gifts/mm/2026028269.stk`
2026028270	`generated_gifts/mm/2026028270.stk`
2026028271	`generated_gifts/mm/2026028271.stk`
2026028272	`generated_gifts/mm/2026028272.stk`
2026028273	`generated_gifts/mm/2026028273.stk`
2026028274	`generated_gifts/mm/2026028274.stk`
2026028275	`generated_gifts/mm/2026028275.stk`
2026028276	`generated_gifts/mm/2026028276.stk`
2026028277	`generated_gifts/mm/2026028277.stk`
2026028278	`generated_gifts/mm/2026028278.stk`
2026028279	`generated_gifts/mm/2026028279.stk`
2026028280	`generated_gifts/mm/2026028280.stk`
2026028281	`generated_gifts/mm/2026028281.stk`
2026028282	`generated_gifts/mm/2026028282.stk`
2026028283	`generated_gifts/mm/2026028283.stk`
2026028284	`generated_gifts/mm/2026028284.stk`
2026028285	`generated_gifts/mm/2026028285.stk`
2026028286	`generated_gifts/mm/2026028286.stk`
2026028287	`generated_gifts/mm/2026028287.stk`
2026028288	`generated_gifts/mm/2026028288.stk`
2026028289	`generated_gifts/mm/2026028289.stk`
2026028290	`generated_gifts/mm/2026028290.stk`
2026028291	`generated_gifts/mm/2026028291.stk`
2026028292	`generated_gifts/mm/2026028292.stk`
2026028293	`generated_gifts/mm/2026028293.stk`
2026028294	`generated_gifts/mm/2026028294.stk`
2026028295	`generated_gifts/mm/2026028295.stk`
2026028296	`generated_gifts/mm/2026028296.stk`
2026028297	`generated_gifts/mm/2026028297.stk`
2026028298	`generated_gifts/mm/2026028298.stk`
2026028299	`generated_gifts/mm/2026028299.stk`
2026028300	`generated_gifts/mm/2026028300.stk`
2026028301	`generated_gifts/mm/2026028301.stk`
2026028302	`generated_gifts/mm/2026028302.stk`
2026028303	`generated_gifts/mm/2026028303.stk`
2026028304	`generated_gifts/mm/2026028304.stk`
2026028305	`generated_gifts/mm/2026028305.stk`
2026028306	`generated_gifts/mm/2026028306.stk`
2026028307	`generated_gifts/mm/2026028307.stk`
2026028308	`generated_gifts/mm/2026028308.stk`
2026028309	`generated_gifts/mm/2026028309.stk`
2026028310	`generated_gifts/mm/2026028310.stk`
2026028311	`generated_gifts/mm/2026028311.stk`
2026028312	`generated_gifts/mm/2026028312.stk`
2026028313	`generated_gifts/mm/2026028313.stk`
2026028314	`generated_gifts/mm/2026028314.stk`
2026028315	`generated_gifts/mm/2026028315.stk`
2026028316	`generated_gifts/mm/2026028316.stk`
2026028317	`generated_gifts/mm/2026028317.stk`
2026028318	`generated_gifts/mm/2026028318.stk`
2026028319	`generated_gifts/mm/2026028319.stk`
2026028320	`generated_gifts/mm/2026028320.stk`
2026028321	`generated_gifts/mm/2026028321.stk`
2026028322	`generated_gifts/mm/2026028322.stk`
2026028323	`generated_gifts/mm/2026028323.stk`
2026028324	`generated_gifts/mm/2026028324.stk`
2026028325	`generated_gifts/mm/2026028325.stk`
2026028326	`generated_gifts/mm/2026028326.stk`
2026028327	`generated_gifts/mm/2026028327.stk`
2026028328	`generated_gifts/mm/2026028328.stk`
2026028329	`generated_gifts/mm/2026028329.stk`
2026028330	`generated_gifts/mm/2026028330.stk`
2026028331	`generated_gifts/mm/2026028331.stk`
2026028332	`generated_gifts/mm/2026028332.stk`
2026028333	`generated_gifts/mm/2026028333.stk`
2026028334	`generated_gifts/mm/2026028334.stk`
2026028335	`generated_gifts/mm/2026028335.stk`
2026028336	`generated_gifts/mm/2026028336.stk`
2026028337	`generated_gifts/mm/2026028337.stk`
2026028338	`generated_gifts/mm/2026028338.stk`
2026028339	`generated_gifts/mm/2026028339.stk`
2026028340	`generated_gifts/mm/2026028340.stk`
2026028341	`generated_gifts/mm/2026028341.stk`
2026028342	`generated_gifts/mm/2026028342.stk`
2026028343	`generated_gifts/mm/2026028343.stk`
2026028344	`generated_gifts/mm/2026028344.stk`
2026028345	`generated_gifts/mm/2026028345.stk`
2026028346	`generated_gifts/mm/2026028346.stk`
2026028347	`generated_gifts/mm/2026028347.stk`
2026028348	`generated_gifts/mm/2026028348.stk`
2026028349	`generated_gifts/mm/2026028349.stk`
2026028350	`generated_gifts/mm/2026028350.stk`
2026028351	`generated_gifts/mm/2026028351.stk`
2026028352	`generated_gifts/mm/2026028352.stk`
2026028353	`generated_gifts/mm/2026028353.stk`
2026028354	`generated_gifts/mm/2026028354.stk`
2026028355	`generated_gifts/mm/2026028355.stk`
2026028356	`generated_gifts/mm/2026028356.stk`
2026028357	`generated_gifts/mm/2026028357.stk`
2026028358	`generated_gifts/mm/2026028358.stk`
2026028359	`generated_gifts/mm/2026028359.stk`
2026028360	`generated_gifts/mm/2026028360.stk`
2026028361	`generated_gifts/mm/2026028361.stk`
2026028362	`generated_gifts/mm/2026028362.stk`
2026028363	`generated_gifts/mm/2026028363.stk`
2026028364	`generated_gifts/mm/2026028364.stk`
2026028365	`generated_gifts/mm/2026028365.stk`
2026028366	`generated_gifts/mm/2026028366.stk`
2026028367	`generated_gifts/mm/2026028367.stk`
2026028368	`generated_gifts/mm/2026028368.stk`
2026028369	`generated_gifts/mm/2026028369.stk`
2026028370	`generated_gifts/mm/2026028370.stk`
2026028371	`generated_gifts/mm/2026028371.stk`
2026028372	`generated_gifts/mm/2026028372.stk`
2026028373	`generated_gifts/mm/2026028373.stk`
2026028374	`generated_gifts/mm/2026028374.stk`
2026028375	`generated_gifts/mm/2026028375.stk`
2026028376	`generated_gifts/mm/2026028376.stk`
2026028377	`generated_gifts/mm/2026028377.stk`
2026028378	`generated_gifts/mm/2026028378.stk`
2026028379	`generated_gifts/mm/2026028379.stk`
2026028380	`generated_gifts/mm/2026028380.stk`
2026028381	`generated_gifts/mm/2026028381.stk`
2026028382	`generated_gifts/mm/2026028382.stk`
2026028383	`generated_gifts/mm/2026028383.stk`
2026028384	`generated_gifts/mm/2026028384.stk`
2026028385	`generated_gifts/mm/2026028385.stk`
2026028386	`generated_gifts/mm/2026028386.stk`
2026028387	`generated_gifts/mm/2026028387.stk`
2026028388	`generated_gifts/mm/2026028388.stk`
2026028389	`generated_gifts/mm/2026028389.stk`
2026028390	`generated_gifts/mm/2026028390.stk`
2026028391	`generated_gifts/mm/2026028391.stk`
2026028392	`generated_gifts/mm/2026028392.stk`
2026028393	`generated_gifts/mm/2026028393.stk`
2026028394	`generated_gifts/mm/2026028394.stk`
2026028395	`generated_gifts/mm/2026028395.stk`
2026028396	`generated_gifts/mm/2026028396.stk`
2026028397	`generated_gifts/mm/2026028397.stk`
2026028398	`generated_gifts/mm/2026028398.stk`
2026028399	`generated_gifts/mm/2026028399.stk`
2026028400	`generated_gifts/mm/2026028400.stk`
2026028401	`generated_gifts/mm/2026028401.stk`
2026028402	`generated_gifts/mm/2026028402.stk`
2026028403	`generated_gifts/mm/2026028403.stk`
2026028404	`generated_gifts/mm/2026028404.stk`
2026028405	`generated_gifts/mm/2026028405.stk`
2026028406	`generated_gifts/mm/2026028406.stk`
2026028407	`generated_gifts/mm/2026028407.stk`
2026028408	`generated_gifts/mm/2026028408.stk`
2026028409	`generated_gifts/mm/2026028409.stk`
2026028410	`generated_gifts/mm/2026028410.stk`
2026028411	`generated_gifts/mm/2026028411.stk`
2026028412	`generated_gifts/mm/2026028412.stk`
2026028413	`generated_gifts/mm/2026028413.stk`
2026028414	`generated_gifts/mm/2026028414.stk`
2026028415	`generated_gifts/mm/2026028415.stk`
2026028416	`generated_gifts/mm/2026028416.stk`
2026028417	`generated_gifts/mm/2026028417.stk`
2026028418	`generated_gifts/mm/2026028418.stk`
2026028419	`generated_gifts/mm/2026028419.stk`
2026028420	`generated_gifts/mm/2026028420.stk`
2026028421	`generated_gifts/mm/2026028421.stk`
2026028422	`generated_gifts/mm/2026028422.stk`
2026028423	`generated_gifts/mm/2026028423.stk`
2026028424	`generated_gifts/mm/2026028424.stk`
2026028425	`generated_gifts/mm/2026028425.stk`
2026028426	`generated_gifts/mm/2026028426.stk`
2026028427	`generated_gifts/mm/2026028427.stk`
2026028428	`generated_gifts/mm/2026028428.stk`
2026028429	`generated_gifts/mm/2026028429.stk`
2026028430	`generated_gifts/mm/2026028430.stk`
2026028431	`generated_gifts/mm/2026028431.stk`
2026028432	`generated_gifts/mm/2026028432.stk`
2026028433	`generated_gifts/mm/2026028433.stk`
2026028434	`generated_gifts/mm/2026028434.stk`
2026028435	`generated_gifts/mm/2026028435.stk`
2026028436	`generated_gifts/mm/2026028436.stk`
2026028437	`generated_gifts/mm/2026028437.stk`
2026028438	`generated_gifts/mm/2026028438.stk`
2026028439	`generated_gifts/mm/2026028439.stk`
2026028440	`generated_gifts/mm/2026028440.stk`
2026028441	`generated_gifts/mm/2026028441.stk`
2026028442	`generated_gifts/mm/2026028442.stk`
2026028443	`generated_gifts/mm/2026028443.stk`
2026028444	`generated_gifts/mm/2026028444.stk`
2026028445	`generated_gifts/mm/2026028445.stk`
2026028446	`generated_gifts/mm/2026028446.stk`
2026028447	`generated_gifts/mm/2026028447.stk`
2026028448	`generated_gifts/mm/2026028448.stk`
2026028449	`generated_gifts/mm/2026028449.stk`
2026028450	`generated_gifts/mm/2026028450.stk`
2026028451	`generated_gifts/mm/2026028451.stk`
2026028452	`generated_gifts/mm/2026028452.stk`
2026028453	`generated_gifts/mm/2026028453.stk`
2026028454	`generated_gifts/mm/2026028454.stk`
2026028455	`generated_gifts/mm/2026028455.stk`
2026028456	`generated_gifts/mm/2026028456.stk`
2026028457	`generated_gifts/mm/2026028457.stk`
2026028458	`generated_gifts/mm/2026028458.stk`
2026028459	`generated_gifts/mm/2026028459.stk`
2026028460	`generated_gifts/mm/2026028460.stk`
2026028461	`generated_gifts/mm/2026028461.stk`
2026028462	`generated_gifts/mm/2026028462.stk`
2026028463	`generated_gifts/mm/2026028463.stk`
2026028464	`generated_gifts/mm/2026028464.stk`
2026028465	`generated_gifts/mm/2026028465.stk`
2026028466	`generated_gifts/mm/2026028466.stk`
2026028467	`generated_gifts/mm/2026028467.stk`
2026028468	`generated_gifts/mm/2026028468.stk`
2026028469	`generated_gifts/mm/2026028469.stk`
2026028470	`generated_gifts/mm/2026028470.stk`
2026028471	`generated_gifts/mm/2026028471.stk`
2026028472	`generated_gifts/mm/2026028472.stk`
2026028473	`generated_gifts/mm/2026028473.stk`
2026028474	`generated_gifts/mm/2026028474.stk`
2026028475	`generated_gifts/mm/2026028475.stk`
2026028476	`generated_gifts/mm/2026028476.stk`
2026028477	`generated_gifts/mm/2026028477.stk`
2026028478	`generated_gifts/mm/2026028478.stk`
2026028479	`generated_gifts/mm/2026028479.stk`
2026028480	`generated_gifts/mm/2026028480.stk`
2026028481	`generated_gifts/mm/2026028481.stk`
2026028482	`generated_gifts/mm/2026028482.stk`
2026028483	`generated_gifts/mm/2026028483.stk`
2026028484	`generated_gifts/mm/2026028484.stk`
2026028485	`generated_gifts/mm/2026028485.stk`
2026028486	`generated_gifts/mm/2026028486.stk`
2026028487	`generated_gifts/mm/2026028487.stk`
2026028488	`generated_gifts/mm/2026028488.stk`
2026028489	`generated_gifts/mm/2026028489.stk`
2026028490	`generated_gifts/mm/2026028490.stk`
2026028491	`generated_gifts/mm/2026028491.stk`
2026028492	`generated_gifts/mm/2026028492.stk`
2026028493	`generated_gifts/mm/2026028493.stk`
2026028494	`generated_gifts/mm/2026028494.stk`
2026028495	`generated_gifts/mm/2026028495.stk`
2026028496	`generated_gifts/mm/2026028496.stk`
2026028497	`generated_gifts/mm/2026028497.stk`
2026028498	`generated_gifts/mm/2026028498.stk`
2026028499	`generated_gifts/mm/2026028499.stk`
2026028500	`generated_gifts/mm/2026028500.stk`
2026028501	`generated_gifts/mm/2026028501.stk`
2026028502	`generated_gifts/mm/2026028502.stk`
2026028503	`generated_gifts/mm/2026028503.stk`
2026028504	`generated_gifts/mm/2026028504.stk`
2026028505	`generated_gifts/mm/2026028505.stk`
2026028506	`generated_gifts/mm/2026028506.stk`
2026028507	`generated_gifts/mm/2026028507.stk`
2026028508	`generated_gifts/mm/2026028508.stk`
2026028509	`generated_gifts/mm/2026028509.stk`
2026028510	`generated_gifts/mm/2026028510.stk`
2026028511	`generated_gifts/mm/2026028511.stk`
2026028512	`generated_gifts/mm/2026028512.stk`
2026028513	`generated_gifts/mm/2026028513.stk`
2026028514	`generated_gifts/mm/2026028514.stk`
2026028515	`generated_gifts/mm/2026028515.stk`
2026028516	`generated_gifts/mm/2026028516.stk`
2026028517	`generated_gifts/mm/2026028517.stk`
2026028518	`generated_gifts/mm/2026028518.stk`
2026028519	`generated_gifts/mm/2026028519.stk`
2026028520	`generated_gifts/mm/2026028520.stk`
2026028521	`generated_gifts/mm/2026028521.stk`
2026028522	`generated_gifts/mm/2026028522.stk`
2026028523	`generated_gifts/mm/2026028523.stk`
2026028524	`generated_gifts/mm/2026028524.stk`
2026028525	`generated_gifts/mm/2026028525.stk`
2026028526	`generated_gifts/mm/2026028526.stk`
2026028527	`generated_gifts/mm/2026028527.stk`
2026028528	`generated_gifts/mm/2026028528.stk`
2026028529	`generated_gifts/mm/2026028529.stk`
2026028530	`generated_gifts/mm/2026028530.stk`
2026028531	`generated_gifts/mm/2026028531.stk`
2026028532	`generated_gifts/mm/2026028532.stk`
2026028533	`generated_gifts/mm/2026028533.stk`
2026028534	`generated_gifts/mm/2026028534.stk`
2026028535	`generated_gifts/mm/2026028535.stk`
2026028536	`generated_gifts/mm/2026028536.stk`
2026028537	`generated_gifts/mm/2026028537.stk`
2026028538	`generated_gifts/mm/2026028538.stk`
2026028539	`generated_gifts/mm/2026028539.stk`
2026028540	`generated_gifts/mm/2026028540.stk`
2026028541	`generated_gifts/mm/2026028541.stk`
2026028542	`generated_gifts/mm/2026028542.stk`
2026028543	`generated_gifts/mm/2026028543.stk`
2026028544	`generated_gifts/mm/2026028544.stk`
2026028545	`generated_gifts/mm/2026028545.stk`
2026028546	`generated_gifts/mm/2026028546.stk`
2026028547	`generated_gifts/mm/2026028547.stk`
2026028548	`generated_gifts/mm/2026028548.stk`
2026028549	`generated_gifts/mm/2026028549.stk`
2026028550	`generated_gifts/mm/2026028550.stk`
2026028551	`generated_gifts/mm/2026028551.stk`
2026028552	`generated_gifts/mm/2026028552.stk`
2026028553	`generated_gifts/mm/2026028553.stk`
2026028554	`generated_gifts/mm/2026028554.stk`
2026028555	`generated_gifts/mm/2026028555.stk`
2026028556	`generated_gifts/mm/2026028556.stk`
2026028557	`generated_gifts/mm/2026028557.stk`
2026028558	`generated_gifts/mm/2026028558.stk`
2026028559	`generated_gifts/mm/2026028559.stk`
2026028560	`generated_gifts/mm/2026028560.stk`
2026028561	`generated_gifts/mm/2026028561.stk`
2026028562	`generated_gifts/mm/2026028562.stk`
2026028563	`generated_gifts/mm/2026028563.stk`
2026028564	`generated_gifts/mm/2026028564.stk`
2026028565	`generated_gifts/mm/2026028565.stk`
2026028566	`generated_gifts/mm/2026028566.stk`
2026028567	`generated_gifts/mm/2026028567.stk`
2026028568	`generated_gifts/mm/2026028568.stk`
2026028569	`generated_gifts/mm/2026028569.stk`
2026028570	`generated_gifts/mm/2026028570.stk`
2026028571	`generated_gifts/mm/2026028571.stk`
2026028572	`generated_gifts/mm/2026028572.stk`
2026028573	`generated_gifts/mm/2026028573.stk`
2026028574	`generated_gifts/mm/2026028574.stk`
2026028575	`generated_gifts/mm/2026028575.stk`
2026028576	`generated_gifts/mm/2026028576.stk`
2026028577	`generated_gifts/mm/2026028577.stk`
2026028578	`generated_gifts/mm/2026028578.stk`
2026028579	`generated_gifts/mm/2026028579.stk`
2026028580	`generated_gifts/mm/2026028580.stk`
2026028581	`generated_gifts/mm/2026028581.stk`
2026028582	`generated_gifts/mm/2026028582.stk`
2026028583	`generated_gifts/mm/2026028583.stk`
2026028584	`generated_gifts/mm/2026028584.stk`
2026028585	`generated_gifts/mm/2026028585.stk`
2026028586	`generated_gifts/mm/2026028586.stk`
2026028587	`generated_gifts/mm/2026028587.stk`
2026028588	`generated_gifts/mm/2026028588.stk`
2026028589	`generated_gifts/mm/2026028589.stk`
2026028590	`generated_gifts/mm/2026028590.stk`
2026028591	`generated_gifts/mm/2026028591.stk`
2026028592	`generated_gifts/mm/2026028592.stk`
2026028593	`generated_gifts/mm/2026028593.stk`
2026028594	`generated_gifts/mm/2026028594.stk`
2026028595	`generated_gifts/mm/2026028595.stk`
2026028596	`generated_gifts/mm/2026028596.stk`
2026028597	`generated_gifts/mm/2026028597.stk`
2026028598	`generated_gifts/mm/2026028598.stk`
2026028599	`generated_gifts/mm/2026028599.stk`
2026028600	`generated_gifts/mm/2026028600.stk`
2026028601	`generated_gifts/mm/2026028601.stk`
2026028602	`generated_gifts/mm/2026028602.stk`
2026028603	`generated_gifts/mm/2026028603.stk`
2026028604	`generated_gifts/mm/2026028604.stk`
2026028605	`generated_gifts/mm/2026028605.stk`
2026028606	`generated_gifts/mm/2026028606.stk`
2026028607	`generated_gifts/mm/2026028607.stk`
2026028608	`generated_gifts/mm/2026028608.stk`
2026028609	`generated_gifts/mm/2026028609.stk`
2026028610	`generated_gifts/mm/2026028610.stk`
2026028611	`generated_gifts/mm/2026028611.stk`
2026028612	`generated_gifts/mm/2026028612.stk`
2026028613	`generated_gifts/mm/2026028613.stk`
2026028614	`generated_gifts/mm/2026028614.stk`
2026028615	`generated_gifts/mm/2026028615.stk`
2026028616	`generated_gifts/mm/2026028616.stk`
2026028617	`generated_gifts/mm/2026028617.stk`
2026028618	`generated_gifts/mm/2026028618.stk`
2026028619	`generated_gifts/mm/2026028619.stk`
2026028620	`generated_gifts/mm/2026028620.stk`
2026028621	`generated_gifts/mm/2026028621.stk`
2026028622	`generated_gifts/mm/2026028622.stk`
2026028623	`generated_gifts/mm/2026028623.stk`
2026028624	`generated_gifts/mm/2026028624.stk`
2026028625	`generated_gifts/mm/2026028625.stk`
2026028626	`generated_gifts/mm/2026028626.stk`
2026028627	`generated_gifts/mm/2026028627.stk`
2026028628	`generated_gifts/mm/2026028628.stk`
2026028629	`generated_gifts/mm/2026028629.stk`
2026028630	`generated_gifts/mm/2026028630.stk`
2026028631	`generated_gifts/mm/2026028631.stk`
2026028632	`generated_gifts/mm/2026028632.stk`
2026028633	`generated_gifts/mm/2026028633.stk`
2026028634	`generated_gifts/mm/2026028634.stk`
2026028635	`generated_gifts/mm/2026028635.stk`
2026028636	`generated_gifts/mm/2026028636.stk`
2026028637	`generated_gifts/mm/2026028637.stk`
2026028638	`generated_gifts/mm/2026028638.stk`
2026028639	`generated_gifts/mm/2026028639.stk`
2026028640	`generated_gifts/mm/2026028640.stk`
2026028641	`generated_gifts/mm/2026028641.stk`
2026028642	`generated_gifts/mm/2026028642.stk`
2026028643	`generated_gifts/mm/2026028643.stk`
2026028644	`generated_gifts/mm/2026028644.stk`
2026028645	`generated_gifts/mm/2026028645.stk`
2026028646	`generated_gifts/mm/2026028646.stk`
2026028647	`generated_gifts/mm/2026028647.stk`
2026028648	`generated_gifts/mm/2026028648.stk`
2026028649	`generated_gifts/mm/2026028649.stk`
2026028650	`generated_gifts/mm/2026028650.stk`
2026028651	`generated_gifts/mm/2026028651.stk`
2026028652	`generated_gifts/mm/2026028652.stk`
2026028653	`generated_gifts/mm/2026028653.stk`
2026028654	`generated_gifts/mm/2026028654.stk`
2026028655	`generated_gifts/mm/2026028655.stk`
2026028656	`generated_gifts/mm/2026028656.stk`
2026028657	`generated_gifts/mm/2026028657.stk`
2026028658	`generated_gifts/mm/2026028658.stk`
2026028659	`generated_gifts/mm/2026028659.stk`
2026028660	`generated_gifts/mm/2026028660.stk`
2026028661	`generated_gifts/mm/2026028661.stk`
2026028662	`generated_gifts/mm/2026028662.stk`
2026028663	`generated_gifts/mm/2026028663.stk`
2026028664	`generated_gifts/mm/2026028664.stk`
2026028665	`generated_gifts/mm/2026028665.stk`
2026028666	`generated_gifts/mm/2026028666.stk`
2026028667	`generated_gifts/mm/2026028667.stk`
2026028668	`generated_gifts/mm/2026028668.stk`
2026028669	`generated_gifts/mm/2026028669.stk`
2026028670	`generated_gifts/mm/2026028670.stk`
2026028671	`generated_gifts/mm/2026028671.stk`
2026028672	`generated_gifts/mm/2026028672.stk`
2026028673	`generated_gifts/mm/2026028673.stk`
2026028674	`generated_gifts/mm/2026028674.stk`
2026028675	`generated_gifts/mm/2026028675.stk`
2026028676	`generated_gifts/mm/2026028676.stk`
2026028677	`generated_gifts/mm/2026028677.stk`
2026028678	`generated_gifts/mm/2026028678.stk`
2026028679	`generated_gifts/mm/2026028679.stk`
2026028680	`generated_gifts/mm/2026028680.stk`
2026028681	`generated_gifts/mm/2026028681.stk`
2026028682	`generated_gifts/mm/2026028682.stk`
2026028683	`generated_gifts/mm/2026028683.stk`
2026028684	`generated_gifts/mm/2026028684.stk`
2026028685	`generated_gifts/mm/2026028685.stk`
2026028686	`generated_gifts/mm/2026028686.stk`
2026028687	`generated_gifts/mm/2026028687.stk`
2026028688	`generated_gifts/mm/2026028688.stk`
2026028689	`generated_gifts/mm/2026028689.stk`
2026028690	`generated_gifts/mm/2026028690.stk`
2026028691	`generated_gifts/mm/2026028691.stk`
2026028692	`generated_gifts/mm/2026028692.stk`
2026028693	`generated_gifts/mm/2026028693.stk`
2026028694	`generated_gifts/mm/2026028694.stk`
2026028695	`generated_gifts/mm/2026028695.stk`
2026028696	`generated_gifts/mm/2026028696.stk`
2026028697	`generated_gifts/mm/2026028697.stk`
2026028698	`generated_gifts/mm/2026028698.stk`
2026028699	`generated_gifts/mm/2026028699.stk`
2026028700	`generated_gifts/mm/2026028700.stk`
2026028701	`generated_gifts/mm/2026028701.stk`
2026028702	`generated_gifts/mm/2026028702.stk`
2026028703	`generated_gifts/mm/2026028703.stk`
2026028704	`generated_gifts/mm/2026028704.stk`
2026028705	`generated_gifts/mm/2026028705.stk`
2026028706	`generated_gifts/mm/2026028706.stk`
2026028707	`generated_gifts/mm/2026028707.stk`
2026028708	`generated_gifts/mm/2026028708.stk`
2026028709	`generated_gifts/mm/2026028709.stk`
2026028710	`generated_gifts/mm/2026028710.stk`
2026028711	`generated_gifts/mm/2026028711.stk`
2026028712	`generated_gifts/mm/2026028712.stk`
2026028713	`generated_gifts/mm/2026028713.stk`
2026028714	`generated_gifts/mm/2026028714.stk`
2026028715	`generated_gifts/mm/2026028715.stk`
2026028716	`generated_gifts/pr/2026028716.stk`
2026028717	`generated_gifts/pr/2026028717.stk`
2026028718	`generated_gifts/pr/2026028718.stk`
2026028719	`generated_gifts/pr/2026028719.stk`
2026028720	`generated_gifts/pr/2026028720.stk`
2026028721	`generated_gifts/pr/2026028721.stk`
2026028722	`generated_gifts/pr/2026028722.stk`
2026028723	`generated_gifts/pr/2026028723.stk`
2026028724	`generated_gifts/pr/2026028724.stk`
2026028725	`generated_gifts/pr/2026028725.stk`
2026028726	`generated_gifts/pr/2026028726.stk`
2026028727	`generated_gifts/pr/2026028727.stk`
2026028728	`generated_gifts/pr/2026028728.stk`
2026028729	`generated_gifts/pr/2026028729.stk`
2026028730	`generated_gifts/pr/2026028730.stk`
2026028731	`generated_gifts/pr/2026028731.stk`
2026028732	`generated_gifts/pr/2026028732.stk`
2026028733	`generated_gifts/pr/2026028733.stk`
2026028734	`generated_gifts/pr/2026028734.stk`
2026028735	`generated_gifts/pr/2026028735.stk`
2026028736	`generated_gifts/pr/2026028736.stk`
2026028737	`generated_gifts/pr/2026028737.stk`
2026028738	`generated_gifts/pr/2026028738.stk`
2026028739	`generated_gifts/pr/2026028739.stk`
2026028740	`generated_gifts/pr/2026028740.stk`
2026028741	`generated_gifts/pr/2026028741.stk`
2026028742	`generated_gifts/pr/2026028742.stk`
2026028743	`generated_gifts/pr/2026028743.stk`
2026028744	`generated_gifts/pr/2026028744.stk`
2026028745	`generated_gifts/pr/2026028745.stk`
2026028746	`generated_gifts/pr/2026028746.stk`
2026028747	`generated_gifts/pr/2026028747.stk`
2026028748	`generated_gifts/pr/2026028748.stk`
2026028749	`generated_gifts/pr/2026028749.stk`
2026028750	`generated_gifts/pr/2026028750.stk`
2026028751	`generated_gifts/pr/2026028751.stk`
2026028752	`generated_gifts/pr/2026028752.stk`
2026028753	`generated_gifts/pr/2026028753.stk`
2026028754	`generated_gifts/pr/2026028754.stk`
2026028755	`generated_gifts/pr/2026028755.stk`
2026028756	`generated_gifts/pr/2026028756.stk`
2026028757	`generated_gifts/pr/2026028757.stk`
2026028758	`generated_gifts/pr/2026028758.stk`
2026028759	`generated_gifts/pr/2026028759.stk`
2026028760	`generated_gifts/pr/2026028760.stk`
2026028761	`generated_gifts/pr/2026028761.stk`
2026028762	`generated_gifts/pr/2026028762.stk`
2026028763	`generated_gifts/pr/2026028763.stk`
2026028764	`generated_gifts/pr/2026028764.stk`
2026028765	`generated_gifts/pr/2026028765.stk`
2026028766	`generated_gifts/pr/2026028766.stk`
2026028767	`generated_gifts/pr/2026028767.stk`
2026028768	`generated_gifts/pr/2026028768.stk`
2026028769	`generated_gifts/pr/2026028769.stk`
2026028770	`generated_gifts/pr/2026028770.stk`
2026028771	`generated_gifts/pr/2026028771.stk`
2026028772	`generated_gifts/pr/2026028772.stk`
2026028773	`generated_gifts/pr/2026028773.stk`
2026028774	`generated_gifts/pr/2026028774.stk`
2026028775	`generated_gifts/pr/2026028775.stk`
2026028776	`generated_gifts/pr/2026028776.stk`
2026028777	`generated_gifts/pr/2026028777.stk`
2026028778	`generated_gifts/pr/2026028778.stk`
2026028779	`generated_gifts/pr/2026028779.stk`
2026028780	`generated_gifts/pr/2026028780.stk`
2026028781	`generated_gifts/pr/2026028781.stk`
2026028782	`generated_gifts/pr/2026028782.stk`
2026028783	`generated_gifts/pr/2026028783.stk`
2026028784	`generated_gifts/pr/2026028784.stk`
2026028785	`generated_gifts/pr/2026028785.stk`
2026028786	`generated_gifts/pr/2026028786.stk`
2026028787	`generated_gifts/pr/2026028787.stk`
2026028788	`generated_gifts/pr/2026028788.stk`
2026028789	`generated_gifts/pr/2026028789.stk`
2026028790	`generated_gifts/pr/2026028790.stk`
2026028791	`generated_gifts/pr/2026028791.stk`
2026028792	`generated_gifts/pr/2026028792.stk`
2026028793	`generated_gifts/pr/2026028793.stk`
2026028794	`generated_gifts/pr/2026028794.stk`
2026028795	`generated_gifts/pr/2026028795.stk`
2026028796	`generated_gifts/pr/2026028796.stk`
2026028797	`generated_gifts/pr/2026028797.stk`
2026028798	`generated_gifts/pr/2026028798.stk`
2026028799	`generated_gifts/pr/2026028799.stk`
2026028800	`generated_gifts/pr/2026028800.stk`
2026028801	`generated_gifts/pr/2026028801.stk`
2026028802	`generated_gifts/pr/2026028802.stk`
2026028803	`generated_gifts/pr/2026028803.stk`
2026028804	`generated_gifts/pr/2026028804.stk`
2026028805	`generated_gifts/pr/2026028805.stk`
2026028806	`generated_gifts/pr/2026028806.stk`
2026028807	`generated_gifts/pr/2026028807.stk`
2026028808	`generated_gifts/pr/2026028808.stk`
2026028809	`generated_gifts/pr/2026028809.stk`
2026028810	`generated_gifts/pr/2026028810.stk`
2026028811	`generated_gifts/pr/2026028811.stk`
2026028812	`generated_gifts/pr/2026028812.stk`
2026028813	`generated_gifts/pr/2026028813.stk`
2026028814	`generated_gifts/pr/2026028814.stk`
2026028815	`generated_gifts/pr/2026028815.stk`
2026028816	`generated_gifts/pr/2026028816.stk`
2026028817	`generated_gifts/pr/2026028817.stk`
2026028818	`generated_gifts/pr/2026028818.stk`
2026028819	`generated_gifts/pr/2026028819.stk`
2026028820	`generated_gifts/pr/2026028820.stk`
2026028821	`generated_gifts/pr/2026028821.stk`
2026028822	`generated_gifts/pr/2026028822.stk`
2026028823	`generated_gifts/pr/2026028823.stk`
2026028824	`generated_gifts/pr/2026028824.stk`
2026028825	`generated_gifts/pr/2026028825.stk`
2026028826	`generated_gifts/pr/2026028826.stk`
2026028827	`generated_gifts/pr/2026028827.stk`
2026028828	`generated_gifts/pr/2026028828.stk`
2026028829	`generated_gifts/pr/2026028829.stk`
2026028830	`generated_gifts/pr/2026028830.stk`
2026028831	`generated_gifts/pr/2026028831.stk`
2026028832	`generated_gifts/pr/2026028832.stk`
2026028833	`generated_gifts/pr/2026028833.stk`
2026028834	`generated_gifts/pr/2026028834.stk`
2026028835	`generated_gifts/pr/2026028835.stk`
2026028836	`generated_gifts/pr/2026028836.stk`
2026028837	`generated_gifts/pr/2026028837.stk`
2026028838	`generated_gifts/pr/2026028838.stk`
2026028839	`generated_gifts/pr/2026028839.stk`
2026028840	`generated_gifts/pr/2026028840.stk`
2026028841	`generated_gifts/pr/2026028841.stk`
2026028842	`generated_gifts/pr/2026028842.stk`
2026028843	`generated_gifts/pr/2026028843.stk`
2026028844	`generated_gifts/pr/2026028844.stk`
2026028845	`generated_gifts/pr/2026028845.stk`
2026028846	`generated_gifts/pr/2026028846.stk`
2026028847	`generated_gifts/pr/2026028847.stk`
2026028848	`generated_gifts/pr/2026028848.stk`
2026028849	`generated_gifts/pr/2026028849.stk`
2026028850	`generated_gifts/pr/2026028850.stk`
2026028851	`generated_gifts/pr/2026028851.stk`
2026028852	`generated_gifts/pr/2026028852.stk`
2026028853	`generated_gifts/pr/2026028853.stk`
2026028854	`generated_gifts/pr/2026028854.stk`
2026028855	`generated_gifts/pr/2026028855.stk`
2026028856	`generated_gifts/pr/2026028856.stk`
2026028857	`generated_gifts/pr/2026028857.stk`
2026028858	`generated_gifts/pr/2026028858.stk`
2026028859	`generated_gifts/pr/2026028859.stk`
2026028860	`generated_gifts/pr/2026028860.stk`
2026028861	`generated_gifts/pr/2026028861.stk`
2026028862	`generated_gifts/pr/2026028862.stk`
2026028863	`generated_gifts/pr/2026028863.stk`
2026028864	`generated_gifts/pr/2026028864.stk`
2026028865	`generated_gifts/pr/2026028865.stk`
2026028866	`generated_gifts/pr/2026028866.stk`
2026028867	`generated_gifts/pr/2026028867.stk`
2026028868	`generated_gifts/pr/2026028868.stk`
2026028869	`generated_gifts/pr/2026028869.stk`
2026028870	`generated_gifts/pr/2026028870.stk`
2026028871	`generated_gifts/pr/2026028871.stk`
2026028872	`generated_gifts/pr/2026028872.stk`
2026028873	`generated_gifts/pr/2026028873.stk`
2026028874	`generated_gifts/pr/2026028874.stk`
2026028875	`generated_gifts/pr/2026028875.stk`
2026028876	`generated_gifts/pr/2026028876.stk`
2026028877	`generated_gifts/pr/2026028877.stk`
2026028878	`generated_gifts/pr/2026028878.stk`
2026028879	`generated_gifts/pr/2026028879.stk`
2026028880	`generated_gifts/pr/2026028880.stk`
2026028881	`generated_gifts/pr/2026028881.stk`
2026028882	`generated_gifts/pr/2026028882.stk`
2026028883	`generated_gifts/pr/2026028883.stk`
2026028884	`generated_gifts/pr/2026028884.stk`
2026028885	`generated_gifts/pr/2026028885.stk`
2026028886	`generated_gifts/pr/2026028886.stk`
2026028887	`generated_gifts/pr/2026028887.stk`
2026028888	`generated_gifts/pr/2026028888.stk`
2026028889	`generated_gifts/pr/2026028889.stk`
2026028890	`generated_gifts/pr/2026028890.stk`
2026028891	`generated_gifts/pr/2026028891.stk`
2026028892	`generated_gifts/pr/2026028892.stk`
2026028893	`generated_gifts/pr/2026028893.stk`
2026028894	`generated_gifts/pr/2026028894.stk`
2026028895	`generated_gifts/pr/2026028895.stk`
2026028896	`generated_gifts/pr/2026028896.stk`
2026028897	`generated_gifts/pr/2026028897.stk`
2026028898	`generated_gifts/pr/2026028898.stk`
2026028899	`generated_gifts/pr/2026028899.stk`
2026028900	`generated_gifts/pr/2026028900.stk`
2026028901	`generated_gifts/pr/2026028901.stk`
2026028902	`generated_gifts/pr/2026028902.stk`
2026028903	`generated_gifts/pr/2026028903.stk`
2026028904	`generated_gifts/pr/2026028904.stk`
2026028905	`generated_gifts/pr/2026028905.stk`
2026028906	`generated_gifts/pr/2026028906.stk`
2026028907	`generated_gifts/pr/2026028907.stk`
2026028908	`generated_gifts/pr/2026028908.stk`
2026028909	`generated_gifts/pr/2026028909.stk`
2026028910	`generated_gifts/pr/2026028910.stk`
2026028911	`generated_gifts/pr/2026028911.stk`
2026028912	`generated_gifts/pr/2026028912.stk`
2026028913	`generated_gifts/pr/2026028913.stk`
2026028914	`generated_gifts/pr/2026028914.stk`
2026028915	`generated_gifts/pr/2026028915.stk`
2026028916	`generated_gifts/pr/2026028916.stk`
2026028917	`generated_gifts/pr/2026028917.stk`
2026028918	`generated_gifts/pr/2026028918.stk`
2026028919	`generated_gifts/pr/2026028919.stk`
2026028920	`generated_gifts/pr/2026028920.stk`
2026028921	`generated_gifts/pr/2026028921.stk`
2026028922	`generated_gifts/pr/2026028922.stk`
2026028923	`generated_gifts/pr/2026028923.stk`
2026028924	`generated_gifts/pr/2026028924.stk`
2026028925	`generated_gifts/pr/2026028925.stk`
2026028926	`generated_gifts/pr/2026028926.stk`
2026028927	`generated_gifts/pr/2026028927.stk`
2026028928	`generated_gifts/pr/2026028928.stk`
2026028929	`generated_gifts/pr/2026028929.stk`
2026028930	`generated_gifts/pr/2026028930.stk`
2026028931	`generated_gifts/pr/2026028931.stk`
2026028932	`generated_gifts/pr/2026028932.stk`
2026028933	`generated_gifts/pr/2026028933.stk`
2026028934	`generated_gifts/pr/2026028934.stk`
2026028935	`generated_gifts/pr/2026028935.stk`
2026028936	`generated_gifts/pr/2026028936.stk`
2026028937	`generated_gifts/pr/2026028937.stk`
2026028938	`generated_gifts/pr/2026028938.stk`
2026028939	`generated_gifts/pr/2026028939.stk`
2026028940	`generated_gifts/pr/2026028940.stk`
2026028941	`generated_gifts/pr/2026028941.stk`
2026028942	`generated_gifts/pr/2026028942.stk`
2026028943	`generated_gifts/pr/2026028943.stk`
2026028944	`generated_gifts/pr/2026028944.stk`
2026028945	`generated_gifts/pr/2026028945.stk`
2026028946	`generated_gifts/pr/2026028946.stk`
2026028947	`generated_gifts/pr/2026028947.stk`
2026028948	`generated_gifts/pr/2026028948.stk`
2026028949	`generated_gifts/pr/2026028949.stk`
2026028950	`generated_gifts/pr/2026028950.stk`
2026028951	`generated_gifts/pr/2026028951.stk`
2026028952	`generated_gifts/pr/2026028952.stk`
2026028953	`generated_gifts/pr/2026028953.stk`
2026028954	`generated_gifts/pr/2026028954.stk`
2026028955	`generated_gifts/pr/2026028955.stk`
2026028956	`generated_gifts/pr/2026028956.stk`
2026028957	`generated_gifts/pr/2026028957.stk`
2026028958	`generated_gifts/pr/2026028958.stk`
2026028959	`generated_gifts/pr/2026028959.stk`
2026028960	`generated_gifts/pr/2026028960.stk`
2026028961	`generated_gifts/pr/2026028961.stk`
2026028962	`generated_gifts/pr/2026028962.stk`
2026028963	`generated_gifts/pr/2026028963.stk`
2026028964	`generated_gifts/pr/2026028964.stk`
2026028965	`generated_gifts/pr/2026028965.stk`
2026028966	`generated_gifts/pr/2026028966.stk`
2026028967	`generated_gifts/pr/2026028967.stk`
2026028968	`generated_gifts/pr/2026028968.stk`
2026028969	`generated_gifts/pr/2026028969.stk`
2026028970	`generated_gifts/pr/2026028970.stk`
2026028971	`generated_gifts/pr/2026028971.stk`
2026028972	`generated_gifts/pr/2026028972.stk`
2026028973	`generated_gifts/pr/2026028973.stk`
2026028974	`generated_gifts/pr/2026028974.stk`
2026028975	`generated_gifts/pr/2026028975.stk`
2026028976	`generated_gifts/pr/2026028976.stk`
2026028977	`generated_gifts/pr/2026028977.stk`
2026028978	`generated_gifts/pr/2026028978.stk`
2026028979	`generated_gifts/pr/2026028979.stk`
2026028980	`generated_gifts/pr/2026028980.stk`
2026028981	`generated_gifts/pr/2026028981.stk`
2026028982	`generated_gifts/pr/2026028982.stk`
2026028983	`generated_gifts/pr/2026028983.stk`
2026028984	`generated_gifts/pr/2026028984.stk`
2026028985	`generated_gifts/pr/2026028985.stk`
2026028986	`generated_gifts/pr/2026028986.stk`
2026028987	`generated_gifts/pr/2026028987.stk`
2026028988	`generated_gifts/pr/2026028988.stk`
2026028989	`generated_gifts/pr/2026028989.stk`
2026028990	`generated_gifts/pr/2026028990.stk`
2026028991	`generated_gifts/pr/2026028991.stk`
2026028992	`generated_gifts/pr/2026028992.stk`
2026028993	`generated_gifts/pr/2026028993.stk`
2026028994	`generated_gifts/pr/2026028994.stk`
2026028995	`generated_gifts/pr/2026028995.stk`
2026028996	`generated_gifts/pr/2026028996.stk`
2026028997	`generated_gifts/pr/2026028997.stk`
2026028998	`generated_gifts/pr/2026028998.stk`
2026028999	`generated_gifts/pr/2026028999.stk`
2026029000	`generated_gifts/pr/2026029000.stk`
2026029001	`generated_gifts/pr/2026029001.stk`
2026029002	`generated_gifts/pr/2026029002.stk`
2026029003	`generated_gifts/pr/2026029003.stk`
2026029004	`generated_gifts/pr/2026029004.stk`
2026029005	`generated_gifts/pr/2026029005.stk`
2026029006	`generated_gifts/pr/2026029006.stk`
2026029007	`generated_gifts/pr/2026029007.stk`
2026029008	`generated_gifts/pr/2026029008.stk`
2026029009	`generated_gifts/pr/2026029009.stk`
2026029010	`generated_gifts/pr/2026029010.stk`
2026029011	`generated_gifts/pr/2026029011.stk`
2026029012	`generated_gifts/pr/2026029012.stk`
2026029013	`generated_gifts/pr/2026029013.stk`
2026029014	`generated_gifts/pr/2026029014.stk`
2026029015	`generated_gifts/pr/2026029015.stk`
2026029016	`generated_gifts/pr/2026029016.stk`
2026029017	`generated_gifts/pr/2026029017.stk`
2026029018	`generated_gifts/pr/2026029018.stk`
2026029019	`generated_gifts/pr/2026029019.stk`
2026029020	`generated_gifts/pr/2026029020.stk`
2026029021	`generated_gifts/pr/2026029021.stk`
2026029022	`generated_gifts/pr/2026029022.stk`
2026029023	`generated_gifts/pr/2026029023.stk`
2026029024	`generated_gifts/pr/2026029024.stk`
2026029025	`generated_gifts/pr/2026029025.stk`
2026029026	`generated_gifts/pr/2026029026.stk`
2026029027	`generated_gifts/pr/2026029027.stk`
2026029028	`generated_gifts/pr/2026029028.stk`
2026029029	`generated_gifts/pr/2026029029.stk`
2026029030	`generated_gifts/pr/2026029030.stk`
2026029031	`generated_gifts/pr/2026029031.stk`
2026029032	`generated_gifts/pr/2026029032.stk`
2026029033	`generated_gifts/pr/2026029033.stk`
2026029034	`generated_gifts/pr/2026029034.stk`
2026029035	`generated_gifts/pr/2026029035.stk`
2026029036	`generated_gifts/pr/2026029036.stk`
2026029037	`generated_gifts/pr/2026029037.stk`
2026029038	`generated_gifts/pr/2026029038.stk`
2026029039	`generated_gifts/pr/2026029039.stk`
2026029040	`generated_gifts/pr/2026029040.stk`
2026029041	`generated_gifts/pr/2026029041.stk`
2026029042	`generated_gifts/pr/2026029042.stk`
2026029043	`generated_gifts/pr/2026029043.stk`
2026029044	`generated_gifts/pr/2026029044.stk`
2026029045	`generated_gifts/pr/2026029045.stk`
2026029046	`generated_gifts/pr/2026029046.stk`
2026029047	`generated_gifts/pr/2026029047.stk`
2026029048	`generated_gifts/pr/2026029048.stk`
2026029049	`generated_gifts/pr/2026029049.stk`
2026029050	`generated_gifts/pr/2026029050.stk`
2026029051	`generated_gifts/pr/2026029051.stk`
2026029052	`generated_gifts/pr/2026029052.stk`
2026029053	`generated_gifts/pr/2026029053.stk`
2026029054	`generated_gifts/pr/2026029054.stk`
2026029055	`generated_gifts/pr/2026029055.stk`
2026029056	`generated_gifts/pr/2026029056.stk`
2026029057	`generated_gifts/pr/2026029057.stk`
2026029058	`generated_gifts/pr/2026029058.stk`
2026029059	`generated_gifts/pr/2026029059.stk`
2026029060	`generated_gifts/pr/2026029060.stk`
2026029061	`generated_gifts/pr/2026029061.stk`
2026029062	`generated_gifts/pr/2026029062.stk`
2026029063	`generated_gifts/pr/2026029063.stk`
2026029064	`generated_gifts/pr/2026029064.stk`
2026029065	`generated_gifts/pr/2026029065.stk`
2026029066	`generated_gifts/pr/2026029066.stk`
2026029067	`generated_gifts/pr/2026029067.stk`
2026029068	`generated_gifts/pr/2026029068.stk`
2026029069	`generated_gifts/pr/2026029069.stk`
2026029070	`generated_gifts/pr/2026029070.stk`
2026029071	`generated_gifts/pr/2026029071.stk`
2026029072	`generated_gifts/pr/2026029072.stk`
2026029073	`generated_gifts/pr/2026029073.stk`
2026029074	`generated_gifts/pr/2026029074.stk`
2026029075	`generated_gifts/pr/2026029075.stk`
2026029076	`generated_gifts/pr/2026029076.stk`
2026029077	`generated_gifts/pr/2026029077.stk`
2026029078	`generated_gifts/pr/2026029078.stk`
2026029079	`generated_gifts/pr/2026029079.stk`
2026029080	`generated_gifts/pr/2026029080.stk`
2026029081	`generated_gifts/pr/2026029081.stk`
2026029082	`generated_gifts/pr/2026029082.stk`
2026029083	`generated_gifts/pr/2026029083.stk`
2026029084	`generated_gifts/pr/2026029084.stk`
2026029085	`generated_gifts/pr/2026029085.stk`
2026029086	`generated_gifts/pr/2026029086.stk`
2026029087	`generated_gifts/pr/2026029087.stk`
2026029088	`generated_gifts/pr/2026029088.stk`
2026029089	`generated_gifts/pr/2026029089.stk`
2026029090	`generated_gifts/pr/2026029090.stk`
2026029091	`generated_gifts/pr/2026029091.stk`
2026029092	`generated_gifts/pr/2026029092.stk`
2026029093	`generated_gifts/pr/2026029093.stk`
2026029094	`generated_gifts/pr/2026029094.stk`
2026029095	`generated_gifts/pr/2026029095.stk`
2026029096	`generated_gifts/pr/2026029096.stk`
2026029097	`generated_gifts/pr/2026029097.stk`
2026029098	`generated_gifts/pr/2026029098.stk`
2026029099	`generated_gifts/pr/2026029099.stk`
2026029100	`generated_gifts/pr/2026029100.stk`
2026029101	`generated_gifts/pr/2026029101.stk`
2026029102	`generated_gifts/pr/2026029102.stk`
2026029103	`generated_gifts/pr/2026029103.stk`
2026029104	`generated_gifts/pr/2026029104.stk`
2026029105	`generated_gifts/pr/2026029105.stk`
2026029106	`generated_gifts/pr/2026029106.stk`
2026029107	`generated_gifts/pr/2026029107.stk`
2026029108	`generated_gifts/pr/2026029108.stk`
2026029109	`generated_gifts/pr/2026029109.stk`
2026029110	`generated_gifts/pr/2026029110.stk`
2026029111	`generated_gifts/pr/2026029111.stk`
2026029112	`generated_gifts/pr/2026029112.stk`
2026029113	`generated_gifts/pr/2026029113.stk`
2026029114	`generated_gifts/pr/2026029114.stk`
2026029115	`generated_gifts/pr/2026029115.stk`
2026029116	`generated_gifts/pr/2026029116.stk`
2026029117	`generated_gifts/pr/2026029117.stk`
2026029118	`generated_gifts/pr/2026029118.stk`
2026029119	`generated_gifts/pr/2026029119.stk`
2026029120	`generated_gifts/pr/2026029120.stk`
2026029121	`generated_gifts/pr/2026029121.stk`
2026029122	`generated_gifts/pr/2026029122.stk`
2026029123	`generated_gifts/pr/2026029123.stk`
2026029124	`generated_gifts/pr/2026029124.stk`
2026029125	`generated_gifts/pr/2026029125.stk`
2026029126	`generated_gifts/pr/2026029126.stk`
2026029127	`generated_gifts/pr/2026029127.stk`
2026029128	`generated_gifts/pr/2026029128.stk`
2026029129	`generated_gifts/pr/2026029129.stk`
2026029130	`generated_gifts/pr/2026029130.stk`
2026029131	`generated_gifts/pr/2026029131.stk`
2026029132	`generated_gifts/pr/2026029132.stk`
2026029133	`generated_gifts/pr/2026029133.stk`
2026029134	`generated_gifts/pr/2026029134.stk`
2026029135	`generated_gifts/pr/2026029135.stk`
2026029136	`generated_gifts/pr/2026029136.stk`
2026029137	`generated_gifts/pr/2026029137.stk`
2026029138	`generated_gifts/pr/2026029138.stk`
2026029139	`generated_gifts/pr/2026029139.stk`
2026029140	`generated_gifts/pr/2026029140.stk`
2026029141	`generated_gifts/pr/2026029141.stk`
2026029142	`generated_gifts/pr/2026029142.stk`
2026029143	`generated_gifts/pr/2026029143.stk`
2026029144	`generated_gifts/pr/2026029144.stk`
2026029145	`generated_gifts/pr/2026029145.stk`
2026029146	`generated_gifts/pr/2026029146.stk`
2026029147	`generated_gifts/pr/2026029147.stk`
2026029148	`generated_gifts/pr/2026029148.stk`
2026029149	`generated_gifts/pr/2026029149.stk`
2026029150	`generated_gifts/pr/2026029150.stk`
2026029151	`generated_gifts/pr/2026029151.stk`
2026029152	`generated_gifts/pr/2026029152.stk`
2026029153	`generated_gifts/pr/2026029153.stk`
2026029154	`generated_gifts/pr/2026029154.stk`
2026029155	`generated_gifts/pr/2026029155.stk`
2026029156	`generated_gifts/pr/2026029156.stk`
2026029157	`generated_gifts/pr/2026029157.stk`
2026029158	`generated_gifts/pr/2026029158.stk`
2026029159	`generated_gifts/pr/2026029159.stk`
2026029160	`generated_gifts/pr/2026029160.stk`
2026029161	`generated_gifts/pr/2026029161.stk`
2026029162	`generated_gifts/pr/2026029162.stk`
2026029163	`generated_gifts/pr/2026029163.stk`
2026029164	`generated_gifts/pr/2026029164.stk`
2026029165	`generated_gifts/pr/2026029165.stk`
2026029166	`generated_gifts/pr/2026029166.stk`
2026029167	`generated_gifts/pr/2026029167.stk`
2026029168	`generated_gifts/pr/2026029168.stk`
2026029169	`generated_gifts/pr/2026029169.stk`
2026029170	`generated_gifts/pr/2026029170.stk`
2026029171	`generated_gifts/pr/2026029171.stk`
2026029172	`generated_gifts/pr/2026029172.stk`
2026029173	`generated_gifts/pr/2026029173.stk`
2026029174	`generated_gifts/pr/2026029174.stk`
2026029175	`generated_gifts/pr/2026029175.stk`
2026029176	`generated_gifts/pr/2026029176.stk`
2026029177	`generated_gifts/pr/2026029177.stk`
2026029178	`generated_gifts/pr/2026029178.stk`
2026029179	`generated_gifts/pr/2026029179.stk`
2026029180	`generated_gifts/pr/2026029180.stk`
2026029181	`generated_gifts/pr/2026029181.stk`
2026029182	`generated_gifts/pr/2026029182.stk`
2026029183	`generated_gifts/pr/2026029183.stk`
2026029184	`generated_gifts/pr/2026029184.stk`
2026029185	`generated_gifts/pr/2026029185.stk`
2026029186	`generated_gifts/pr/2026029186.stk`
2026029187	`generated_gifts/pr/2026029187.stk`
2026029188	`generated_gifts/pr/2026029188.stk`
2026029189	`generated_gifts/pr/2026029189.stk`
2026029190	`generated_gifts/pr/2026029190.stk`
2026029191	`generated_gifts/pr/2026029191.stk`
2026029192	`generated_gifts/pr/2026029192.stk`
2026029193	`generated_gifts/pr/2026029193.stk`
2026029194	`generated_gifts/pr/2026029194.stk`
2026029195	`generated_gifts/pr/2026029195.stk`
2026029196	`generated_gifts/pr/2026029196.stk`
2026029197	`generated_gifts/pr/2026029197.stk`
2026029198	`generated_gifts/pr/2026029198.stk`
2026029199	`generated_gifts/pr/2026029199.stk`
2026029200	`generated_gifts/pr/2026029200.stk`
2026029201	`generated_gifts/pr/2026029201.stk`
2026029202	`generated_gifts/pr/2026029202.stk`
2026029203	`generated_gifts/pr/2026029203.stk`
2026029204	`generated_gifts/pr/2026029204.stk`
2026029205	`generated_gifts/pr/2026029205.stk`
2026029206	`generated_gifts/pr/2026029206.stk`
2026029207	`generated_gifts/pr/2026029207.stk`
2026029208	`generated_gifts/pr/2026029208.stk`
2026029209	`generated_gifts/pr/2026029209.stk`
2026029210	`generated_gifts/pr/2026029210.stk`
2026029211	`generated_gifts/pr/2026029211.stk`
2026029212	`generated_gifts/pr/2026029212.stk`
2026029213	`generated_gifts/pr/2026029213.stk`
2026029214	`generated_gifts/pr/2026029214.stk`
2026029215	`generated_gifts/pr/2026029215.stk`
2026029216	`generated_gifts/pr/2026029216.stk`
2026029217	`generated_gifts/pr/2026029217.stk`
2026029218	`generated_gifts/pr/2026029218.stk`
2026029219	`generated_gifts/pr/2026029219.stk`
2026029220	`generated_gifts/pr/2026029220.stk`
2026029221	`generated_gifts/pr/2026029221.stk`
2026029222	`generated_gifts/pr/2026029222.stk`
2026029223	`generated_gifts/pr/2026029223.stk`
2026029224	`generated_gifts/pr/2026029224.stk`
2026029225	`generated_gifts/pr/2026029225.stk`
2026029226	`generated_gifts/pr/2026029226.stk`
2026029227	`generated_gifts/pr/2026029227.stk`
2026029228	`generated_gifts/pr/2026029228.stk`
2026029229	`generated_gifts/pr/2026029229.stk`
2026029230	`generated_gifts/pr/2026029230.stk`
2026029231	`generated_gifts/pr/2026029231.stk`
2026029232	`generated_gifts/pr/2026029232.stk`
2026029233	`generated_gifts/pr/2026029233.stk`
2026029234	`generated_gifts/pr/2026029234.stk`
2026029235	`generated_gifts/pr/2026029235.stk`
2026029236	`generated_gifts/pr/2026029236.stk`
2026029237	`generated_gifts/pr/2026029237.stk`
2026029238	`generated_gifts/pr/2026029238.stk`
2026029239	`generated_gifts/pr/2026029239.stk`
2026029240	`generated_gifts/pr/2026029240.stk`
2026029241	`generated_gifts/pr/2026029241.stk`
2026029242	`generated_gifts/pr/2026029242.stk`
2026029243	`generated_gifts/pr/2026029243.stk`
2026029244	`generated_gifts/pr/2026029244.stk`
2026029245	`generated_gifts/pr/2026029245.stk`
2026029246	`generated_gifts/pr/2026029246.stk`
2026029247	`generated_gifts/pr/2026029247.stk`
2026029248	`generated_gifts/pr/2026029248.stk`
2026029249	`generated_gifts/pr/2026029249.stk`
2026029250	`generated_gifts/pr/2026029250.stk`
2026029251	`generated_gifts/pr/2026029251.stk`
2026029252	`generated_gifts/pr/2026029252.stk`
2026029253	`generated_gifts/pr/2026029253.stk`
2026029254	`generated_gifts/pr/2026029254.stk`
2026029255	`generated_gifts/pr/2026029255.stk`
2026029256	`generated_gifts/pr/2026029256.stk`
2026029257	`generated_gifts/pr/2026029257.stk`
2026029258	`generated_gifts/pr/2026029258.stk`
2026029259	`generated_gifts/pr/2026029259.stk`
2026029260	`generated_gifts/pr/2026029260.stk`
2026029261	`generated_gifts/pr/2026029261.stk`
2026029262	`generated_gifts/pr/2026029262.stk`
2026029263	`generated_gifts/pr/2026029263.stk`
2026029264	`generated_gifts/pr/2026029264.stk`
2026029265	`generated_gifts/pr/2026029265.stk`
2026029266	`generated_gifts/pr/2026029266.stk`
2026029267	`generated_gifts/pr/2026029267.stk`
2026029268	`generated_gifts/pr/2026029268.stk`
2026029269	`generated_gifts/pr/2026029269.stk`
2026029270	`generated_gifts/pr/2026029270.stk`
2026029271	`generated_gifts/pr/2026029271.stk`
2026029272	`generated_gifts/pr/2026029272.stk`
2026029273	`generated_gifts/pr/2026029273.stk`
2026029274	`generated_gifts/pr/2026029274.stk`
2026029275	`generated_gifts/pr/2026029275.stk`
2026029276	`generated_gifts/pr/2026029276.stk`
2026029277	`generated_gifts/pr/2026029277.stk`
2026029278	`generated_gifts/pr/2026029278.stk`
2026029279	`generated_gifts/pr/2026029279.stk`
2026029280	`generated_gifts/pr/2026029280.stk`
2026029281	`generated_gifts/pr/2026029281.stk`
2026029282	`generated_gifts/pr/2026029282.stk`
2026029283	`generated_gifts/pr/2026029283.stk`
2026029284	`generated_gifts/pr/2026029284.stk`
2026029285	`generated_gifts/pr/2026029285.stk`
2026029286	`generated_gifts/pr/2026029286.stk`
2026029287	`generated_gifts/pr/2026029287.stk`
2026029288	`generated_gifts/pr/2026029288.stk`
2026029289	`generated_gifts/pr/2026029289.stk`
2026029290	`generated_gifts/pr/2026029290.stk`
2026029291	`generated_gifts/pr/2026029291.stk`
2026029292	`generated_gifts/pr/2026029292.stk`
2026029293	`generated_gifts/pr/2026029293.stk`
2026029294	`generated_gifts/pr/2026029294.stk`
2026029295	`generated_gifts/pr/2026029295.stk`
2026029296	`generated_gifts/pr/2026029296.stk`
2026029297	`generated_gifts/pr/2026029297.stk`
2026029298	`generated_gifts/pr/2026029298.stk`
2026029299	`generated_gifts/pr/2026029299.stk`
2026029300	`generated_gifts/pr/2026029300.stk`
2026029301	`generated_gifts/pr/2026029301.stk`
2026029302	`generated_gifts/pr/2026029302.stk`
2026029303	`generated_gifts/pr/2026029303.stk`
2026029304	`generated_gifts/pr/2026029304.stk`
2026029305	`generated_gifts/pr/2026029305.stk`
2026029306	`generated_gifts/pr/2026029306.stk`
2026029307	`generated_gifts/pr/2026029307.stk`
2026029308	`generated_gifts/pr/2026029308.stk`
2026029309	`generated_gifts/pr/2026029309.stk`
2026029310	`generated_gifts/pr/2026029310.stk`
2026029311	`generated_gifts/pr/2026029311.stk`
2026029312	`generated_gifts/pr/2026029312.stk`
2026029313	`generated_gifts/pr/2026029313.stk`
2026029314	`generated_gifts/pr/2026029314.stk`
2026029315	`generated_gifts/pr/2026029315.stk`
2026029316	`generated_gifts/pr/2026029316.stk`
2026029317	`generated_gifts/pr/2026029317.stk`
2026029318	`generated_gifts/pr/2026029318.stk`
2026029319	`generated_gifts/pr/2026029319.stk`
2026029320	`generated_gifts/pr/2026029320.stk`
2026029321	`generated_gifts/pr/2026029321.stk`
2026029322	`generated_gifts/pr/2026029322.stk`
2026029323	`generated_gifts/pr/2026029323.stk`
2026029324	`generated_gifts/pr/2026029324.stk`
2026029325	`generated_gifts/pr/2026029325.stk`
2026029326	`generated_gifts/pr/2026029326.stk`
2026029327	`generated_gifts/pr/2026029327.stk`
2026029328	`generated_gifts/pr/2026029328.stk`
2026029329	`generated_gifts/pr/2026029329.stk`
2026029330	`generated_gifts/pr/2026029330.stk`
2026029331	`generated_gifts/pr/2026029331.stk`
2026029332	`generated_gifts/pr/2026029332.stk`
2026029333	`generated_gifts/pr/2026029333.stk`
2026029334	`generated_gifts/pr/2026029334.stk`
2026029335	`generated_gifts/pr/2026029335.stk`
2026029336	`generated_gifts/pr/2026029336.stk`
2026029337	`generated_gifts/pr/2026029337.stk`
2026029338	`generated_gifts/pr/2026029338.stk`
2026029339	`generated_gifts/pr/2026029339.stk`
2026029340	`generated_gifts/pr/2026029340.stk`
2026029341	`generated_gifts/pr/2026029341.stk`
2026029342	`generated_gifts/pr/2026029342.stk`
2026029343	`generated_gifts/pr/2026029343.stk`
2026029344	`generated_gifts/pr/2026029344.stk`
2026029345	`generated_gifts/pr/2026029345.stk`
2026029346	`generated_gifts/pr/2026029346.stk`
2026029347	`generated_gifts/pr/2026029347.stk`
2026029348	`generated_gifts/pr/2026029348.stk`
2026029349	`generated_gifts/pr/2026029349.stk`
2026029350	`generated_gifts/pr/2026029350.stk`
2026029351	`generated_gifts/pr/2026029351.stk`
2026029352	`generated_gifts/pr/2026029352.stk`
2026029353	`generated_gifts/pr/2026029353.stk`
2026029354	`generated_gifts/pr/2026029354.stk`
2026029355	`generated_gifts/pr/2026029355.stk`
2026029356	`generated_gifts/pr/2026029356.stk`
2026029357	`generated_gifts/pr/2026029357.stk`
2026029358	`generated_gifts/pr/2026029358.stk`
2026029359	`generated_gifts/pr/2026029359.stk`
2026029360	`generated_gifts/pr/2026029360.stk`
2026029361	`generated_gifts/pr/2026029361.stk`
2026029362	`generated_gifts/pr/2026029362.stk`
2026029363	`generated_gifts/pr/2026029363.stk`
2026029364	`generated_gifts/pr/2026029364.stk`
2026029365	`generated_gifts/pr/2026029365.stk`
2026029366	`generated_gifts/pr/2026029366.stk`
2026029367	`generated_gifts/pr/2026029367.stk`
2026029368	`generated_gifts/pr/2026029368.stk`
2026029369	`generated_gifts/pr/2026029369.stk`
2026029370	`generated_gifts/pr/2026029370.stk`
2026029371	`generated_gifts/pr/2026029371.stk`
2026029372	`generated_gifts/pr/2026029372.stk`
2026029373	`generated_gifts/pr/2026029373.stk`
2026029374	`generated_gifts/pr/2026029374.stk`
2026029375	`generated_gifts/pr/2026029375.stk`
2026029376	`generated_gifts/pr/2026029376.stk`
2026029377	`generated_gifts/pr/2026029377.stk`
2026029378	`generated_gifts/pr/2026029378.stk`
2026029379	`generated_gifts/pr/2026029379.stk`
2026029380	`generated_gifts/pr/2026029380.stk`
2026029381	`generated_gifts/pr/2026029381.stk`
2026029382	`generated_gifts/pr/2026029382.stk`
2026029383	`generated_gifts/pr/2026029383.stk`
2026029384	`generated_gifts/pr/2026029384.stk`
2026029385	`generated_gifts/pr/2026029385.stk`
2026029386	`generated_gifts/pr/2026029386.stk`
2026029387	`generated_gifts/pr/2026029387.stk`
2026029388	`generated_gifts/pr/2026029388.stk`
2026029389	`generated_gifts/pr/2026029389.stk`
2026029390	`generated_gifts/pr/2026029390.stk`
2026029391	`generated_gifts/pr/2026029391.stk`
2026029392	`generated_gifts/pr/2026029392.stk`
2026029393	`generated_gifts/pr/2026029393.stk`
2026029394	`generated_gifts/pr/2026029394.stk`
2026029395	`generated_gifts/pr/2026029395.stk`
2026029396	`generated_gifts/pr/2026029396.stk`
2026029397	`generated_gifts/pr/2026029397.stk`
2026029398	`generated_gifts/pr/2026029398.stk`
2026029399	`generated_gifts/pr/2026029399.stk`
2026029400	`generated_gifts/pr/2026029400.stk`
2026029401	`generated_gifts/pr/2026029401.stk`
2026029402	`generated_gifts/pr/2026029402.stk`
2026029403	`generated_gifts/pr/2026029403.stk`
2026029404	`generated_gifts/pr/2026029404.stk`
2026029405	`generated_gifts/pr/2026029405.stk`
2026029406	`generated_gifts/pr/2026029406.stk`
2026029407	`generated_gifts/pr/2026029407.stk`
2026029408	`generated_gifts/pr/2026029408.stk`
2026029409	`generated_gifts/pr/2026029409.stk`
2026029410	`generated_gifts/pr/2026029410.stk`
2026029411	`generated_gifts/pr/2026029411.stk`
2026029412	`generated_gifts/pr/2026029412.stk`
2026029413	`generated_gifts/pr/2026029413.stk`
2026029414	`generated_gifts/pr/2026029414.stk`
2026029415	`generated_gifts/pr/2026029415.stk`
2026029416	`generated_gifts/pr/2026029416.stk`
2026029417	`generated_gifts/pr/2026029417.stk`
2026029418	`generated_gifts/pr/2026029418.stk`
2026029419	`generated_gifts/pr/2026029419.stk`
2026029420	`generated_gifts/pr/2026029420.stk`
2026029421	`generated_gifts/pr/2026029421.stk`
2026029422	`generated_gifts/pr/2026029422.stk`
2026029423	`generated_gifts/pr/2026029423.stk`
2026029424	`generated_gifts/pr/2026029424.stk`
2026029425	`generated_gifts/pr/2026029425.stk`
2026029426	`generated_gifts/pr/2026029426.stk`
2026029427	`generated_gifts/pr/2026029427.stk`
2026029428	`generated_gifts/pr/2026029428.stk`
2026029429	`generated_gifts/pr/2026029429.stk`
2026029430	`generated_gifts/pr/2026029430.stk`
2026029431	`generated_gifts/pr/2026029431.stk`
2026029432	`generated_gifts/pr/2026029432.stk`
2026029433	`generated_gifts/pr/2026029433.stk`
2026029434	`generated_gifts/pr/2026029434.stk`
2026029435	`generated_gifts/pr/2026029435.stk`
2026029436	`generated_gifts/pr/2026029436.stk`
2026029437	`generated_gifts/pr/2026029437.stk`
2026029438	`generated_gifts/pr/2026029438.stk`
2026029439	`generated_gifts/pr/2026029439.stk`
2026029440	`generated_gifts/pr/2026029440.stk`
2026029441	`generated_gifts/pr/2026029441.stk`
2026029442	`generated_gifts/pr/2026029442.stk`
2026029443	`generated_gifts/pr/2026029443.stk`
2026029444	`generated_gifts/pr/2026029444.stk`
2026029445	`generated_gifts/pr/2026029445.stk`
2026029446	`generated_gifts/pr/2026029446.stk`
2026029447	`generated_gifts/pr/2026029447.stk`
2026029448	`generated_gifts/pr/2026029448.stk`
2026029449	`generated_gifts/pr/2026029449.stk`
2026029450	`generated_gifts/pr/2026029450.stk`
2026029451	`generated_gifts/pr/2026029451.stk`
2026029452	`generated_gifts/pr/2026029452.stk`
2026029453	`generated_gifts/pr/2026029453.stk`
2026029454	`generated_gifts/pr/2026029454.stk`
2026029455	`generated_gifts/pr/2026029455.stk`
2026029456	`generated_gifts/pr/2026029456.stk`
2026029457	`generated_gifts/pr/2026029457.stk`
2026029458	`generated_gifts/pr/2026029458.stk`
2026029459	`generated_gifts/pr/2026029459.stk`
2026029460	`generated_gifts/pr/2026029460.stk`
2026029461	`generated_gifts/pr/2026029461.stk`
2026029462	`generated_gifts/pr/2026029462.stk`
2026029463	`generated_gifts/pr/2026029463.stk`
2026029464	`generated_gifts/pr/2026029464.stk`
2026029465	`generated_gifts/pr/2026029465.stk`
2026029466	`generated_gifts/pr/2026029466.stk`
2026029467	`generated_gifts/pr/2026029467.stk`
2026029468	`generated_gifts/pr/2026029468.stk`
2026029469	`generated_gifts/pr/2026029469.stk`
2026029470	`generated_gifts/pr/2026029470.stk`
2026029471	`generated_gifts/pr/2026029471.stk`
2026029472	`generated_gifts/pr/2026029472.stk`
2026029473	`generated_gifts/pr/2026029473.stk`
2026029474	`generated_gifts/pr/2026029474.stk`
2026029475	`generated_gifts/pr/2026029475.stk`
2026029476	`generated_gifts/pr/2026029476.stk`
2026029477	`generated_gifts/pr/2026029477.stk`
2026029478	`generated_gifts/pr/2026029478.stk`
2026029479	`generated_gifts/pr/2026029479.stk`
2026029480	`generated_gifts/pr/2026029480.stk`
2026029481	`generated_gifts/pr/2026029481.stk`
2026029482	`generated_gifts/pr/2026029482.stk`
2026029483	`generated_gifts/pr/2026029483.stk`
2026029484	`generated_gifts/pr/2026029484.stk`
2026029485	`generated_gifts/pr/2026029485.stk`
2026029486	`generated_gifts/pr/2026029486.stk`
2026029487	`generated_gifts/pr/2026029487.stk`
2026029488	`generated_gifts/pr/2026029488.stk`
2026029489	`generated_gifts/pr/2026029489.stk`
2026029490	`generated_gifts/pr/2026029490.stk`
2026029491	`generated_gifts/pr/2026029491.stk`
2026029492	`generated_gifts/pr/2026029492.stk`
2026029493	`generated_gifts/th/2026029493.stk`
2026029494	`generated_gifts/th/2026029494.stk`
2026029495	`generated_gifts/th/2026029495.stk`
2026029496	`generated_gifts/th/2026029496.stk`
2026029497	`generated_gifts/th/2026029497.stk`
2026029498	`generated_gifts/th/2026029498.stk`
2026029499	`generated_gifts/th/2026029499.stk`
2026029500	`generated_gifts/th/2026029500.stk`
2026029501	`generated_gifts/th/2026029501.stk`
2026029502	`generated_gifts/th/2026029502.stk`
2026029503	`generated_gifts/th/2026029503.stk`
2026029504	`generated_gifts/th/2026029504.stk`
2026029505	`generated_gifts/th/2026029505.stk`
2026029506	`generated_gifts/th/2026029506.stk`
2026029507	`generated_gifts/th/2026029507.stk`
2026029508	`generated_gifts/th/2026029508.stk`
2026029509	`generated_gifts/th/2026029509.stk`
2026029510	`generated_gifts/th/2026029510.stk`
2026029511	`generated_gifts/th/2026029511.stk`
2026029512	`generated_gifts/th/2026029512.stk`
2026029513	`generated_gifts/th/2026029513.stk`
2026029514	`generated_gifts/th/2026029514.stk`
2026029515	`generated_gifts/th/2026029515.stk`
2026029516	`generated_gifts/th/2026029516.stk`
2026029517	`generated_gifts/th/2026029517.stk`
2026029518	`generated_gifts/th/2026029518.stk`
2026029519	`generated_gifts/th/2026029519.stk`
2026029520	`generated_gifts/th/2026029520.stk`
2026029521	`generated_gifts/th/2026029521.stk`
2026029522	`generated_gifts/th/2026029522.stk`
2026029523	`generated_gifts/th/2026029523.stk`
2026029524	`generated_gifts/th/2026029524.stk`
2026029525	`generated_gifts/th/2026029525.stk`
2026029526	`generated_gifts/th/2026029526.stk`
2026029527	`generated_gifts/th/2026029527.stk`
2026029528	`generated_gifts/th/2026029528.stk`
2026029529	`generated_gifts/th/2026029529.stk`
2026029530	`generated_gifts/th/2026029530.stk`
2026029531	`generated_gifts/th/2026029531.stk`
2026029532	`generated_gifts/th/2026029532.stk`
2026029533	`generated_gifts/th/2026029533.stk`
2026029534	`generated_gifts/th/2026029534.stk`
2026029535	`generated_gifts/th/2026029535.stk`
2026029536	`generated_gifts/th/2026029536.stk`
2026029537	`generated_gifts/th/2026029537.stk`
2026029538	`generated_gifts/th/2026029538.stk`
2026029539	`generated_gifts/th/2026029539.stk`
2026029540	`generated_gifts/th/2026029540.stk`
2026029541	`generated_gifts/th/2026029541.stk`
2026029542	`generated_gifts/th/2026029542.stk`
2026029543	`generated_gifts/th/2026029543.stk`
2026029544	`generated_gifts/th/2026029544.stk`
2026029545	`generated_gifts/th/2026029545.stk`
2026029546	`generated_gifts/th/2026029546.stk`
2026029547	`generated_gifts/th/2026029547.stk`
2026029548	`generated_gifts/th/2026029548.stk`
2026029549	`generated_gifts/th/2026029549.stk`
2026029550	`generated_gifts/th/2026029550.stk`
2026029551	`generated_gifts/th/2026029551.stk`
2026029552	`generated_gifts/th/2026029552.stk`
2026029553	`generated_gifts/th/2026029553.stk`
2026029554	`generated_gifts/th/2026029554.stk`
2026029555	`generated_gifts/th/2026029555.stk`
2026029556	`generated_gifts/th/2026029556.stk`
2026029557	`generated_gifts/th/2026029557.stk`
2026029558	`generated_gifts/th/2026029558.stk`
2026029559	`generated_gifts/th/2026029559.stk`
2026029560	`generated_gifts/th/2026029560.stk`
2026029561	`generated_gifts/th/2026029561.stk`
2026029562	`generated_gifts/th/2026029562.stk`
2026029563	`generated_gifts/th/2026029563.stk`
2026029564	`generated_gifts/th/2026029564.stk`
2026029565	`generated_gifts/th/2026029565.stk`
2026029566	`generated_gifts/th/2026029566.stk`
2026029567	`generated_gifts/th/2026029567.stk`
2026029568	`generated_gifts/th/2026029568.stk`
2026029569	`generated_gifts/th/2026029569.stk`
2026029570	`generated_gifts/th/2026029570.stk`
2026029571	`generated_gifts/th/2026029571.stk`
2026029572	`generated_gifts/th/2026029572.stk`
2026029573	`generated_gifts/th/2026029573.stk`
2026029574	`generated_gifts/th/2026029574.stk`
2026029575	`generated_gifts/th/2026029575.stk`
2026029576	`generated_gifts/th/2026029576.stk`
2026029577	`generated_gifts/th/2026029577.stk`
2026029578	`generated_gifts/th/2026029578.stk`
2026029579	`generated_gifts/th/2026029579.stk`
2026029580	`generated_gifts/th/2026029580.stk`
2026029581	`generated_gifts/th/2026029581.stk`
2026029582	`generated_gifts/th/2026029582.stk`
2026029583	`generated_gifts/th/2026029583.stk`
2026029584	`generated_gifts/th/2026029584.stk`
2026029585	`generated_gifts/th/2026029585.stk`
2026029586	`generated_gifts/th/2026029586.stk`
2026029587	`generated_gifts/th/2026029587.stk`
2026029588	`generated_gifts/th/2026029588.stk`
2026029589	`generated_gifts/th/2026029589.stk`
2026029590	`generated_gifts/th/2026029590.stk`
2026029591	`generated_gifts/th/2026029591.stk`
2026029592	`generated_gifts/th/2026029592.stk`
2026029593	`generated_gifts/th/2026029593.stk`
2026029594	`generated_gifts/th/2026029594.stk`
2026029595	`generated_gifts/th/2026029595.stk`
2026029596	`generated_gifts/th/2026029596.stk`
2026029597	`generated_gifts/th/2026029597.stk`
2026029598	`generated_gifts/th/2026029598.stk`
2026029599	`generated_gifts/th/2026029599.stk`
2026029600	`generated_gifts/th/2026029600.stk`
2026029601	`generated_gifts/th/2026029601.stk`
2026029602	`generated_gifts/th/2026029602.stk`
2026029603	`generated_gifts/th/2026029603.stk`
2026029604	`generated_gifts/th/2026029604.stk`
2026029605	`generated_gifts/th/2026029605.stk`
2026029606	`generated_gifts/th/2026029606.stk`
2026029607	`generated_gifts/th/2026029607.stk`
2026029608	`generated_gifts/th/2026029608.stk`
2026029609	`generated_gifts/th/2026029609.stk`
2026029610	`generated_gifts/th/2026029610.stk`
2026029611	`generated_gifts/th/2026029611.stk`
2026029612	`generated_gifts/th/2026029612.stk`
2026029613	`generated_gifts/th/2026029613.stk`
2026029614	`generated_gifts/th/2026029614.stk`
2026029615	`generated_gifts/th/2026029615.stk`
2026029616	`generated_gifts/th/2026029616.stk`
2026029617	`generated_gifts/th/2026029617.stk`
2026029618	`generated_gifts/th/2026029618.stk`
2026029619	`generated_gifts/th/2026029619.stk`
2026029620	`generated_gifts/th/2026029620.stk`
2026029621	`generated_gifts/th/2026029621.stk`
2026029622	`generated_gifts/th/2026029622.stk`
2026029623	`generated_gifts/th/2026029623.stk`
2026029624	`generated_gifts/th/2026029624.stk`
2026029625	`generated_gifts/th/2026029625.stk`
2026029626	`generated_gifts/th/2026029626.stk`
2026029627	`generated_gifts/th/2026029627.stk`
2026029628	`generated_gifts/th/2026029628.stk`
2026029629	`generated_gifts/th/2026029629.stk`
2026029630	`generated_gifts/th/2026029630.stk`
2026029631	`generated_gifts/th/2026029631.stk`
2026029632	`generated_gifts/th/2026029632.stk`
2026029633	`generated_gifts/th/2026029633.stk`
2026029634	`generated_gifts/th/2026029634.stk`
2026029635	`generated_gifts/th/2026029635.stk`
2026029636	`generated_gifts/th/2026029636.stk`
2026029637	`generated_gifts/th/2026029637.stk`
2026029638	`generated_gifts/th/2026029638.stk`
2026029639	`generated_gifts/th/2026029639.stk`
2026029640	`generated_gifts/th/2026029640.stk`
2026029641	`generated_gifts/th/2026029641.stk`
2026029642	`generated_gifts/th/2026029642.stk`
2026029643	`generated_gifts/th/2026029643.stk`
2026029644	`generated_gifts/th/2026029644.stk`
2026029645	`generated_gifts/th/2026029645.stk`
2026029646	`generated_gifts/th/2026029646.stk`
2026029647	`generated_gifts/th/2026029647.stk`
2026029648	`generated_gifts/th/2026029648.stk`
2026029649	`generated_gifts/th/2026029649.stk`
2026029650	`generated_gifts/th/2026029650.stk`
2026029651	`generated_gifts/th/2026029651.stk`
2026029652	`generated_gifts/th/2026029652.stk`
2026029653	`generated_gifts/th/2026029653.stk`
2026029654	`generated_gifts/th/2026029654.stk`
2026029655	`generated_gifts/th/2026029655.stk`
2026029656	`generated_gifts/th/2026029656.stk`
2026029657	`generated_gifts/th/2026029657.stk`
2026029658	`generated_gifts/th/2026029658.stk`
2026029659	`generated_gifts/th/2026029659.stk`
2026029660	`generated_gifts/th/2026029660.stk`
2026029661	`generated_gifts/th/2026029661.stk`
2026029662	`generated_gifts/th/2026029662.stk`
2026029663	`generated_gifts/th/2026029663.stk`
2026029664	`generated_gifts/th/2026029664.stk`
2026029665	`generated_gifts/th/2026029665.stk`
2026029666	`generated_gifts/th/2026029666.stk`
2026029667	`generated_gifts/th/2026029667.stk`
2026029668	`generated_gifts/th/2026029668.stk`
2026029669	`generated_gifts/th/2026029669.stk`
2026029670	`generated_gifts/th/2026029670.stk`
2026029671	`generated_gifts/th/2026029671.stk`
2026029672	`generated_gifts/th/2026029672.stk`
2026029673	`generated_gifts/th/2026029673.stk`
2026029674	`generated_gifts/th/2026029674.stk`
2026029675	`generated_gifts/th/2026029675.stk`
2026029676	`generated_gifts/th/2026029676.stk`
2026029677	`generated_gifts/th/2026029677.stk`
2026029678	`generated_gifts/th/2026029678.stk`
2026029679	`generated_gifts/th/2026029679.stk`
2026029680	`generated_gifts/th/2026029680.stk`
2026029681	`generated_gifts/th/2026029681.stk`
2026029682	`generated_gifts/th/2026029682.stk`
2026029683	`generated_gifts/th/2026029683.stk`
2026029684	`generated_gifts/th/2026029684.stk`
2026029685	`generated_gifts/th/2026029685.stk`
2026029686	`generated_gifts/th/2026029686.stk`
2026029687	`generated_gifts/th/2026029687.stk`
2026029688	`generated_gifts/th/2026029688.stk`
2026029689	`generated_gifts/th/2026029689.stk`
2026029690	`generated_gifts/th/2026029690.stk`
2026029691	`generated_gifts/th/2026029691.stk`
2026029692	`generated_gifts/th/2026029692.stk`
2026029693	`generated_gifts/th/2026029693.stk`
2026029694	`generated_gifts/th/2026029694.stk`
2026029695	`generated_gifts/th/2026029695.stk`
2026029696	`generated_gifts/th/2026029696.stk`
2026029697	`generated_gifts/th/2026029697.stk`
2026029698	`generated_gifts/th/2026029698.stk`
2026029699	`generated_gifts/th/2026029699.stk`
2026029700	`generated_gifts/th/2026029700.stk`
2026029701	`generated_gifts/th/2026029701.stk`
2026029702	`generated_gifts/th/2026029702.stk`
2026029703	`generated_gifts/th/2026029703.stk`
2026029704	`generated_gifts/th/2026029704.stk`
2026029705	`generated_gifts/th/2026029705.stk`
2026029706	`generated_gifts/th/2026029706.stk`
2026029707	`generated_gifts/th/2026029707.stk`
2026029708	`generated_gifts/th/2026029708.stk`
2026029709	`generated_gifts/th/2026029709.stk`
2026029710	`generated_gifts/th/2026029710.stk`
2026029711	`generated_gifts/th/2026029711.stk`
2026029712	`generated_gifts/th/2026029712.stk`
2026029713	`generated_gifts/th/2026029713.stk`
2026029714	`generated_gifts/th/2026029714.stk`
2026029715	`generated_gifts/th/2026029715.stk`
2026029716	`generated_gifts/th/2026029716.stk`
2026029717	`generated_gifts/th/2026029717.stk`
2026029718	`generated_gifts/th/2026029718.stk`
2026029719	`generated_gifts/th/2026029719.stk`
2026029720	`generated_gifts/th/2026029720.stk`
2026029721	`generated_gifts/th/2026029721.stk`
2026029722	`generated_gifts/th/2026029722.stk`
2026029723	`generated_gifts/th/2026029723.stk`
2026029724	`generated_gifts/th/2026029724.stk`
2026029725	`generated_gifts/th/2026029725.stk`
2026029726	`generated_gifts/th/2026029726.stk`
2026029727	`generated_gifts/th/2026029727.stk`
2026029728	`generated_gifts/th/2026029728.stk`
2026029729	`generated_gifts/th/2026029729.stk`
2026029730	`generated_gifts/th/2026029730.stk`
2026029731	`generated_gifts/th/2026029731.stk`
2026029732	`generated_gifts/th/2026029732.stk`
2026029733	`generated_gifts/th/2026029733.stk`
2026029734	`generated_gifts/th/2026029734.stk`
2026029735	`generated_gifts/th/2026029735.stk`
2026029736	`generated_gifts/th/2026029736.stk`
2026029737	`generated_gifts/th/2026029737.stk`
2026029738	`generated_gifts/th/2026029738.stk`
2026029739	`generated_gifts/th/2026029739.stk`
2026029740	`generated_gifts/th/2026029740.stk`
2026029741	`generated_gifts/th/2026029741.stk`
2026029742	`generated_gifts/th/2026029742.stk`
2026029743	`generated_gifts/th/2026029743.stk`
2026029744	`generated_gifts/th/2026029744.stk`
2026029745	`generated_gifts/th/2026029745.stk`
2026029746	`generated_gifts/th/2026029746.stk`
2026029747	`generated_gifts/th/2026029747.stk`
2026029748	`generated_gifts/th/2026029748.stk`
2026029749	`generated_gifts/th/2026029749.stk`
2026029750	`generated_gifts/th/2026029750.stk`
2026029751	`generated_gifts/th/2026029751.stk`
2026029752	`generated_gifts/th/2026029752.stk`
2026029753	`generated_gifts/th/2026029753.stk`
2026029754	`generated_gifts/th/2026029754.stk`
2026029755	`generated_gifts/th/2026029755.stk`
2026029756	`generated_gifts/th/2026029756.stk`
2026029757	`generated_gifts/th/2026029757.stk`
2026029758	`generated_gifts/th/2026029758.stk`
2026029759	`generated_gifts/th/2026029759.stk`
2026029760	`generated_gifts/th/2026029760.stk`
2026029761	`generated_gifts/th/2026029761.stk`
2026029762	`generated_gifts/th/2026029762.stk`
2026029763	`generated_gifts/th/2026029763.stk`
2026029764	`generated_gifts/th/2026029764.stk`
2026029765	`generated_gifts/th/2026029765.stk`
2026029766	`generated_gifts/th/2026029766.stk`
2026029767	`generated_gifts/th/2026029767.stk`
2026029768	`generated_gifts/th/2026029768.stk`
2026029769	`generated_gifts/th/2026029769.stk`
2026029770	`generated_gifts/th/2026029770.stk`
2026029771	`generated_gifts/th/2026029771.stk`
2026029772	`generated_gifts/th/2026029772.stk`
2026029773	`generated_gifts/th/2026029773.stk`
2026029774	`generated_gifts/th/2026029774.stk`
2026029775	`generated_gifts/th/2026029775.stk`
2026029776	`generated_gifts/th/2026029776.stk`
2026029777	`generated_gifts/th/2026029777.stk`
2026029778	`generated_gifts/th/2026029778.stk`
2026029779	`generated_gifts/th/2026029779.stk`
2026029780	`generated_gifts/th/2026029780.stk`
2026029781	`generated_gifts/th/2026029781.stk`
2026029782	`generated_gifts/th/2026029782.stk`
2026029783	`generated_gifts/th/2026029783.stk`
2026029784	`generated_gifts/th/2026029784.stk`
2026029785	`generated_gifts/th/2026029785.stk`
2026029786	`generated_gifts/th/2026029786.stk`
2026029787	`generated_gifts/th/2026029787.stk`
2026029788	`generated_gifts/th/2026029788.stk`
2026029789	`generated_gifts/th/2026029789.stk`
2026029790	`generated_gifts/th/2026029790.stk`
2026029791	`generated_gifts/th/2026029791.stk`
2026029792	`generated_gifts/th/2026029792.stk`
2026029793	`generated_gifts/th/2026029793.stk`
2026029794	`generated_gifts/th/2026029794.stk`
2026029795	`generated_gifts/th/2026029795.stk`
2026029796	`generated_gifts/th/2026029796.stk`
2026029797	`generated_gifts/th/2026029797.stk`
2026029798	`generated_gifts/th/2026029798.stk`
2026029799	`generated_gifts/th/2026029799.stk`
2026029800	`generated_gifts/th/2026029800.stk`
2026029801	`generated_gifts/th/2026029801.stk`
2026029802	`generated_gifts/th/2026029802.stk`
2026029803	`generated_gifts/th/2026029803.stk`
2026029804	`generated_gifts/th/2026029804.stk`
2026029805	`generated_gifts/th/2026029805.stk`
2026029806	`generated_gifts/th/2026029806.stk`
2026029807	`generated_gifts/th/2026029807.stk`
2026029808	`generated_gifts/th/2026029808.stk`
2026029809	`generated_gifts/th/2026029809.stk`
2026029810	`generated_gifts/th/2026029810.stk`
2026029811	`generated_gifts/th/2026029811.stk`
2026029812	`generated_gifts/th/2026029812.stk`
2026029813	`generated_gifts/th/2026029813.stk`
2026029814	`generated_gifts/th/2026029814.stk`
2026029815	`generated_gifts/th/2026029815.stk`
2026029816	`generated_gifts/th/2026029816.stk`
2026029817	`generated_gifts/th/2026029817.stk`
2026029818	`generated_gifts/th/2026029818.stk`
2026029819	`generated_gifts/th/2026029819.stk`
2026029820	`generated_gifts/th/2026029820.stk`
2026029821	`generated_gifts/th/2026029821.stk`
2026029822	`generated_gifts/th/2026029822.stk`
2026029823	`generated_gifts/th/2026029823.stk`
2026029824	`generated_gifts/th/2026029824.stk`
2026029825	`generated_gifts/th/2026029825.stk`
2026029826	`generated_gifts/th/2026029826.stk`
2026029827	`generated_gifts/th/2026029827.stk`
2026029828	`generated_gifts/th/2026029828.stk`
2026029829	`generated_gifts/th/2026029829.stk`
2026029830	`generated_gifts/th/2026029830.stk`
2026029831	`generated_gifts/th/2026029831.stk`
2026029832	`generated_gifts/th/2026029832.stk`
2026029833	`generated_gifts/th/2026029833.stk`
2026029834	`generated_gifts/th/2026029834.stk`
2026029835	`generated_gifts/th/2026029835.stk`
2026029836	`generated_gifts/th/2026029836.stk`
2026029837	`generated_gifts/th/2026029837.stk`
2026029838	`generated_gifts/th/2026029838.stk`
2026029839	`generated_gifts/th/2026029839.stk`
2026029840	`generated_gifts/th/2026029840.stk`
2026029841	`generated_gifts/th/2026029841.stk`
2026029842	`generated_gifts/th/2026029842.stk`
2026029843	`generated_gifts/th/2026029843.stk`
2026029844	`generated_gifts/th/2026029844.stk`
2026029845	`generated_gifts/th/2026029845.stk`
2026029846	`generated_gifts/th/2026029846.stk`
2026029847	`generated_gifts/th/2026029847.stk`
2026029848	`generated_gifts/th/2026029848.stk`
2026029849	`generated_gifts/th/2026029849.stk`
2026029850	`generated_gifts/th/2026029850.stk`
2026029851	`generated_gifts/th/2026029851.stk`
2026029852	`generated_gifts/th/2026029852.stk`
2026029853	`generated_gifts/th/2026029853.stk`
2026029854	`generated_gifts/th/2026029854.stk`
2026029855	`generated_gifts/th/2026029855.stk`
2026029856	`generated_gifts/th/2026029856.stk`
2026029857	`generated_gifts/th/2026029857.stk`
2026029858	`generated_gifts/th/2026029858.stk`
2026029859	`generated_gifts/th/2026029859.stk`
2026029860	`generated_gifts/th/2026029860.stk`
2026029861	`generated_gifts/th/2026029861.stk`
2026029862	`generated_gifts/th/2026029862.stk`
2026029863	`generated_gifts/th/2026029863.stk`
2026029864	`generated_gifts/th/2026029864.stk`
2026029865	`generated_gifts/th/2026029865.stk`
2026029866	`generated_gifts/th/2026029866.stk`
2026029867	`generated_gifts/th/2026029867.stk`
2026029868	`generated_gifts/th/2026029868.stk`
2026029869	`generated_gifts/th/2026029869.stk`
2026029870	`generated_gifts/th/2026029870.stk`
2026029871	`generated_gifts/th/2026029871.stk`
2026029872	`generated_gifts/th/2026029872.stk`
2026029873	`generated_gifts/th/2026029873.stk`
2026029874	`generated_gifts/th/2026029874.stk`
2026029875	`generated_gifts/th/2026029875.stk`
2026029876	`generated_gifts/th/2026029876.stk`
2026029877	`generated_gifts/th/2026029877.stk`
2026029878	`generated_gifts/th/2026029878.stk`
2026029879	`generated_gifts/th/2026029879.stk`
2026029880	`generated_gifts/th/2026029880.stk`
2026029881	`generated_gifts/th/2026029881.stk`
2026029882	`generated_gifts/th/2026029882.stk`
2026029883	`generated_gifts/th/2026029883.stk`
2026029884	`generated_gifts/th/2026029884.stk`
2026029885	`generated_gifts/th/2026029885.stk`
2026029886	`generated_gifts/th/2026029886.stk`
2026029887	`generated_gifts/th/2026029887.stk`
2026029888	`generated_gifts/th/2026029888.stk`
2026029889	`generated_gifts/th/2026029889.stk`
2026029890	`generated_gifts/th/2026029890.stk`
2026029891	`generated_gifts/th/2026029891.stk`
2026029892	`generated_gifts/th/2026029892.stk`
2026029893	`generated_gifts/th/2026029893.stk`
2026029894	`generated_gifts/th/2026029894.stk`
2026029895	`generated_gifts/th/2026029895.stk`
2026029896	`generated_gifts/th/2026029896.stk`
2026029897	`generated_gifts/th/2026029897.stk`
2026029898	`generated_gifts/th/2026029898.stk`
2026029899	`generated_gifts/th/2026029899.stk`
2026029900	`generated_gifts/th/2026029900.stk`
2026029901	`generated_gifts/th/2026029901.stk`
2026029902	`generated_gifts/th/2026029902.stk`
2026029903	`generated_gifts/th/2026029903.stk`
2026029904	`generated_gifts/th/2026029904.stk`
2026029905	`generated_gifts/th/2026029905.stk`
2026029906	`generated_gifts/th/2026029906.stk`
2026029907	`generated_gifts/th/2026029907.stk`
2026029908	`generated_gifts/th/2026029908.stk`
2026029909	`generated_gifts/th/2026029909.stk`
2026029910	`generated_gifts/th/2026029910.stk`
2026029911	`generated_gifts/th/2026029911.stk`
2026029912	`generated_gifts/th/2026029912.stk`
2026029913	`generated_gifts/th/2026029913.stk`
2026029914	`generated_gifts/th/2026029914.stk`
2026029915	`generated_gifts/th/2026029915.stk`
2026029916	`generated_gifts/th/2026029916.stk`
2026029917	`generated_gifts/th/2026029917.stk`
2026029918	`generated_gifts/th/2026029918.stk`
2026029919	`generated_gifts/th/2026029919.stk`
2026029920	`generated_gifts/th/2026029920.stk`
2026029921	`generated_gifts/th/2026029921.stk`
2026029922	`generated_gifts/th/2026029922.stk`
2026029923	`generated_gifts/th/2026029923.stk`
2026029924	`generated_gifts/th/2026029924.stk`
2026029925	`generated_gifts/th/2026029925.stk`
2026029926	`generated_gifts/th/2026029926.stk`
2026029927	`generated_gifts/th/2026029927.stk`
2026029928	`generated_gifts/th/2026029928.stk`
2026029929	`generated_gifts/th/2026029929.stk`
2026029930	`generated_gifts/th/2026029930.stk`
2026029931	`generated_gifts/th/2026029931.stk`
2026029932	`generated_gifts/th/2026029932.stk`
2026029933	`generated_gifts/th/2026029933.stk`
2026029934	`generated_gifts/th/2026029934.stk`
2026029935	`generated_gifts/th/2026029935.stk`
2026029936	`generated_gifts/th/2026029936.stk`
2026029937	`generated_gifts/th/2026029937.stk`
2026029938	`generated_gifts/th/2026029938.stk`
2026029939	`generated_gifts/th/2026029939.stk`
2026029940	`generated_gifts/th/2026029940.stk`
2026029941	`generated_gifts/th/2026029941.stk`
2026029942	`generated_gifts/th/2026029942.stk`
2026029943	`generated_gifts/th/2026029943.stk`
2026029944	`generated_gifts/th/2026029944.stk`
2026029945	`generated_gifts/th/2026029945.stk`
2026029946	`generated_gifts/th/2026029946.stk`
2026029947	`generated_gifts/th/2026029947.stk`
2026029948	`generated_gifts/th/2026029948.stk`
2026029949	`generated_gifts/th/2026029949.stk`
2026029950	`generated_gifts/th/2026029950.stk`
2026029951	`generated_gifts/th/2026029951.stk`
2026029952	`generated_gifts/th/2026029952.stk`
2026029953	`generated_gifts/th/2026029953.stk`
2026029954	`generated_gifts/th/2026029954.stk`
2026029955	`generated_gifts/th/2026029955.stk`
2026029956	`generated_gifts/th/2026029956.stk`
2026029957	`generated_gifts/th/2026029957.stk`
2026029958	`generated_gifts/th/2026029958.stk`
2026029959	`generated_gifts/th/2026029959.stk`
2026029960	`generated_gifts/th/2026029960.stk`
2026029961	`generated_gifts/th/2026029961.stk`
2026029962	`generated_gifts/th/2026029962.stk`
2026029963	`generated_gifts/th/2026029963.stk`
2026029964	`generated_gifts/th/2026029964.stk`
2026029965	`generated_gifts/th/2026029965.stk`
2026029966	`generated_gifts/th/2026029966.stk`
2026029967	`generated_gifts/th/2026029967.stk`
2026029968	`generated_gifts/th/2026029968.stk`
2026029969	`generated_gifts/th/2026029969.stk`
2026029970	`generated_gifts/th/2026029970.stk`
2026029971	`generated_gifts/th/2026029971.stk`
2026029972	`generated_gifts/th/2026029972.stk`
2026029973	`generated_gifts/th/2026029973.stk`
2026029974	`generated_gifts/th/2026029974.stk`
2026029975	`generated_gifts/th/2026029975.stk`
2026029976	`generated_gifts/th/2026029976.stk`
2026029977	`generated_gifts/th/2026029977.stk`
2026029978	`generated_gifts/th/2026029978.stk`
2026029979	`generated_gifts/th/2026029979.stk`
2026029980	`generated_gifts/th/2026029980.stk`
2026029981	`generated_gifts/th/2026029981.stk`
2026029982	`generated_gifts/th/2026029982.stk`
2026029983	`generated_gifts/th/2026029983.stk`
2026029984	`generated_gifts/th/2026029984.stk`
2026029985	`generated_gifts/th/2026029985.stk`
2026029986	`generated_gifts/th/2026029986.stk`
2026029987	`generated_gifts/th/2026029987.stk`
2026029988	`generated_gifts/th/2026029988.stk`
2026029989	`generated_gifts/th/2026029989.stk`
2026029990	`generated_gifts/th/2026029990.stk`
2026029991	`generated_gifts/th/2026029991.stk`
2026029992	`generated_gifts/th/2026029992.stk`
2026029993	`generated_gifts/th/2026029993.stk`
2026029994	`generated_gifts/th/2026029994.stk`
2026029995	`generated_gifts/th/2026029995.stk`
2026029996	`generated_gifts/th/2026029996.stk`
2026029997	`generated_gifts/th/2026029997.stk`
2026029998	`generated_gifts/th/2026029998.stk`
2026029999	`generated_gifts/th/2026029999.stk`
2026030000	`generated_gifts/th/2026030000.stk`
2026030001	`generated_gifts/th/2026030001.stk`
2026030002	`generated_gifts/th/2026030002.stk`
2026030003	`generated_gifts/th/2026030003.stk`
2026030004	`generated_gifts/th/2026030004.stk`
2026030005	`generated_gifts/th/2026030005.stk`
2026030006	`generated_gifts/th/2026030006.stk`
2026030007	`generated_gifts/th/2026030007.stk`
2026030008	`generated_gifts/th/2026030008.stk`
2026030009	`generated_gifts/th/2026030009.stk`
2026030010	`generated_gifts/th/2026030010.stk`
2026030011	`generated_gifts/th/2026030011.stk`
2026030012	`generated_gifts/th/2026030012.stk`
2026030013	`generated_gifts/th/2026030013.stk`
2026030014	`generated_gifts/th/2026030014.stk`
2026030015	`generated_gifts/th/2026030015.stk`
2026030016	`generated_gifts/th/2026030016.stk`
2026030017	`generated_gifts/th/2026030017.stk`
2026030018	`generated_gifts/th/2026030018.stk`
2026030019	`generated_gifts/th/2026030019.stk`
2026030020	`generated_gifts/th/2026030020.stk`
2026030021	`generated_gifts/th/2026030021.stk`
2026030022	`generated_gifts/th/2026030022.stk`
2026030023	`generated_gifts/th/2026030023.stk`
2026030024	`generated_gifts/th/2026030024.stk`
2026030025	`generated_gifts/th/2026030025.stk`
2026030026	`generated_gifts/th/2026030026.stk`
2026030027	`generated_gifts/th/2026030027.stk`
2026030028	`generated_gifts/th/2026030028.stk`
2026030029	`generated_gifts/th/2026030029.stk`
2026030030	`generated_gifts/th/2026030030.stk`
2026030031	`generated_gifts/th/2026030031.stk`
2026030032	`generated_gifts/th/2026030032.stk`
2026030033	`generated_gifts/th/2026030033.stk`
2026030034	`generated_gifts/th/2026030034.stk`
2026030035	`generated_gifts/th/2026030035.stk`
2026030036	`generated_gifts/th/2026030036.stk`
2026030037	`generated_gifts/th/2026030037.stk`
2026030038	`generated_gifts/th/2026030038.stk`
2026030039	`generated_gifts/th/2026030039.stk`
2026030040	`generated_gifts/th/2026030040.stk`
2026030041	`generated_gifts/th/2026030041.stk`
2026030042	`generated_gifts/th/2026030042.stk`
2026030043	`generated_gifts/th/2026030043.stk`
2026030044	`generated_gifts/th/2026030044.stk`
2026030045	`generated_gifts/th/2026030045.stk`
2026030046	`generated_gifts/th/2026030046.stk`
2026030047	`generated_gifts/th/2026030047.stk`
2026030048	`generated_gifts/th/2026030048.stk`
2026030049	`generated_gifts/th/2026030049.stk`
2026030050	`generated_gifts/th/2026030050.stk`
2026030051	`generated_gifts/th/2026030051.stk`
2026030052	`generated_gifts/th/2026030052.stk`
2026030053	`generated_gifts/th/2026030053.stk`
2026030054	`generated_gifts/th/2026030054.stk`
2026030055	`generated_gifts/th/2026030055.stk`
2026030056	`generated_gifts/th/2026030056.stk`
2026030057	`generated_gifts/th/2026030057.stk`
2026030058	`generated_gifts/th/2026030058.stk`
2026030059	`generated_gifts/th/2026030059.stk`
2026030060	`generated_gifts/th/2026030060.stk`
2026030061	`generated_gifts/th/2026030061.stk`
2026030062	`generated_gifts/th/2026030062.stk`
2026030063	`generated_gifts/th/2026030063.stk`
2026030064	`generated_gifts/th/2026030064.stk`
2026030065	`generated_gifts/th/2026030065.stk`
2026030066	`generated_gifts/th/2026030066.stk`
2026030067	`generated_gifts/th/2026030067.stk`
2026030068	`generated_gifts/th/2026030068.stk`
2026030069	`generated_gifts/th/2026030069.stk`
2026030070	`generated_gifts/th/2026030070.stk`
2026030071	`generated_gifts/th/2026030071.stk`
2026030072	`generated_gifts/th/2026030072.stk`
2026030073	`generated_gifts/th/2026030073.stk`
2026030074	`generated_gifts/th/2026030074.stk`
2026030075	`generated_gifts/th/2026030075.stk`
2026030076	`generated_gifts/th/2026030076.stk`
2026030077	`generated_gifts/th/2026030077.stk`
2026030078	`generated_gifts/th/2026030078.stk`
2026030079	`generated_gifts/th/2026030079.stk`
2026030080	`generated_gifts/th/2026030080.stk`
2026030081	`generated_gifts/th/2026030081.stk`
2026030082	`generated_gifts/th/2026030082.stk`
2026030083	`generated_gifts/th/2026030083.stk`
2026030084	`generated_gifts/th/2026030084.stk`
2026030085	`generated_gifts/th/2026030085.stk`
2026030086	`generated_gifts/th/2026030086.stk`
2026030087	`generated_gifts/th/2026030087.stk`
2026030088	`generated_gifts/th/2026030088.stk`
2026030089	`generated_gifts/th/2026030089.stk`
2026030090	`generated_gifts/th/2026030090.stk`
2026030091	`generated_gifts/th/2026030091.stk`
2026030092	`generated_gifts/th/2026030092.stk`
2026030093	`generated_gifts/th/2026030093.stk`
2026030094	`generated_gifts/th/2026030094.stk`
2026030095	`generated_gifts/th/2026030095.stk`
2026030096	`generated_gifts/th/2026030096.stk`
2026030097	`generated_gifts/th/2026030097.stk`
2026030098	`generated_gifts/th/2026030098.stk`
2026030099	`generated_gifts/th/2026030099.stk`
2026030100	`generated_gifts/th/2026030100.stk`
2026030101	`generated_gifts/th/2026030101.stk`
2026030102	`generated_gifts/th/2026030102.stk`
2026030103	`generated_gifts/th/2026030103.stk`
2026030104	`generated_gifts/th/2026030104.stk`
2026030105	`generated_gifts/th/2026030105.stk`
2026030106	`generated_gifts/th/2026030106.stk`
2026030107	`generated_gifts/th/2026030107.stk`
2026030108	`generated_gifts/th/2026030108.stk`
2026030109	`generated_gifts/th/2026030109.stk`
2026030110	`generated_gifts/th/2026030110.stk`
2026030111	`generated_gifts/th/2026030111.stk`
2026030112	`generated_gifts/th/2026030112.stk`
2026030113	`generated_gifts/th/2026030113.stk`
2026030114	`generated_gifts/th/2026030114.stk`
2026030115	`generated_gifts/th/2026030115.stk`
2026030116	`generated_gifts/th/2026030116.stk`
2026030117	`generated_gifts/th/2026030117.stk`
2026030118	`generated_gifts/th/2026030118.stk`
2026030119	`generated_gifts/th/2026030119.stk`
2026030120	`generated_gifts/th/2026030120.stk`
2026030121	`generated_gifts/th/2026030121.stk`
2026030122	`generated_gifts/th/2026030122.stk`
2026030123	`generated_gifts/th/2026030123.stk`
2026030124	`generated_gifts/th/2026030124.stk`
2026030125	`generated_gifts/th/2026030125.stk`
2026030126	`generated_gifts/th/2026030126.stk`
2026030127	`generated_gifts/th/2026030127.stk`
2026030128	`generated_gifts/th/2026030128.stk`
2026030129	`generated_gifts/th/2026030129.stk`
2026030130	`generated_gifts/th/2026030130.stk`
2026030131	`generated_gifts/th/2026030131.stk`
2026030132	`generated_gifts/th/2026030132.stk`
2026030133	`generated_gifts/th/2026030133.stk`
2026030134	`generated_gifts/th/2026030134.stk`
2026030135	`generated_gifts/th/2026030135.stk`
2026030136	`generated_gifts/th/2026030136.stk`
2026030137	`generated_gifts/th/2026030137.stk`
2026030138	`generated_gifts/th/2026030138.stk`
2026030139	`generated_gifts/th/2026030139.stk`
2026030140	`generated_gifts/th/2026030140.stk`
2026030141	`generated_gifts/th/2026030141.stk`
2026030142	`generated_gifts/th/2026030142.stk`
2026030143	`generated_gifts/th/2026030143.stk`
2026030144	`generated_gifts/th/2026030144.stk`
2026030145	`generated_gifts/th/2026030145.stk`
2026030146	`generated_gifts/th/2026030146.stk`
2026030147	`generated_gifts/th/2026030147.stk`
2026030148	`generated_gifts/th/2026030148.stk`
2026030149	`generated_gifts/th/2026030149.stk`
2026030150	`generated_gifts/th/2026030150.stk`
2026030151	`generated_gifts/th/2026030151.stk`
2026030152	`generated_gifts/th/2026030152.stk`
2026030153	`generated_gifts/th/2026030153.stk`
2026030154	`generated_gifts/th/2026030154.stk`
2026030155	`generated_gifts/th/2026030155.stk`
2026030156	`generated_gifts/th/2026030156.stk`
2026030157	`generated_gifts/th/2026030157.stk`
2026030158	`generated_gifts/th/2026030158.stk`
2026030159	`generated_gifts/th/2026030159.stk`
2026030160	`generated_gifts/th/2026030160.stk`
2026030161	`generated_gifts/th/2026030161.stk`
2026030162	`generated_gifts/th/2026030162.stk`
2026030163	`generated_gifts/th/2026030163.stk`
2026030164	`generated_gifts/th/2026030164.stk`
2026030165	`generated_gifts/th/2026030165.stk`
2026030166	`generated_gifts/th/2026030166.stk`
2026030167	`generated_gifts/th/2026030167.stk`
2026030168	`generated_gifts/th/2026030168.stk`
2026030169	`generated_gifts/th/2026030169.stk`
2026030170	`generated_gifts/th/2026030170.stk`
2026030171	`generated_gifts/th/2026030171.stk`
2026030172	`generated_gifts/th/2026030172.stk`
2026030173	`generated_gifts/th/2026030173.stk`
2026030174	`generated_gifts/th/2026030174.stk`
2026030175	`generated_gifts/th/2026030175.stk`
2026030176	`generated_gifts/th/2026030176.stk`
2026030177	`generated_gifts/th/2026030177.stk`
2026030178	`generated_gifts/th/2026030178.stk`
2026030179	`generated_gifts/th/2026030179.stk`
2026030180	`generated_gifts/th/2026030180.stk`
2026030181	`generated_gifts/th/2026030181.stk`
2026030182	`generated_gifts/th/2026030182.stk`
2026030183	`generated_gifts/th/2026030183.stk`
2026030184	`generated_gifts/th/2026030184.stk`
2026030185	`generated_gifts/th/2026030185.stk`
2026030186	`generated_gifts/th/2026030186.stk`
2026030187	`generated_gifts/th/2026030187.stk`
2026030188	`generated_gifts/th/2026030188.stk`
2026030189	`generated_gifts/th/2026030189.stk`
2026030190	`generated_gifts/th/2026030190.stk`
2026030191	`generated_gifts/th/2026030191.stk`
2026030192	`generated_gifts/th/2026030192.stk`
2026030193	`generated_gifts/th/2026030193.stk`
2026030194	`generated_gifts/th/2026030194.stk`
2026030195	`generated_gifts/th/2026030195.stk`
2026030196	`generated_gifts/th/2026030196.stk`
2026030197	`generated_gifts/th/2026030197.stk`
2026030198	`generated_gifts/th/2026030198.stk`
2026030199	`generated_gifts/th/2026030199.stk`
2026030200	`generated_gifts/th/2026030200.stk`
2026030201	`generated_gifts/th/2026030201.stk`
2026030202	`generated_gifts/th/2026030202.stk`
2026030203	`generated_gifts/th/2026030203.stk`
2026030204	`generated_gifts/th/2026030204.stk`
2026030205	`generated_gifts/th/2026030205.stk`
2026030206	`generated_gifts/th/2026030206.stk`
2026030207	`generated_gifts/th/2026030207.stk`
2026030208	`generated_gifts/th/2026030208.stk`
2026030209	`generated_gifts/th/2026030209.stk`
2026030210	`generated_gifts/th/2026030210.stk`
2026030211	`generated_gifts/th/2026030211.stk`
2026030212	`generated_gifts/th/2026030212.stk`
2026030213	`generated_gifts/th/2026030213.stk`
2026030214	`generated_gifts/th/2026030214.stk`
2026030215	`generated_gifts/th/2026030215.stk`
2026030216	`generated_gifts/th/2026030216.stk`
2026030217	`generated_gifts/th/2026030217.stk`
2026030218	`generated_gifts/th/2026030218.stk`
2026030219	`generated_gifts/th/2026030219.stk`
2026030220	`generated_gifts/th/2026030220.stk`
2026030221	`generated_gifts/th/2026030221.stk`
2026030222	`generated_gifts/th/2026030222.stk`
2026030223	`generated_gifts/th/2026030223.stk`
2026030224	`generated_gifts/th/2026030224.stk`
2026030225	`generated_gifts/th/2026030225.stk`
2026030226	`generated_gifts/th/2026030226.stk`
2026030227	`generated_gifts/th/2026030227.stk`
2026030228	`generated_gifts/th/2026030228.stk`
